{"image": "b20e7b62-2f03-11ee-9561-d8bbc1768911.jpg", "bboxes": [0.2874901297236324, 0.13424703891708967, 0.8154089114495205, 0.7941455160744502], "class": 1}