{"image": "b20e7b62-2f03-11ee-9561-d8bbc1768911.jpg", "bboxes": [0.06082346305696573, 0.22585448392554985, 0.5887422447828539, 0.8857529610829104], "class": 1}