{"image": "b20e7b62-2f03-11ee-9561-d8bbc1768911.jpg", "bboxes": [0.5357021996615905, 0.20807670614777207, 1.0, 0.8679751833051326], "class": 1}