{"image": "b20e7b62-2f03-11ee-9561-d8bbc1768911.jpg", "bboxes": [0.06971235194585457, 0.09424703891708967, 0.5976311336717428, 0.7541455160744501], "class": 1}