{"image": "b20e7b62-2f03-11ee-9561-d8bbc1768911.jpg", "bboxes": [0.0, 0.09202481669486745, 0.48652002256063165, 0.7519232938522279], "class": 1}