{"image": "b20e7b62-2f03-11ee-9561-d8bbc1768911.jpg", "bboxes": [0.48903553299492386, 0.10313592780597856, 1.0, 0.7630344049633391], "class": 1}