{"image": "b20e7b62-2f03-11ee-9561-d8bbc1768911.jpg", "bboxes": [0.154156796390299, 0.22585448392554985, 0.6820755781161872, 0.8857529610829104], "class": 1}