{"image": "b20e7b62-2f03-11ee-9561-d8bbc1768911.jpg", "bboxes": [0.26526790750141016, 0.25252115059221647, 0.7931866892272983, 0.912419627749577], "class": 1}