{"image": "b20e7b62-2f03-11ee-9561-d8bbc1768911.jpg", "bboxes": [0.10526790750141013, 0.09869148336153412, 0.6331866892272984, 0.7585899605188946], "class": 1}