{"image": "b20e7b62-2f03-11ee-9561-d8bbc1768911.jpg", "bboxes": [0.22526790750141013, 0.19918781725888313, 0.7531866892272984, 0.8590862944162436], "class": 1}