{"image": "b20e7b62-2f03-11ee-9561-d8bbc1768911.jpg", "bboxes": [0.4868133107727016, 0.23918781725888316, 1.0, 0.8990862944162437], "class": 1}