{"image": "b20e7b62-2f03-11ee-9561-d8bbc1768911.jpg", "bboxes": [0.24459108855047942, 0.14980259447264524, 0.7725098702763676, 0.8097010716300057], "class": 1}