{"image": "b20e7b62-2f03-11ee-9561-d8bbc1768911.jpg", "bboxes": [0.41792442188381274, 0.23918781725888316, 0.945843203609701, 0.8990862944162437], "class": 1}