{"image": "b20e7b62-2f03-11ee-9561-d8bbc1768911.jpg", "bboxes": [0.19570219966159053, 0.2280767061477721, 0.7236209813874788, 0.8879751833051326], "class": 1}