{"image": "b20e7b62-2f03-11ee-9561-d8bbc1768911.jpg", "bboxes": [0.28971235194585465, 0.087580372250423, 0.8176311336717428, 0.7474788494077835], "class": 1}