{"image": "b20e7b62-2f03-11ee-9561-d8bbc1768911.jpg", "bboxes": [0.5268133107727017, 0.127580372250423, 1.0, 0.7874788494077835], "class": 1}