{"image": "b20e7b62-2f03-11ee-9561-d8bbc1768911.jpg", "bboxes": [0.13637901861252122, 0.14980259447264524, 0.6642978003384095, 0.8097010716300057], "class": 1}