{"image": "b20e7b62-2f03-11ee-9561-d8bbc1768911.jpg", "bboxes": [0.5179244218838127, 0.20585448392554984, 1.0, 0.8657529610829103], "class": 1}