{"image": "b20e7b62-2f03-11ee-9561-d8bbc1768911.jpg", "bboxes": [0.1534799774393683, 0.13424703891708967, 0.6813987591652565, 0.7941455160744502], "class": 1}