{"image": "b20e7b62-2f03-11ee-9561-d8bbc1768911.jpg", "bboxes": [0.2512577552171461, 0.2414100394811054, 0.7791765369430342, 0.9013085166384659], "class": 1}