{"image": "b20e7b62-2f03-11ee-9561-d8bbc1768911.jpg", "bboxes": [0.14971235194585464, 0.08313592780597856, 0.6776311336717429, 0.7430344049633391], "class": 1}