{"image": "b20e7b62-2f03-11ee-9561-d8bbc1768911.jpg", "bboxes": [0.1919345741680768, 0.14091370558375635, 0.719853355893965, 0.8008121827411169], "class": 1}