{"image": "b20e7b62-2f03-11ee-9561-d8bbc1768911.jpg", "bboxes": [0.360146644106035, 0.1453581500282008, 0.8880654258319232, 0.8052566271855612], "class": 1}