{"image": "b20e7b62-2f03-11ee-9561-d8bbc1768911.jpg", "bboxes": [0.4357021996615905, 0.12980259447264522, 0.9636209813874788, 0.7897010716300057], "class": 1}