{"image": "b20e7b62-2f03-11ee-9561-d8bbc1768911.jpg", "bboxes": [0.0, 0.127580372250423, 0.47985335589396505, 0.7874788494077835], "class": 1}