{"image": "b20e7b62-2f03-11ee-9561-d8bbc1768911.jpg", "bboxes": [0.31347997743936834, 0.0964692611393119, 0.8413987591652565, 0.7563677382966724], "class": 1}