{"image": "b20e7b62-2f03-11ee-9561-d8bbc1768911.jpg", "bboxes": [0.5312577552171461, 0.11424703891708968, 1.0, 0.7741455160744501], "class": 1}