{"image": "b20e7b62-2f03-11ee-9561-d8bbc1768911.jpg", "bboxes": [0.09860124083474353, 0.1453581500282008, 0.6265200225606317, 0.8052566271855612], "class": 1}