{"image": "b20e7b62-2f03-11ee-9561-d8bbc1768911.jpg", "bboxes": [0.31792442188381276, 0.23696559503666093, 0.845843203609701, 0.8968640721940214], "class": 1}