{"image": "b20e7b62-2f03-11ee-9561-d8bbc1768911.jpg", "bboxes": [0.38236886632825723, 0.08535815002820078, 0.9102876480541454, 0.7452566271855613], "class": 1}