{"image": "b20e7b62-2f03-11ee-9561-d8bbc1768911.jpg", "bboxes": [0.3712577552171461, 0.10980259447264523, 0.8991765369430342, 0.7697010716300057], "class": 1}