{"image": "b20e7b62-2f03-11ee-9561-d8bbc1768911.jpg", "bboxes": [0.27860124083474347, 0.22363226170332762, 0.8065200225606317, 0.8835307388606881], "class": 1}