{"image": "b20e7b62-2f03-11ee-9561-d8bbc1768911.jpg", "bboxes": [0.10749012972363237, 0.09424703891708967, 0.6354089114495205, 0.7541455160744501], "class": 1}