{"image": "b20e7b62-2f03-11ee-9561-d8bbc1768911.jpg", "bboxes": [0.24526790750141014, 0.23918781725888316, 0.7731866892272984, 0.8990862944162437], "class": 1}