{"image": "b20e7b62-2f03-11ee-9561-d8bbc1768911.jpg", "bboxes": [0.21415679639029905, 0.1969655950366609, 0.7420755781161872, 0.8568640721940215], "class": 1}