{"image": "b20e7b62-2f03-11ee-9561-d8bbc1768911.jpg", "bboxes": [0.3712577552171461, 0.20807670614777207, 0.8991765369430342, 0.8679751833051326], "class": 1}