{"image": "b20e7b62-2f03-11ee-9561-d8bbc1768911.jpg", "bboxes": [0.12681331077270164, 0.13202481669486746, 0.6547320924985899, 0.7919232938522279], "class": 1}