{"image": "b20e7b62-2f03-11ee-9561-d8bbc1768911.jpg", "bboxes": [0.1408234630569657, 0.14091370558375635, 0.6687422447828539, 0.8008121827411169], "class": 1}