{"image": "b20e7b62-2f03-11ee-9561-d8bbc1768911.jpg", "bboxes": [0.3757021996615905, 0.147580372250423, 0.9036209813874787, 0.8074788494077835], "class": 1}