{"image": "b20e7b62-2f03-11ee-9561-d8bbc1768911.jpg", "bboxes": [0.260146644106035, 0.1386914833615341, 0.7880654258319232, 0.7985899605188946], "class": 1}