{"image": "b20e7b62-2f03-11ee-9561-d8bbc1768911.jpg", "bboxes": [0.40903553299492384, 0.1164692611393119, 0.936954314720812, 0.7763677382966724], "class": 1}