{"image": "b20e7b62-2f03-11ee-9561-d8bbc1768911.jpg", "bboxes": [0.38236886632825723, 0.19252115059221653, 0.9102876480541454, 0.852419627749577], "class": 1}