{"image": "b20e7b62-2f03-11ee-9561-d8bbc1768911.jpg", "bboxes": [0.3186012408347435, 0.24585448392554987, 0.8465200225606317, 0.9057529610829104], "class": 1}