{"image": "b20e7b62-2f03-11ee-9561-d8bbc1768911.jpg", "bboxes": [0.19637901861252127, 0.25252115059221647, 0.7242978003384095, 0.912419627749577], "class": 1}