{"image": "b20e7b62-2f03-11ee-9561-d8bbc1768911.jpg", "bboxes": [0.3890355329949239, 0.23252115059221645, 0.916954314720812, 0.892419627749577], "class": 1}