{"image": "b25eda41-2f03-11ee-8a2e-d8bbc1768911.jpg", "bboxes": [0.48278623801466436, 0.11301748448956574, 0.9847602932882121, 0.7808121827411169], "class": 1}