{"image": "b25eda41-2f03-11ee-8a2e-d8bbc1768911.jpg", "bboxes": [0.4338973491257755, 0.20141003948110536, 0.9358714043993233, 0.8692047377326565], "class": 1}