{"image": "b25eda41-2f03-11ee-8a2e-d8bbc1768911.jpg", "bboxes": [0.03523970671178778, 0.09523970671178796, 0.5372137619853357, 0.7630344049633391], "class": 1}