{"image": "b25eda41-2f03-11ee-8a2e-d8bbc1768911.jpg", "bboxes": [0.41968415115623225, 0.25029892836999423, 0.92165820642978, 0.9180936266215454], "class": 1}