{"image": "b25eda41-2f03-11ee-8a2e-d8bbc1768911.jpg", "bboxes": [0.2738973491257755, 0.0996841511562324, 0.7758714043993233, 0.7674788494077835], "class": 1}