{"image": "b25eda41-2f03-11ee-8a2e-d8bbc1768911.jpg", "bboxes": [0.4027862380146644, 0.21918781725888314, 0.9047602932882122, 0.8869825155104343], "class": 1}