{"image": "b25eda41-2f03-11ee-8a2e-d8bbc1768911.jpg", "bboxes": [0.01523970671178787, 0.1969655950366609, 0.5172137619853356, 0.864760293288212], "class": 1}