{"image": "b25eda41-2f03-11ee-8a2e-d8bbc1768911.jpg", "bboxes": [0.4116751269035533, 0.22363226170332762, 0.9136491821771011, 0.8914269599548788], "class": 1}