{"image": "b25eda41-2f03-11ee-8a2e-d8bbc1768911.jpg", "bboxes": [0.20190637337845452, 0.11301748448956574, 0.7038804286520023, 0.7808121827411169], "class": 1}