{"image": "b25eda41-2f03-11ee-8a2e-d8bbc1768911.jpg", "bboxes": [0.07523970671178781, 0.14190637337845463, 0.5772137619853357, 0.8097010716300057], "class": 1}