{"image": "b25eda41-2f03-11ee-8a2e-d8bbc1768911.jpg", "bboxes": [0.3285730400451211, 0.20585448392554984, 0.830547095318669, 0.873649182177101], "class": 1}