{"image": "b25eda41-2f03-11ee-8a2e-d8bbc1768911.jpg", "bboxes": [0.09834179357021994, 0.08190637337845462, 0.6003158488437678, 0.7497010716300058], "class": 1}