{"image": "b25eda41-2f03-11ee-8a2e-d8bbc1768911.jpg", "bboxes": [0.11746192893401008, 0.2480767061477721, 0.6194359842075579, 0.9158714043993231], "class": 1}