{"image": "b25eda41-2f03-11ee-8a2e-d8bbc1768911.jpg", "bboxes": [0.0996841511562323, 0.19474337281443876, 0.6016582064297801, 0.8625380710659898], "class": 1}