{"image": "b25eda41-2f03-11ee-8a2e-d8bbc1768911.jpg", "bboxes": [0.4050084602368866, 0.11746192893401018, 0.9069825155104344, 0.7852566271855613], "class": 1}