{"image": "b25eda41-2f03-11ee-8a2e-d8bbc1768911.jpg", "bboxes": [0.21167512690355328, 0.10412859560067685, 0.713649182177101, 0.7719232938522279], "class": 1}