{"image": "b25eda41-2f03-11ee-8a2e-d8bbc1768911.jpg", "bboxes": [0.11301748448956561, 0.12412859560067684, 0.6149915397631134, 0.7919232938522279], "class": 1}