{"image": "b25eda41-2f03-11ee-8a2e-d8bbc1768911.jpg", "bboxes": [0.13834179357021995, 0.2036322617033276, 0.6403158488437677, 0.8714269599548787], "class": 1}