{"image": "b25eda41-2f03-11ee-8a2e-d8bbc1768911.jpg", "bboxes": [0.1161195713479977, 0.21918781725888314, 0.6180936266215455, 0.8869825155104343], "class": 1}