{"image": "b25eda41-2f03-11ee-8a2e-d8bbc1768911.jpg", "bboxes": [0.16723068245910883, 0.2414100394811054, 0.6692047377326567, 0.9092047377326565], "class": 1}