{"image": "b25eda41-2f03-11ee-8a2e-d8bbc1768911.jpg", "bboxes": [0.29968415115623226, 0.24363226170332763, 0.80165820642978, 0.9114269599548788], "class": 1}