{"image": "b25eda41-2f03-11ee-8a2e-d8bbc1768911.jpg", "bboxes": [0.2196841511562323, 0.10857304004512129, 0.7216582064297801, 0.7763677382966724], "class": 1}