{"image": "b25eda41-2f03-11ee-8a2e-d8bbc1768911.jpg", "bboxes": [0.2050084602368866, 0.20585448392554984, 0.7069825155104343, 0.873649182177101], "class": 1}