{"image": "b25eda41-2f03-11ee-8a2e-d8bbc1768911.jpg", "bboxes": [0.1961195713479977, 0.08412859560067684, 0.6980936266215455, 0.7519232938522279], "class": 1}