{"image": "b25eda41-2f03-11ee-8a2e-d8bbc1768911.jpg", "bboxes": [0.11968415115623232, 0.1285730400451213, 0.6216582064297801, 0.7963677382966724], "class": 1}