{"image": "b25eda41-2f03-11ee-8a2e-d8bbc1768911.jpg", "bboxes": [0.04412859560067672, 0.22585448392554985, 0.5461026508742245, 0.8936491821771009], "class": 1}