{"image": "b25eda41-2f03-11ee-8a2e-d8bbc1768911.jpg", "bboxes": [0.38857304004512117, 0.2036322617033276, 0.8905470953186689, 0.8714269599548787], "class": 1}