{"image": "b25eda41-2f03-11ee-8a2e-d8bbc1768911.jpg", "bboxes": [0.10412859560067667, 0.0796841511562324, 0.6061026508742244, 0.7474788494077835], "class": 1}