{"image": "b25eda41-2f03-11ee-8a2e-d8bbc1768911.jpg", "bboxes": [0.4761195713479977, 0.19918781725888313, 0.9780936266215455, 0.8669825155104343], "class": 1}