{"image": "b25eda41-2f03-11ee-8a2e-d8bbc1768911.jpg", "bboxes": [0.4219063733784545, 0.10412859560067685, 0.9238804286520023, 0.7719232938522279], "class": 1}