{"image": "b25eda41-2f03-11ee-8a2e-d8bbc1768911.jpg", "bboxes": [0.29746192893401, 0.23252115059221645, 0.7994359842075578, 0.9003158488437676], "class": 1}