{"image": "b25eda41-2f03-11ee-8a2e-d8bbc1768911.jpg", "bboxes": [0.3961195713479977, 0.19252115059221653, 0.8980936266215455, 0.8603158488437677], "class": 1}