{"image": "b25eda41-2f03-11ee-8a2e-d8bbc1768911.jpg", "bboxes": [0.4427862380146644, 0.11079526226734351, 0.9447602932882122, 0.7785899605188946], "class": 1}