{"image": "b25eda41-2f03-11ee-8a2e-d8bbc1768911.jpg", "bboxes": [0.11301748448956561, 0.13746192893401019, 0.6149915397631134, 0.8052566271855612], "class": 1}