{"image": "b25eda41-2f03-11ee-8a2e-d8bbc1768911.jpg", "bboxes": [0.1650084602368866, 0.23696559503666093, 0.6669825155104344, 0.9047602932882121], "class": 1}