{"image": "b25eda41-2f03-11ee-8a2e-d8bbc1768911.jpg", "bboxes": [0.13968415115623223, 0.2480767061477721, 0.64165820642978, 0.9158714043993231], "class": 1}