{"image": "b25eda41-2f03-11ee-8a2e-d8bbc1768911.jpg", "bboxes": [0.3219063733784545, 0.09746192893401018, 0.8238804286520023, 0.7652566271855613], "class": 1}