{"image": "b25eda41-2f03-11ee-8a2e-d8bbc1768911.jpg", "bboxes": [0.4805640157924422, 0.1307952622673435, 0.98253807106599, 0.7985899605188946], "class": 1}