{"image": "b25eda41-2f03-11ee-8a2e-d8bbc1768911.jpg", "bboxes": [0.43167512690355325, 0.12190637337845463, 0.933649182177101, 0.7897010716300057], "class": 1}