{"image": "b25eda41-2f03-11ee-8a2e-d8bbc1768911.jpg", "bboxes": [0.27746192893401, 0.2102989283699943, 0.7794359842075579, 0.8780936266215453], "class": 1}