{"image": "b25eda41-2f03-11ee-8a2e-d8bbc1768911.jpg", "bboxes": [0.0930174844895656, 0.21474337281443867, 0.5949915397631134, 0.8825380710659898], "class": 1}