{"image": "b25eda41-2f03-11ee-8a2e-d8bbc1768911.jpg", "bboxes": [0.10190637337845454, 0.25252115059221647, 0.6038804286520023, 0.9203158488437676], "class": 1}