{"image": "b25eda41-2f03-11ee-8a2e-d8bbc1768911.jpg", "bboxes": [0.02190637337845447, 0.19918781725888313, 0.5238804286520022, 0.8669825155104343], "class": 1}