{"image": "b25eda41-2f03-11ee-8a2e-d8bbc1768911.jpg", "bboxes": [0.00857304004512116, 0.23696559503666093, 0.5105470953186689, 0.9047602932882121], "class": 1}