{"image": "b25eda41-2f03-11ee-8a2e-d8bbc1768911.jpg", "bboxes": [0.30635081782289897, 0.23252115059221645, 0.8083248730964467, 0.9003158488437676], "class": 1}