{"image": "b25eda41-2f03-11ee-8a2e-d8bbc1768911.jpg", "bboxes": [0.4472306824591088, 0.10190637337845462, 0.9492047377326566, 0.7697010716300057], "class": 1}