{"image": "b25eda41-2f03-11ee-8a2e-d8bbc1768911.jpg", "bboxes": [0.1538973491257755, 0.09079526226734351, 0.6558714043993232, 0.7585899605188946], "class": 1}