{"image": "b25eda41-2f03-11ee-8a2e-d8bbc1768911.jpg", "bboxes": [0.40945290468133105, 0.0796841511562324, 0.9114269599548789, 0.7474788494077835], "class": 1}