{"image": "b25eda41-2f03-11ee-8a2e-d8bbc1768911.jpg", "bboxes": [0.28945290468133106, 0.07523970671178795, 0.7914269599548789, 0.7430344049633391], "class": 1}