{"image": "b25eda41-2f03-11ee-8a2e-d8bbc1768911.jpg", "bboxes": [0.19746192893401004, 0.20807670614777207, 0.6994359842075579, 0.8758714043993232], "class": 1}