{"image": "b2aedb8f-2f03-11ee-97bc-d8bbc1768911.jpg", "bboxes": [0.04327129159616461, 0.2139199097574731, 0.5599097574732093, 0.8286971235194586], "class": 1}