{"image": "b2aedb8f-2f03-11ee-97bc-d8bbc1768911.jpg", "bboxes": [0.256604624929498, 0.22503102086858429, 0.7732430908065426, 0.8398082346305696], "class": 1}