{"image": "b2aedb8f-2f03-11ee-97bc-d8bbc1768911.jpg", "bboxes": [0.4232712915961646, 0.12685843203609704, 0.9399097574732093, 0.7416356457980824], "class": 1}