{"image": "b2aedb8f-2f03-11ee-97bc-d8bbc1768911.jpg", "bboxes": [0.1512013536379018, 0.2450310208685842, 0.6678398195149465, 0.8598082346305697], "class": 1}