{"image": "b2aedb8f-2f03-11ee-97bc-d8bbc1768911.jpg", "bboxes": [0.046756909193457354, 0.12908065425831924, 0.5633953750705021, 0.7438578680203046], "class": 1}