{"image": "b2aedb8f-2f03-11ee-97bc-d8bbc1768911.jpg", "bboxes": [0.04327129159616461, 0.22503102086858429, 0.5599097574732093, 0.8398082346305696], "class": 1}