{"image": "b2aedb8f-2f03-11ee-97bc-d8bbc1768911.jpg", "bboxes": [0.33216018048505347, 0.12685843203609704, 0.8487986463620982, 0.7416356457980824], "class": 1}