{"image": "b2aedb8f-2f03-11ee-97bc-d8bbc1768911.jpg", "bboxes": [0.30453468697123515, 0.16908065425831925, 0.8211731528482799, 0.7838578680203047], "class": 1}