{"image": "b2aedb8f-2f03-11ee-97bc-d8bbc1768911.jpg", "bboxes": [0.3512013536379018, 0.25391990975747314, 0.8678398195149465, 0.8686971235194585], "class": 1}