{"image": "b2aedb8f-2f03-11ee-97bc-d8bbc1768911.jpg", "bboxes": [0.04327129159616461, 0.2583643542019176, 0.5599097574732093, 0.873141567963903], "class": 1}