{"image": "b2aedb8f-2f03-11ee-97bc-d8bbc1768911.jpg", "bboxes": [0.4166046249294979, 0.2650310208685842, 0.9332430908065427, 0.8798082346305697], "class": 1}