{"image": "b2aedb8f-2f03-11ee-97bc-d8bbc1768911.jpg", "bboxes": [0.4099379582628313, 0.1735250987027637, 0.926576424139876, 0.7883023124647491], "class": 1}