{"image": "b2aedb8f-2f03-11ee-97bc-d8bbc1768911.jpg", "bboxes": [0.23786802030456847, 0.25391990975747314, 0.7545064861816132, 0.8686971235194585], "class": 1}