{"image": "b2aedb8f-2f03-11ee-97bc-d8bbc1768911.jpg", "bboxes": [0.21882684715172018, 0.24058657642413983, 0.7354653130287649, 0.8553637901861252], "class": 1}