{"image": "b2aedb8f-2f03-11ee-97bc-d8bbc1768911.jpg", "bboxes": [0.4312013536379018, 0.20947546531302863, 0.9478398195149466, 0.8242526790750141], "class": 1}