{"image": "b2aedb8f-2f03-11ee-97bc-d8bbc1768911.jpg", "bboxes": [0.16231246474901292, 0.16685843203609702, 0.6789509306260576, 0.7816356457980824], "class": 1}