{"image": "b2aedb8f-2f03-11ee-97bc-d8bbc1768911.jpg", "bboxes": [0.1423124647490129, 0.22503102086858429, 0.6589509306260576, 0.8398082346305696], "class": 1}