{"image": "b2aedb8f-2f03-11ee-97bc-d8bbc1768911.jpg", "bboxes": [0.06453468697123513, 0.24947546531302867, 0.5811731528482799, 0.864252679075014], "class": 1}