{"image": "b2aedb8f-2f03-11ee-97bc-d8bbc1768911.jpg", "bboxes": [0.1912013536379018, 0.26058657642413985, 0.7078398195149465, 0.8753637901861252], "class": 1}