{"image": "b2aedb8f-2f03-11ee-97bc-d8bbc1768911.jpg", "bboxes": [0.42549351381838685, 0.17130287648054146, 0.9421319796954315, 0.7860800902425269], "class": 1}