{"image": "b2aedb8f-2f03-11ee-97bc-d8bbc1768911.jpg", "bboxes": [0.30549351381838685, 0.16241398759165257, 0.8221319796954315, 0.777191201353638], "class": 1}