{"image": "b2aedb8f-2f03-11ee-97bc-d8bbc1768911.jpg", "bboxes": [0.3423124647490129, 0.1757473209249859, 0.8589509306260577, 0.7905245346869714], "class": 1}