{"image": "b2aedb8f-2f03-11ee-97bc-d8bbc1768911.jpg", "bboxes": [0.1699379582628313, 0.16019176536943036, 0.686576424139876, 0.7749689791314157], "class": 1}