{"image": "b2aedb8f-2f03-11ee-97bc-d8bbc1768911.jpg", "bboxes": [0.4210490693739424, 0.2561421319796954, 0.9376875352509871, 0.8709193457416807], "class": 1}