{"image": "b2aedb8f-2f03-11ee-97bc-d8bbc1768911.jpg", "bboxes": [0.1766046249294979, 0.14685843203609703, 0.6932430908065426, 0.7616356457980824], "class": 1}