{"image": "b2aedb8f-2f03-11ee-97bc-d8bbc1768911.jpg", "bboxes": [0.09342357586012402, 0.14019176536943034, 0.6100620417371687, 0.7549689791314158], "class": 1}