{"image": "b2aedb8f-2f03-11ee-97bc-d8bbc1768911.jpg", "bboxes": [0.06009024252679069, 0.23614213197969536, 0.5767287084038354, 0.8509193457416808], "class": 1}