{"image": "b2aedb8f-2f03-11ee-97bc-d8bbc1768911.jpg", "bboxes": [0.3578680203045685, 0.15796954314720812, 0.8745064861816132, 0.7727467569091936], "class": 1}