{"image": "b2aedb8f-2f03-11ee-97bc-d8bbc1768911.jpg", "bboxes": [0.37342357586012404, 0.12908065425831924, 0.8900620417371687, 0.7438578680203046], "class": 1}