{"image": "b2aedb8f-2f03-11ee-97bc-d8bbc1768911.jpg", "bboxes": [0.16675690919345734, 0.11352509870276369, 0.6833953750705021, 0.7283023124647491], "class": 1}