{"image": "b2aedb8f-2f03-11ee-97bc-d8bbc1768911.jpg", "bboxes": [0.3210490693739424, 0.2205865764241398, 0.837687535250987, 0.8353637901861252], "class": 1}