{"image": "b2aedb8f-2f03-11ee-97bc-d8bbc1768911.jpg", "bboxes": [0.08231246474901291, 0.26725324309080645, 0.5989509306260576, 0.8820304568527919], "class": 1}