{"image": "b2aedb8f-2f03-11ee-97bc-d8bbc1768911.jpg", "bboxes": [0.21342357586012403, 0.15130287648054147, 0.7300620417371687, 0.7660800902425269], "class": 1}