{"image": "b2aedb8f-2f03-11ee-97bc-d8bbc1768911.jpg", "bboxes": [0.4045346869712351, 0.12908065425831924, 0.9211731528482798, 0.7438578680203046], "class": 1}