{"image": "b2aedb8f-2f03-11ee-97bc-d8bbc1768911.jpg", "bboxes": [0.13438240270727575, 0.14019176536943034, 0.6510208685843204, 0.7549689791314158], "class": 1}