{"image": "b2aedb8f-2f03-11ee-97bc-d8bbc1768911.jpg", "bboxes": [0.2823124647490129, 0.1335250987027637, 0.7989509306260576, 0.7483023124647491], "class": 1}