{"image": "b2aedb8f-2f03-11ee-97bc-d8bbc1768911.jpg", "bboxes": [0.3623124647490129, 0.14685843203609703, 0.8789509306260577, 0.7616356457980824], "class": 1}