{"image": "b2aedb8f-2f03-11ee-97bc-d8bbc1768911.jpg", "bboxes": [0.2978680203045685, 0.24947546531302867, 0.8145064861816131, 0.864252679075014], "class": 1}