{"image": "b2aedb8f-2f03-11ee-97bc-d8bbc1768911.jpg", "bboxes": [0.3289791314156796, 0.12685843203609704, 0.8456175972927243, 0.7416356457980824], "class": 1}