{"image": "b2aedb8f-2f03-11ee-97bc-d8bbc1768911.jpg", "bboxes": [0.2000902425267907, 0.14685843203609703, 0.7167287084038354, 0.7616356457980824], "class": 1}