{"image": "b2aedb8f-2f03-11ee-97bc-d8bbc1768911.jpg", "bboxes": [0.09660462492949795, 0.2583643542019176, 0.6132430908065427, 0.873141567963903], "class": 1}