{"image": "b2aedb8f-2f03-11ee-97bc-d8bbc1768911.jpg", "bboxes": [0.18675690919345736, 0.15796954314720812, 0.7033953750705021, 0.7727467569091936], "class": 1}