{"image": "b2aedb8f-2f03-11ee-97bc-d8bbc1768911.jpg", "bboxes": [0.22453468697123513, 0.23614213197969536, 0.7411731528482799, 0.8509193457416808], "class": 1}