{"image": "b2aedb8f-2f03-11ee-97bc-d8bbc1768911.jpg", "bboxes": [0.44549351381838687, 0.11130287648054146, 0.9621319796954315, 0.7260800902425268], "class": 1}