{"image": "b2aedb8f-2f03-11ee-97bc-d8bbc1768911.jpg", "bboxes": [0.15342357586012403, 0.2516976875352509, 0.6700620417371688, 0.8664749012972364], "class": 1}