{"image": "b2aedb8f-2f03-11ee-97bc-d8bbc1768911.jpg", "bboxes": [0.048979131415679576, 0.24947546531302867, 0.5656175972927243, 0.864252679075014], "class": 1}