{"image": "b2aedb8f-2f03-11ee-97bc-d8bbc1768911.jpg", "bboxes": [0.05342357586012402, 0.2716976875352509, 0.5700620417371687, 0.8864749012972363], "class": 1}