{"image": "b2aedb8f-2f03-11ee-97bc-d8bbc1768911.jpg", "bboxes": [0.273423575860124, 0.15574732092498592, 0.7900620417371688, 0.7705245346869714], "class": 1}