{"image": "b2aedb8f-2f03-11ee-97bc-d8bbc1768911.jpg", "bboxes": [0.16897913141567958, 0.14241398759165258, 0.6856175972927243, 0.7571912013536379], "class": 1}