{"image": "b2aedb8f-2f03-11ee-97bc-d8bbc1768911.jpg", "bboxes": [0.3400902425267907, 0.21614213197969534, 0.8567287084038354, 0.8309193457416808], "class": 1}