{"image": "b2aedb8f-2f03-11ee-97bc-d8bbc1768911.jpg", "bboxes": [0.40675690919345736, 0.16241398759165257, 0.9233953750705021, 0.777191201353638], "class": 1}