{"image": "b2aedb8f-2f03-11ee-97bc-d8bbc1768911.jpg", "bboxes": [0.12453468697123514, 0.2383643542019176, 0.6411731528482798, 0.853141567963903], "class": 1}