{"image": "b2aedb8f-2f03-11ee-97bc-d8bbc1768911.jpg", "bboxes": [0.3988268471517201, 0.2716976875352509, 0.9154653130287649, 0.8864749012972363], "class": 1}