{"image": "b30378c9-2f03-11ee-832d-d8bbc1768911.jpg", "bboxes": [0.11783417935702194, 0.19778905809362657, 0.6457529610829104, 0.9456739988719685], "class": 1}