{"image": "b30378c9-2f03-11ee-832d-d8bbc1768911.jpg", "bboxes": [0.10227862380146639, 0.1800112803158488, 0.6301974055273548, 0.9278962210941907], "class": 1}