{"image": "b30378c9-2f03-11ee-832d-d8bbc1768911.jpg", "bboxes": [0.22227862380146637, 0.02099266779469826, 0.7501974055273548, 0.7688776085730401], "class": 1}