{"image": "b30378c9-2f03-11ee-832d-d8bbc1768911.jpg", "bboxes": [0.42535815002820077, 0.18890016920473762, 0.9532769317540891, 0.9367851099830795], "class": 1}