{"image": "b30378c9-2f03-11ee-832d-d8bbc1768911.jpg", "bboxes": [0.34450084602368863, 0.22445572476029318, 0.872419627749577, 0.9723406655386351], "class": 1}