{"image": "b30378c9-2f03-11ee-832d-d8bbc1768911.jpg", "bboxes": [0.18005640157924416, 0.034326001128031594, 0.7079751833051326, 0.7822109419063734], "class": 1}