{"image": "b30378c9-2f03-11ee-832d-d8bbc1768911.jpg", "bboxes": [0.23783417935702195, 0.023214890016920484, 0.7657529610829104, 0.7710998307952623], "class": 1}