{"image": "b30378c9-2f03-11ee-832d-d8bbc1768911.jpg", "bboxes": [0.30980259447264513, 0.2066779469825154, 0.8377213761985336, 0.9545628877608573], "class": 1}