{"image": "b30378c9-2f03-11ee-832d-d8bbc1768911.jpg", "bboxes": [0.20758037225042292, 0.07654822335025381, 0.7354991539763114, 0.8244331641285957], "class": 1}