{"image": "b30378c9-2f03-11ee-832d-d8bbc1768911.jpg", "bboxes": [0.08894529046813306, 0.2200112803158487, 0.6168640721940215, 0.9678962210941906], "class": 1}