{"image": "b30378c9-2f03-11ee-832d-d8bbc1768911.jpg", "bboxes": [0.22980259447264517, 0.08099266779469826, 0.7577213761985336, 0.8288776085730402], "class": 1}