{"image": "b30378c9-2f03-11ee-832d-d8bbc1768911.jpg", "bboxes": [0.19646926113931185, 0.18667794698251539, 0.7243880428652003, 0.9345628877608573], "class": 1}