{"image": "b30378c9-2f03-11ee-832d-d8bbc1768911.jpg", "bboxes": [0.04535815002820076, 0.1933446136491821, 0.5732769317540891, 0.941229554427524], "class": 1}