{"image": "b30378c9-2f03-11ee-832d-d8bbc1768911.jpg", "bboxes": [0.040056401579244165, 0.07432600112803159, 0.5679751833051326, 0.8222109419063734], "class": 1}