{"image": "b30378c9-2f03-11ee-832d-d8bbc1768911.jpg", "bboxes": [0.14758037225042298, 0.03877044557247604, 0.6754991539763113, 0.7866553863508179], "class": 1}