{"image": "b30378c9-2f03-11ee-832d-d8bbc1768911.jpg", "bboxes": [0.38535815002820073, 0.043214890016920485, 0.9132769317540892, 0.7910998307952624], "class": 1}