{"image": "b30378c9-2f03-11ee-832d-d8bbc1768911.jpg", "bboxes": [0.38091370558375626, 0.1933446136491821, 0.9088324873096447, 0.941229554427524], "class": 1}