{"image": "b30378c9-2f03-11ee-832d-d8bbc1768911.jpg", "bboxes": [0.04091370558375629, 0.08099266779469826, 0.5688324873096446, 0.8288776085730402], "class": 1}