{"image": "b30378c9-2f03-11ee-832d-d8bbc1768911.jpg", "bboxes": [0.08091370558375632, 0.014326001128031594, 0.6088324873096447, 0.7622109419063735], "class": 1}