{"image": "b30378c9-2f03-11ee-832d-d8bbc1768911.jpg", "bboxes": [0.0920248166948674, 0.19112239142695986, 0.6199435984207559, 0.9390073322053017], "class": 1}