{"image": "b30378c9-2f03-11ee-832d-d8bbc1768911.jpg", "bboxes": [0.22227862380146637, 0.2177890580936266, 0.7501974055273548, 0.9656739988719684], "class": 1}