{"image": "b30378c9-2f03-11ee-832d-d8bbc1768911.jpg", "bboxes": [0.3720248166948674, 0.21556683587140435, 0.8999435984207558, 0.9634517766497461], "class": 1}