{"image": "b30378c9-2f03-11ee-832d-d8bbc1768911.jpg", "bboxes": [0.04227862380146639, 0.07877044557247603, 0.5701974055273549, 0.8266553863508179], "class": 1}