{"image": "b30378c9-2f03-11ee-832d-d8bbc1768911.jpg", "bboxes": [0.15869148336153405, 0.04099266779469826, 0.6866102650874225, 0.7888776085730401], "class": 1}