{"image": "b30378c9-2f03-11ee-832d-d8bbc1768911.jpg", "bboxes": [0.057834179357021946, 0.06988155668358714, 0.5857529610829104, 0.817766497461929], "class": 1}