{"image": "b30378c9-2f03-11ee-832d-d8bbc1768911.jpg", "bboxes": [0.26091370558375626, 0.2066779469825154, 0.7888324873096447, 0.9545628877608573], "class": 1}