{"image": "b30378c9-2f03-11ee-832d-d8bbc1768911.jpg", "bboxes": [0.37783417935702196, 0.2311223914269599, 0.9057529610829104, 0.9790073322053018], "class": 1}