{"image": "b30378c9-2f03-11ee-832d-d8bbc1768911.jpg", "bboxes": [0.06672306824591083, 0.20445572476029317, 0.5946418499717993, 0.9523406655386351], "class": 1}