{"image": "b30378c9-2f03-11ee-832d-d8bbc1768911.jpg", "bboxes": [0.407580372250423, 0.20445572476029317, 0.9354991539763113, 0.9523406655386351], "class": 1}