{"image": "b30378c9-2f03-11ee-832d-d8bbc1768911.jpg", "bboxes": [0.18005640157924416, 0.02988155668358715, 0.7079751833051326, 0.777766497461929], "class": 1}