{"image": "b30378c9-2f03-11ee-832d-d8bbc1768911.jpg", "bboxes": [0.3245008460236886, 0.05432600112803159, 0.852419627749577, 0.8022109419063734], "class": 1}