{"image": "b30378c9-2f03-11ee-832d-d8bbc1768911.jpg", "bboxes": [0.0933897349125775, 0.04099266779469826, 0.621308516638466, 0.7888776085730401], "class": 1}