{"image": "b30378c9-2f03-11ee-832d-d8bbc1768911.jpg", "bboxes": [0.32672306824591085, 0.20445572476029317, 0.8546418499717993, 0.9523406655386351], "class": 1}