{"image": "b30378c9-2f03-11ee-832d-d8bbc1768911.jpg", "bboxes": [0.03561195713479972, 0.016548223350253816, 0.5635307388606882, 0.7644331641285956], "class": 1}