{"image": "b30378c9-2f03-11ee-832d-d8bbc1768911.jpg", "bboxes": [0.17646926113931183, 0.19778905809362657, 0.7043880428652003, 0.9456739988719685], "class": 1}