{"image": "b30378c9-2f03-11ee-832d-d8bbc1768911.jpg", "bboxes": [0.06980259447264514, 0.05432600112803159, 0.5977213761985336, 0.8022109419063734], "class": 1}