{"image": "b30378c9-2f03-11ee-832d-d8bbc1768911.jpg", "bboxes": [0.3933897349125775, 0.22667794698251542, 0.9213085166384659, 0.9745628877608573], "class": 1}