{"image": "b30378c9-2f03-11ee-832d-d8bbc1768911.jpg", "bboxes": [0.2498025944726452, 0.18445572476029315, 0.7777213761985337, 0.932340665538635], "class": 1}