{"image": "b30378c9-2f03-11ee-832d-d8bbc1768911.jpg", "bboxes": [0.029802594472645216, 0.17334461364918208, 0.5577213761985336, 0.921229554427524], "class": 1}