{"image": "b30378c9-2f03-11ee-832d-d8bbc1768911.jpg", "bboxes": [0.08535815002820069, 0.03877044557247604, 0.6132769317540891, 0.7866553863508179], "class": 1}