{"image": "b30378c9-2f03-11ee-832d-d8bbc1768911.jpg", "bboxes": [0.26091370558375626, 0.058770445572476036, 0.7888324873096447, 0.8066553863508179], "class": 1}