{"image": "b30378c9-2f03-11ee-832d-d8bbc1768911.jpg", "bboxes": [0.23116751269035526, 0.06543711223914271, 0.7590862944162438, 0.8133220530174846], "class": 1}