{"image": "b30378c9-2f03-11ee-832d-d8bbc1768911.jpg", "bboxes": [0.2764692611393118, 0.22445572476029318, 0.8043880428652003, 0.9723406655386351], "class": 1}