{"image": "b30378c9-2f03-11ee-832d-d8bbc1768911.jpg", "bboxes": [0.19783417935702194, 0.016548223350253816, 0.7257529610829104, 0.7644331641285956], "class": 1}