{"image": "b30378c9-2f03-11ee-832d-d8bbc1768911.jpg", "bboxes": [0.17202481669486736, 0.19112239142695986, 0.6999435984207558, 0.9390073322053017], "class": 1}