{"image": "b30378c9-2f03-11ee-832d-d8bbc1768911.jpg", "bboxes": [0.3822786238014664, 0.06543711223914271, 0.9101974055273548, 0.8133220530174846], "class": 1}