{"image": "b30378c9-2f03-11ee-832d-d8bbc1768911.jpg", "bboxes": [0.26535815002820073, 0.056548223350253814, 0.7932769317540892, 0.8044331641285957], "class": 1}