{"image": "b30378c9-2f03-11ee-832d-d8bbc1768911.jpg", "bboxes": [0.3645008460236886, 0.08099266779469826, 0.8924196277495771, 0.8288776085730402], "class": 1}