{"image": "b30378c9-2f03-11ee-832d-d8bbc1768911.jpg", "bboxes": [0.24091370558375624, 0.22890016920473766, 0.7688324873096447, 0.9767851099830795], "class": 1}