{"image": "b30378c9-2f03-11ee-832d-d8bbc1768911.jpg", "bboxes": [0.30672306824591083, 0.2000112803158488, 0.8346418499717992, 0.9478962210941906], "class": 1}