{"image": "b30378c9-2f03-11ee-832d-d8bbc1768911.jpg", "bboxes": [0.32672306824591085, 0.04543711223914271, 0.8546418499717993, 0.7933220530174846], "class": 1}