{"image": "b356344e-2f03-11ee-9e1a-d8bbc1768911.jpg", "bboxes": [0.04002256063169764, 0.04858432036097013, 0.5634292160180485, 0.8021094190637338], "class": 1}