{"image": "b356344e-2f03-11ee-9e1a-d8bbc1768911.jpg", "bboxes": [0.2921263395375071, 0.22011280315848847, 0.8155329949238579, 0.9736379018612521], "class": 1}