{"image": "b356344e-2f03-11ee-9e1a-d8bbc1768911.jpg", "bboxes": [0.36323745064861823, 0.19344613649182174, 0.886644106034969, 0.9469712351945854], "class": 1}