{"image": "b356344e-2f03-11ee-9e1a-d8bbc1768911.jpg", "bboxes": [0.4387930062041737, 0.21789058093626623, 0.9621996615905246, 0.9714156796390299], "class": 1}