{"image": "b356344e-2f03-11ee-9e1a-d8bbc1768911.jpg", "bboxes": [0.35879300620417376, 0.18677946982515514, 0.8821996615905245, 0.9403045685279188], "class": 1}