{"image": "b356344e-2f03-11ee-9e1a-d8bbc1768911.jpg", "bboxes": [0.26990411731528485, 0.20455724760293292, 0.7933107727016357, 0.9580823463056966], "class": 1}