{"image": "b356344e-2f03-11ee-9e1a-d8bbc1768911.jpg", "bboxes": [0.4155781161872532, 0.004139875916525686, 0.938984771573604, 0.7576649746192893], "class": 1}