{"image": "b356344e-2f03-11ee-9e1a-d8bbc1768911.jpg", "bboxes": [0.313355893965031, 0.06413987591652569, 0.8367625493513818, 0.8176649746192893], "class": 1}