{"image": "b356344e-2f03-11ee-9e1a-d8bbc1768911.jpg", "bboxes": [0.24545967287084047, 0.0552509870276368, 0.7688663282571913, 0.8087760857304004], "class": 1}