{"image": "b356344e-2f03-11ee-9e1a-d8bbc1768911.jpg", "bboxes": [0.43434856175972936, 0.01747320924985902, 0.9577552171460801, 0.7709983079526227], "class": 1}