{"image": "b356344e-2f03-11ee-9e1a-d8bbc1768911.jpg", "bboxes": [0.1587930062041738, 0.01969543147208124, 0.6821996615905246, 0.7732205301748448], "class": 1}