{"image": "b356344e-2f03-11ee-9e1a-d8bbc1768911.jpg", "bboxes": [0.27335589396503096, 0.02636209813874791, 0.7967625493513818, 0.7798871968415115], "class": 1}