{"image": "b356344e-2f03-11ee-9e1a-d8bbc1768911.jpg", "bboxes": [0.43113367174280876, 0.004139875916525686, 0.9545403271291596, 0.7576649746192893], "class": 1}