{"image": "b356344e-2f03-11ee-9e1a-d8bbc1768911.jpg", "bboxes": [0.3911336717428088, 0.04191765369430346, 0.9145403271291596, 0.7954427523970671], "class": 1}