{"image": "b356344e-2f03-11ee-9e1a-d8bbc1768911.jpg", "bboxes": [0.3444670050761421, 0.21789058093626623, 0.8678736604624929, 0.9714156796390299], "class": 1}