{"image": "b356344e-2f03-11ee-9e1a-d8bbc1768911.jpg", "bboxes": [0.07879300620417373, 0.19566835871404398, 0.6021996615905245, 0.9491934574168076], "class": 1}