{"image": "b356344e-2f03-11ee-9e1a-d8bbc1768911.jpg", "bboxes": [0.21879300620417375, 0.21122391426959952, 0.7421996615905246, 0.9647490129723632], "class": 1}