{"image": "b356344e-2f03-11ee-9e1a-d8bbc1768911.jpg", "bboxes": [0.45335589396503095, 0.23344613649182178, 0.9767625493513818, 0.9869712351945854], "class": 1}