{"image": "b356344e-2f03-11ee-9e1a-d8bbc1768911.jpg", "bboxes": [0.4244670050761421, 0.19122391426959962, 0.9478736604624929, 0.9447490129723632], "class": 1}