{"image": "b356344e-2f03-11ee-9e1a-d8bbc1768911.jpg", "bboxes": [0.3876818950930626, 0.006362098138747909, 0.9110885504794135, 0.7598871968415115], "class": 1}