{"image": "b356344e-2f03-11ee-9e1a-d8bbc1768911.jpg", "bboxes": [0.40768189509306263, 0.013028764805414575, 0.9310885504794135, 0.7665538635081782], "class": 1}