{"image": "b356344e-2f03-11ee-9e1a-d8bbc1768911.jpg", "bboxes": [0.09657078398195151, 0.06413987591652569, 0.6199774393683024, 0.8176649746192893], "class": 1}