{"image": "b356344e-2f03-11ee-9e1a-d8bbc1768911.jpg", "bboxes": [0.04446700507614208, 0.02636209813874791, 0.5678736604624929, 0.7798871968415115], "class": 1}