{"image": "b356344e-2f03-11ee-9e1a-d8bbc1768911.jpg", "bboxes": [0.3187930062041737, 0.23344613649182178, 0.8421996615905246, 0.9869712351945854], "class": 1}