{"image": "b356344e-2f03-11ee-9e1a-d8bbc1768911.jpg", "bboxes": [0.1755781161872532, 0.044139875916525684, 0.6989847715736041, 0.7976649746192893], "class": 1}