{"image": "b356344e-2f03-11ee-9e1a-d8bbc1768911.jpg", "bboxes": [0.42768189509306265, 0.021917653694303464, 0.9510885504794134, 0.7754427523970671], "class": 1}