{"image": "b356344e-2f03-11ee-9e1a-d8bbc1768911.jpg", "bboxes": [0.05335589396503097, 0.061917653694303465, 0.5767625493513818, 0.8154427523970671], "class": 1}