{"image": "b356344e-2f03-11ee-9e1a-d8bbc1768911.jpg", "bboxes": [0.05434856175972935, 0.010806542583192353, 0.5777552171460801, 0.764331641285956], "class": 1}