{"image": "b356344e-2f03-11ee-9e1a-d8bbc1768911.jpg", "bboxes": [0.3121263395375071, 0.23122391426959954, 0.8355329949238579, 0.9847490129723632], "class": 1}