{"image": "b356344e-2f03-11ee-9e1a-d8bbc1768911.jpg", "bboxes": [0.1076818950930627, 0.18677946982515514, 0.6310885504794135, 0.9403045685279188], "class": 1}