{"image": "b356344e-2f03-11ee-9e1a-d8bbc1768911.jpg", "bboxes": [0.1755781161872532, 0.2290016920473773, 0.6989847715736041, 0.9825267907501409], "class": 1}