{"image": "b356344e-2f03-11ee-9e1a-d8bbc1768911.jpg", "bboxes": [0.3755781161872532, 0.05969543147208124, 0.898984771573604, 0.8132205301748449], "class": 1}