{"image": "b356344e-2f03-11ee-9e1a-d8bbc1768911.jpg", "bboxes": [0.24668922729836432, 0.053028764805414574, 0.7700958826847152, 0.8065538635081783], "class": 1}