{"image": "b356344e-2f03-11ee-9e1a-d8bbc1768911.jpg", "bboxes": [0.1721263395375071, 0.2023350253807107, 0.6955329949238579, 0.9558601240834743], "class": 1}