{"image": "b356344e-2f03-11ee-9e1a-d8bbc1768911.jpg", "bboxes": [0.10891144952058653, 0.015250987027636798, 0.6323181049069374, 0.7687760857304005], "class": 1}