{"image": "b356344e-2f03-11ee-9e1a-d8bbc1768911.jpg", "bboxes": [0.16891144952058654, 0.20677946982515516, 0.6923181049069373, 0.9603045685279188], "class": 1}