{"image": "b356344e-2f03-11ee-9e1a-d8bbc1768911.jpg", "bboxes": [0.1721263395375071, 0.03747320924985902, 0.6955329949238579, 0.7909983079526226], "class": 1}