{"image": "b356344e-2f03-11ee-9e1a-d8bbc1768911.jpg", "bboxes": [0.2587930062041738, 0.2290016920473773, 0.7821996615905246, 0.9825267907501409], "class": 1}