{"image": "b356344e-2f03-11ee-9e1a-d8bbc1768911.jpg", "bboxes": [0.4178003384094754, 0.1845572476029329, 0.9412069937958263, 0.9380823463056965], "class": 1}