{"image": "b356344e-2f03-11ee-9e1a-d8bbc1768911.jpg", "bboxes": [0.11780033840947542, 0.22455724760293294, 0.6412069937958262, 0.9780823463056966], "class": 1}