{"image": "b356344e-2f03-11ee-9e1a-d8bbc1768911.jpg", "bboxes": [0.20446700507614207, 0.05747320924985902, 0.7278736604624929, 0.8109983079526226], "class": 1}