{"image": "b356344e-2f03-11ee-9e1a-d8bbc1768911.jpg", "bboxes": [0.3044670050761421, 0.039695431472081245, 0.8278736604624929, 0.7932205301748448], "class": 1}