{"image": "b356344e-2f03-11ee-9e1a-d8bbc1768911.jpg", "bboxes": [0.06891144952058653, 0.03747320924985902, 0.5923181049069374, 0.7909983079526226], "class": 1}