{"image": "b356344e-2f03-11ee-9e1a-d8bbc1768911.jpg", "bboxes": [0.35879300620417376, 0.013028764805414575, 0.8821996615905245, 0.7665538635081782], "class": 1}