{"image": "b356344e-2f03-11ee-9e1a-d8bbc1768911.jpg", "bboxes": [0.10101522842639599, 0.0019176536943034644, 0.6244218838127469, 0.7554427523970672], "class": 1}