{"image": "b356344e-2f03-11ee-9e1a-d8bbc1768911.jpg", "bboxes": [0.3355781161872532, 0.039695431472081245, 0.858984771573604, 0.7932205301748448], "class": 1}