{"image": "b356344e-2f03-11ee-9e1a-d8bbc1768911.jpg", "bboxes": [0.07780033840947542, 0.046362098138747906, 0.6012069937958262, 0.7998871968415115], "class": 1}