{"image": "b356344e-2f03-11ee-9e1a-d8bbc1768911.jpg", "bboxes": [0.14101522842639602, 0.1778905809362662, 0.6644218838127468, 0.9314156796390298], "class": 1}