{"image": "b356344e-2f03-11ee-9e1a-d8bbc1768911.jpg", "bboxes": [0.2676818950930626, 0.22011280315848847, 0.7910885504794135, 0.9736379018612521], "class": 1}