{"image": "b356344e-2f03-11ee-9e1a-d8bbc1768911.jpg", "bboxes": [0.40990411731528487, 0.0552509870276368, 0.9333107727016356, 0.8087760857304004], "class": 1}