{"image": "b356344e-2f03-11ee-9e1a-d8bbc1768911.jpg", "bboxes": [0.18768189509306266, 0.21344613649182176, 0.7110885504794136, 0.9669712351945854], "class": 1}