{"image": "b3a923fa-2f03-11ee-9d81-d8bbc1768911.jpg", "bboxes": [0.15273547659334466, 0.20147772137619846, 0.6592216582064299, 0.8455837563451777], "class": 1}