{"image": "b3a923fa-2f03-11ee-9d81-d8bbc1768911.jpg", "bboxes": [0.08384658770445577, 0.197033276931754, 0.590332769317541, 0.8411393119007332], "class": 1}