{"image": "b3a923fa-2f03-11ee-9d81-d8bbc1768911.jpg", "bboxes": [0.1674450084602368, 0.11441624365482234, 0.673931190073322, 0.7585222786238016], "class": 1}