{"image": "b3a923fa-2f03-11ee-9d81-d8bbc1768911.jpg", "bboxes": [0.11051325437112243, 0.22147772137619848, 0.6169994359842076, 0.8655837563451777], "class": 1}