{"image": "b3a923fa-2f03-11ee-9d81-d8bbc1768911.jpg", "bboxes": [0.27273547659334463, 0.20592216582064293, 0.7792216582064299, 0.850028200789622], "class": 1}