{"image": "b3a923fa-2f03-11ee-9d81-d8bbc1768911.jpg", "bboxes": [0.3252227862380146, 0.13663846587704456, 0.8317089678510998, 0.7807445008460238], "class": 1}