{"image": "b3a923fa-2f03-11ee-9d81-d8bbc1768911.jpg", "bboxes": [0.42300056401579245, 0.22814438804286508, 0.9294867456288776, 0.8722504230118443], "class": 1}