{"image": "b3a923fa-2f03-11ee-9d81-d8bbc1768911.jpg", "bboxes": [0.18606880992667799, 0.10997179921037789, 0.6925549915397632, 0.7540778341793571], "class": 1}