{"image": "b3a923fa-2f03-11ee-9d81-d8bbc1768911.jpg", "bboxes": [0.11051325437112243, 0.1521940214326001, 0.6169994359842076, 0.7963000564015793], "class": 1}