{"image": "b3a923fa-2f03-11ee-9d81-d8bbc1768911.jpg", "bboxes": [0.2807783417935702, 0.10774957698815567, 0.7872645234066553, 0.7518556119571349], "class": 1}