{"image": "b3a923fa-2f03-11ee-9d81-d8bbc1768911.jpg", "bboxes": [0.12162436548223354, 0.14330513254371122, 0.6281105470953187, 0.7874111675126905], "class": 1}