{"image": "b3a923fa-2f03-11ee-9d81-d8bbc1768911.jpg", "bboxes": [0.13411167512690347, 0.19481105470953175, 0.6405978567399887, 0.838917089678511], "class": 1}