{"image": "b3a923fa-2f03-11ee-9d81-d8bbc1768911.jpg", "bboxes": [0.31633389734912576, 0.161082910321489, 0.8228200789622109, 0.8051889452904682], "class": 1}