{"image": "b3a923fa-2f03-11ee-9d81-d8bbc1768911.jpg", "bboxes": [0.078556119571348, 0.15663846587704455, 0.5850423011844331, 0.8007445008460238], "class": 1}