{"image": "b3a923fa-2f03-11ee-9d81-d8bbc1768911.jpg", "bboxes": [0.08966723068245908, 0.15663846587704455, 0.5961534122955443, 0.8007445008460238], "class": 1}