{"image": "b3a923fa-2f03-11ee-9d81-d8bbc1768911.jpg", "bboxes": [0.18606880992667799, 0.2103666102650873, 0.6925549915397632, 0.8544726452340665], "class": 1}