{"image": "b3a923fa-2f03-11ee-9d81-d8bbc1768911.jpg", "bboxes": [0.21495769881556687, 0.23258883248730955, 0.721443880428652, 0.8766948674562888], "class": 1}