{"image": "b3a923fa-2f03-11ee-9d81-d8bbc1768911.jpg", "bboxes": [0.03633389734912573, 0.13886068809926677, 0.5428200789622109, 0.782966723068246], "class": 1}