{"image": "b3a923fa-2f03-11ee-9d81-d8bbc1768911.jpg", "bboxes": [0.3452227862380146, 0.22814438804286508, 0.8517089678510998, 0.8722504230118443], "class": 1}