{"image": "b3a923fa-2f03-11ee-9d81-d8bbc1768911.jpg", "bboxes": [0.023000564015792424, 0.10997179921037789, 0.5294867456288775, 0.7540778341793571], "class": 1}