{"image": "b3a923fa-2f03-11ee-9d81-d8bbc1768911.jpg", "bboxes": [0.11855611957134793, 0.24592216582064286, 0.625042301184433, 0.8900282007896221], "class": 1}