{"image": "b3a923fa-2f03-11ee-9d81-d8bbc1768911.jpg", "bboxes": [0.19051325437112243, 0.141082910321489, 0.6969994359842075, 0.7851889452904682], "class": 1}