{"image": "b3a923fa-2f03-11ee-9d81-d8bbc1768911.jpg", "bboxes": [0.16162436548223355, 0.13886068809926677, 0.6681105470953187, 0.782966723068246], "class": 1}