{"image": "b3a923fa-2f03-11ee-9d81-d8bbc1768911.jpg", "bboxes": [0.41188945290468126, 0.12997179921037788, 0.9183756345177665, 0.7740778341793572], "class": 1}