{"image": "b3a923fa-2f03-11ee-9d81-d8bbc1768911.jpg", "bboxes": [0.44162436548223355, 0.24147772137619838, 0.9481105470953187, 0.8855837563451776], "class": 1}