{"image": "b3a923fa-2f03-11ee-9d81-d8bbc1768911.jpg", "bboxes": [0.4007783417935702, 0.2481443880428651, 0.9072645234066553, 0.8922504230118443], "class": 1}