{"image": "b3a923fa-2f03-11ee-9d81-d8bbc1768911.jpg", "bboxes": [0.286068809926678, 0.20592216582064293, 0.7925549915397632, 0.850028200789622], "class": 1}