{"image": "b3a923fa-2f03-11ee-9d81-d8bbc1768911.jpg", "bboxes": [0.20162436548223353, 0.25258883248730957, 0.7081105470953187, 0.8966948674562888], "class": 1}