{"image": "b3a923fa-2f03-11ee-9d81-d8bbc1768911.jpg", "bboxes": [0.39940214326001133, 0.25703327693175404, 0.9058883248730965, 0.9011393119007333], "class": 1}