{"image": "b3a923fa-2f03-11ee-9d81-d8bbc1768911.jpg", "bboxes": [0.06606880992667799, 0.22814438804286508, 0.5725549915397632, 0.8722504230118443], "class": 1}