{"image": "b3a923fa-2f03-11ee-9d81-d8bbc1768911.jpg", "bboxes": [0.38606880992667797, 0.21481105470953177, 0.8925549915397631, 0.858917089678511], "class": 1}