{"image": "b3a923fa-2f03-11ee-9d81-d8bbc1768911.jpg", "bboxes": [0.11633389734912569, 0.1521940214326001, 0.6228200789622109, 0.7963000564015793], "class": 1}