{"image": "b3a923fa-2f03-11ee-9d81-d8bbc1768911.jpg", "bboxes": [0.418556119571348, 0.11886068809926678, 0.9250423011844331, 0.762966723068246], "class": 1}