{"image": "b3a923fa-2f03-11ee-9d81-d8bbc1768911.jpg", "bboxes": [0.41633389734912574, 0.09663846587704455, 0.9228200789622109, 0.7407445008460238], "class": 1}