{"image": "b3a923fa-2f03-11ee-9d81-d8bbc1768911.jpg", "bboxes": [0.14606880992667798, 0.22592216582064284, 0.6525549915397632, 0.8700282007896221], "class": 1}