{"image": "b3a923fa-2f03-11ee-9d81-d8bbc1768911.jpg", "bboxes": [0.3696672306824591, 0.25925549915397617, 0.8761534122955442, 0.9033615341229555], "class": 1}