{"image": "b3a923fa-2f03-11ee-9d81-d8bbc1768911.jpg", "bboxes": [0.07633389734912577, 0.19925549915397622, 0.5828200789622109, 0.8433615341229554], "class": 1}