{"image": "b3a923fa-2f03-11ee-9d81-d8bbc1768911.jpg", "bboxes": [0.17273547659334465, 0.161082910321489, 0.6792216582064298, 0.8051889452904682], "class": 1}