{"image": "b3a923fa-2f03-11ee-9d81-d8bbc1768911.jpg", "bboxes": [0.1749576988155669, 0.12774957698815567, 0.681443880428652, 0.7718556119571349], "class": 1}