{"image": "b3a923fa-2f03-11ee-9d81-d8bbc1768911.jpg", "bboxes": [0.04300056401579244, 0.22592216582064284, 0.5494867456288776, 0.8700282007896221], "class": 1}