{"image": "b3a923fa-2f03-11ee-9d81-d8bbc1768911.jpg", "bboxes": [0.1571799210377891, 0.19925549915397622, 0.6636661026508742, 0.8433615341229554], "class": 1}