{"image": "b3a923fa-2f03-11ee-9d81-d8bbc1768911.jpg", "bboxes": [0.0971799210377891, 0.217033276931754, 0.6036661026508743, 0.8611393119007332], "class": 1}