{"image": "b3a923fa-2f03-11ee-9d81-d8bbc1768911.jpg", "bboxes": [0.3749576988155669, 0.14774957698815566, 0.8814438804286521, 0.7918556119571349], "class": 1}