{"image": "b3a923fa-2f03-11ee-9d81-d8bbc1768911.jpg", "bboxes": [0.2905132543711224, 0.11219402143260011, 0.7969994359842076, 0.7563000564015794], "class": 1}