{"image": "b3a923fa-2f03-11ee-9d81-d8bbc1768911.jpg", "bboxes": [0.14966723068245902, 0.20814438804286506, 0.6561534122955442, 0.8522504230118444], "class": 1}