{"image": "b3a923fa-2f03-11ee-9d81-d8bbc1768911.jpg", "bboxes": [0.286068809926678, 0.15663846587704455, 0.7925549915397632, 0.8007445008460238], "class": 1}