{"image": "b3a923fa-2f03-11ee-9d81-d8bbc1768911.jpg", "bboxes": [0.24522278623801463, 0.12330513254371121, 0.7517089678510998, 0.7674111675126905], "class": 1}