{"image": "b3a923fa-2f03-11ee-9d81-d8bbc1768911.jpg", "bboxes": [0.07411167512690353, 0.09663846587704455, 0.5805978567399888, 0.7407445008460238], "class": 1}