{"image": "b3a923fa-2f03-11ee-9d81-d8bbc1768911.jpg", "bboxes": [0.09495769881556687, 0.2481443880428651, 0.601443880428652, 0.8922504230118443], "class": 1}