{"image": "b3a923fa-2f03-11ee-9d81-d8bbc1768911.jpg", "bboxes": [0.338556119571348, 0.21925549915397624, 0.8450423011844331, 0.8633615341229555], "class": 1}