{"image": "b3a923fa-2f03-11ee-9d81-d8bbc1768911.jpg", "bboxes": [0.3630005640157924, 0.15441624365482234, 0.8694867456288775, 0.7985222786238015], "class": 1}