{"image": "b3f98747-2f03-11ee-8728-d8bbc1768911.jpg", "bboxes": [0.0, 0.2533333333333333, 0.40180485053581505, 0.8737507050197405], "class": 1}