{"image": "b3f98747-2f03-11ee-8728-d8bbc1768911.jpg", "bboxes": [0.0, 0.09291596164692614, 0.3862492949802595, 0.7133333333333334], "class": 1}