{"image": "b3f98747-2f03-11ee-8728-d8bbc1768911.jpg", "bboxes": [0.5781951494641849, 0.24888888888888894, 1.0, 0.8693062605752961], "class": 1}