{"image": "b3f98747-2f03-11ee-8728-d8bbc1768911.jpg", "bboxes": [0.06433164128595614, 0.12624929498025947, 0.4884715172024817, 0.7466666666666667], "class": 1}