{"image": "b3f98747-2f03-11ee-8728-d8bbc1768911.jpg", "bboxes": [0.43597292724196274, 0.24444444444444446, 0.8601128031584884, 0.8648618161308517], "class": 1}