{"image": "b3f98747-2f03-11ee-8728-d8bbc1768911.jpg", "bboxes": [0.0, 0.11958262831359281, 0.3173604060913706, 0.74], "class": 1}