{"image": "b3f98747-2f03-11ee-8728-d8bbc1768911.jpg", "bboxes": [0.07544275239706721, 0.2644444444444445, 0.4995826283135928, 0.8848618161308517], "class": 1}