{"image": "b3f98747-2f03-11ee-8728-d8bbc1768911.jpg", "bboxes": [0.19099830795262274, 0.24444444444444446, 0.6151381838691483, 0.8648618161308517], "class": 1}