{"image": "b3f98747-2f03-11ee-8728-d8bbc1768911.jpg", "bboxes": [0.4626395939086294, 0.10402707275803726, 0.886779469825155, 0.7244444444444444], "class": 1}