{"image": "b3f98747-2f03-11ee-8728-d8bbc1768911.jpg", "bboxes": [0.47819514946418495, 0.26, 0.9023350253807105, 0.8804173716864072], "class": 1}