{"image": "b3f98747-2f03-11ee-8728-d8bbc1768911.jpg", "bboxes": [0.3915284827975183, 0.2733333333333333, 0.8156683587140439, 0.8937507050197405], "class": 1}