{"image": "b3f98747-2f03-11ee-8728-d8bbc1768911.jpg", "bboxes": [0.7759729272419628, 0.29333333333333333, 1.0, 0.9137507050197405], "class": 1}