{"image": "b3f98747-2f03-11ee-8728-d8bbc1768911.jpg", "bboxes": [0.4137507050197405, 0.12402707275803726, 0.8378905809362661, 0.7444444444444445], "class": 1}