{"image": "b3f98747-2f03-11ee-8728-d8bbc1768911.jpg", "bboxes": [0.5293062605752961, 0.09291596164692614, 0.9534461364918216, 0.7133333333333334], "class": 1}