{"image": "b3f98747-2f03-11ee-8728-d8bbc1768911.jpg", "bboxes": [0.16655386350817836, 0.2977777777777778, 0.5906937394247039, 0.918195149464185], "class": 1}