{"image": "b3f98747-2f03-11ee-8728-d8bbc1768911.jpg", "bboxes": [0.48263959390862937, 0.2666666666666667, 0.906779469825155, 0.8870840383530738], "class": 1}