{"image": "b3f98747-2f03-11ee-8728-d8bbc1768911.jpg", "bboxes": [0.044331641285956125, 0.27555555555555555, 0.4684715172024817, 0.8959729272419628], "class": 1}