{"image": "b3f98747-2f03-11ee-8728-d8bbc1768911.jpg", "bboxes": [0.49819514946418497, 0.3088888888888889, 0.9223350253807105, 0.9293062605752961], "class": 1}