{"image": "b3f98747-2f03-11ee-8728-d8bbc1768911.jpg", "bboxes": [0.5870840383530739, 0.28222222222222226, 1.0, 0.9026395939086294], "class": 1}