{"image": "b3f98747-2f03-11ee-8728-d8bbc1768911.jpg", "bboxes": [0.16433164128595612, 0.1284715172024817, 0.5884715172024817, 0.7488888888888889], "class": 1}