{"image": "b3f98747-2f03-11ee-8728-d8bbc1768911.jpg", "bboxes": [0.7137507050197405, 0.10624929498025948, 1.0, 0.7266666666666667], "class": 1}