{"image": "b3f98747-2f03-11ee-8728-d8bbc1768911.jpg", "bboxes": [0.0, 0.09069373942470392, 0.3173604060913706, 0.7111111111111111], "class": 1}