{"image": "b3f98747-2f03-11ee-8728-d8bbc1768911.jpg", "bboxes": [0.1687760857304006, 0.24888888888888894, 0.5929159616469262, 0.8693062605752961], "class": 1}