{"image": "b3f98747-2f03-11ee-8728-d8bbc1768911.jpg", "bboxes": [0.0, 0.08402707275803725, 0.37069373942470396, 0.7044444444444444], "class": 1}