{"image": "b3f98747-2f03-11ee-8728-d8bbc1768911.jpg", "bboxes": [0.7515284827975183, 0.26, 1.0, 0.8804173716864072], "class": 1}