{"image": "b3f98747-2f03-11ee-8728-d8bbc1768911.jpg", "bboxes": [0.46930626057529606, 0.08624929498025947, 0.8934461364918217, 0.7066666666666667], "class": 1}