{"image": "b3f98747-2f03-11ee-8728-d8bbc1768911.jpg", "bboxes": [0.19766497461928945, 0.1084715172024817, 0.621804850535815, 0.7288888888888889], "class": 1}