{"image": "b3f98747-2f03-11ee-8728-d8bbc1768911.jpg", "bboxes": [0.7115284827975182, 0.2711111111111111, 1.0, 0.8915284827975183], "class": 1}