{"image": "b3f98747-2f03-11ee-8728-d8bbc1768911.jpg", "bboxes": [0.7426395939086294, 0.3088888888888889, 1.0, 0.9293062605752961], "class": 1}