{"image": "b3f98747-2f03-11ee-8728-d8bbc1768911.jpg", "bboxes": [0.5337507050197405, 0.26222222222222225, 0.9578905809362661, 0.8826395939086294], "class": 1}