{"image": "b3f98747-2f03-11ee-8728-d8bbc1768911.jpg", "bboxes": [0.0, 0.2866666666666666, 0.4173604060913706, 0.9070840383530738], "class": 1}