{"image": "b3f98747-2f03-11ee-8728-d8bbc1768911.jpg", "bboxes": [0.5026395939086294, 0.28, 0.926779469825155, 0.9004173716864072], "class": 1}