{"image": "b3f98747-2f03-11ee-8728-d8bbc1768911.jpg", "bboxes": [0.0, 0.3044444444444444, 0.3595826283135928, 0.9248618161308516], "class": 1}