{"image": "b3f98747-2f03-11ee-8728-d8bbc1768911.jpg", "bboxes": [0.17766497461928943, 0.30666666666666664, 0.6018048505358151, 0.9270840383530738], "class": 1}