{"image": "b3f98747-2f03-11ee-8728-d8bbc1768911.jpg", "bboxes": [0.07988719684151169, 0.1284715172024817, 0.5040270727580373, 0.7488888888888889], "class": 1}