{"image": "b3f98747-2f03-11ee-8728-d8bbc1768911.jpg", "bboxes": [0.4759729272419627, 0.26, 0.9001128031584883, 0.8804173716864072], "class": 1}