{"image": "b3f98747-2f03-11ee-8728-d8bbc1768911.jpg", "bboxes": [0.16655386350817836, 0.11513818386914837, 0.5906937394247039, 0.7355555555555555], "class": 1}