{"image": "b3f98747-2f03-11ee-8728-d8bbc1768911.jpg", "bboxes": [0.1443316412859561, 0.13069373942470391, 0.5684715172024817, 0.7511111111111111], "class": 1}