{"image": "b3f98747-2f03-11ee-8728-d8bbc1768911.jpg", "bboxes": [0.055442752397067196, 0.29333333333333333, 0.4795826283135928, 0.9137507050197405], "class": 1}