{"image": "b3f98747-2f03-11ee-8728-d8bbc1768911.jpg", "bboxes": [0.5404173716864071, 0.11069373942470392, 0.9645572476029328, 0.7311111111111112], "class": 1}