{"image": "b3f98747-2f03-11ee-8728-d8bbc1768911.jpg", "bboxes": [0.0, 0.2777777777777778, 0.34402707275803723, 0.898195149464185], "class": 1}