{"image": "b3f98747-2f03-11ee-8728-d8bbc1768911.jpg", "bboxes": [0.7004173716864072, 0.30222222222222217, 1.0, 0.9226395939086294], "class": 1}