{"image": "b3f98747-2f03-11ee-8728-d8bbc1768911.jpg", "bboxes": [0.0, 0.08624929498025947, 0.35069373942470394, 0.7066666666666667], "class": 1}