{"image": "b3f98747-2f03-11ee-8728-d8bbc1768911.jpg", "bboxes": [0.0, 0.2844444444444445, 0.24402707275803726, 0.9048618161308516], "class": 1}