{"image": "b3f98747-2f03-11ee-8728-d8bbc1768911.jpg", "bboxes": [0.4426395939086294, 0.08624929498025947, 0.866779469825155, 0.7066666666666667], "class": 1}