{"image": "b4496cde-2f03-11ee-ae54-d8bbc1768911.jpg", "bboxes": [0.0786689227298365, 0.10043993231810493, 0.5084489565707839, 0.7456739988719685], "class": 1}