{"image": "b4496cde-2f03-11ee-ae54-d8bbc1768911.jpg", "bboxes": [0.43821771009588273, 0.08932882120699381, 0.8679977439368302, 0.7345628877608573], "class": 1}