{"image": "b4496cde-2f03-11ee-ae54-d8bbc1768911.jpg", "bboxes": [0.10533558939650323, 0.08266215454032715, 0.5351156232374505, 0.7278962210941907], "class": 1}