{"image": "b4496cde-2f03-11ee-ae54-d8bbc1768911.jpg", "bboxes": [0.05866892272983659, 0.051551043429216035, 0.4884489565707839, 0.6967851099830795], "class": 1}