{"image": "b4496cde-2f03-11ee-ae54-d8bbc1768911.jpg", "bboxes": [0.0, 0.25654822335025373, 0.14844895657078394, 0.9017822899041172], "class": 1}