{"image": "b4496cde-2f03-11ee-ae54-d8bbc1768911.jpg", "bboxes": [0.0, 0.298770445572476, 0.4128934010152284, 0.9440045121263395], "class": 1}