{"image": "b4496cde-2f03-11ee-ae54-d8bbc1768911.jpg", "bboxes": [0.0, 0.11821771009588271, 0.18178228990411727, 0.7634517766497463], "class": 1}