{"image": "b4496cde-2f03-11ee-ae54-d8bbc1768911.jpg", "bboxes": [0.4359954878736605, 0.08043993231810492, 0.8657755217146079, 0.7256739988719685], "class": 1}