{"image": "b4496cde-2f03-11ee-ae54-d8bbc1768911.jpg", "bboxes": [0.0, 0.07155104342921603, 0.3662267343485617, 0.7167851099830795], "class": 1}