{"image": "b4496cde-2f03-11ee-ae54-d8bbc1768911.jpg", "bboxes": [0.0, 0.08932882120699381, 0.20400451212633952, 0.7345628877608573], "class": 1}