{"image": "b4496cde-2f03-11ee-ae54-d8bbc1768911.jpg", "bboxes": [0.06089114495205872, 0.10266215454032715, 0.49067117879300615, 0.7478962210941906], "class": 1}