{"image": "b4496cde-2f03-11ee-ae54-d8bbc1768911.jpg", "bboxes": [0.0, 0.09155104342921604, 0.41511562323745066, 0.7367851099830796], "class": 1}