{"image": "b4496cde-2f03-11ee-ae54-d8bbc1768911.jpg", "bboxes": [0.4782177100958827, 0.28988155668358706, 0.9079977439368301, 0.9351156232374507], "class": 1}