{"image": "b4496cde-2f03-11ee-ae54-d8bbc1768911.jpg", "bboxes": [0.0, 0.29432600112803153, 0.3484489565707839, 0.939560067681895], "class": 1}