{"image": "b4496cde-2f03-11ee-ae54-d8bbc1768911.jpg", "bboxes": [0.0, 0.24988155668358714, 0.30844895657078397, 0.8951156232374506], "class": 1}