{"image": "b4496cde-2f03-11ee-ae54-d8bbc1768911.jpg", "bboxes": [0.5737732656514383, 0.06488437676254936, 1.0, 0.7101184433164129], "class": 1}