{"image": "b4496cde-2f03-11ee-ae54-d8bbc1768911.jpg", "bboxes": [0.11200225606316982, 0.3032148900169205, 0.5417822899041173, 0.948448956570784], "class": 1}