{"image": "b4496cde-2f03-11ee-ae54-d8bbc1768911.jpg", "bboxes": [0.04755781161872541, 0.298770445572476, 0.47733784545967284, 0.9440045121263395], "class": 1}