{"image": "b4496cde-2f03-11ee-ae54-d8bbc1768911.jpg", "bboxes": [0.0, 0.0982177100958827, 0.3862267343485617, 0.7434517766497463], "class": 1}