{"image": "b4496cde-2f03-11ee-ae54-d8bbc1768911.jpg", "bboxes": [0.0, 0.09377326565143826, 0.3351156232374506, 0.7390073322053018], "class": 1}