{"image": "b4496cde-2f03-11ee-ae54-d8bbc1768911.jpg", "bboxes": [0.6448843767625494, 0.051551043429216035, 1.0, 0.6967851099830795], "class": 1}