{"image": "b4496cde-2f03-11ee-ae54-d8bbc1768911.jpg", "bboxes": [0.7559954878736604, 0.278770445572476, 1.0, 0.9240045121263395], "class": 1}