{"image": "b4496cde-2f03-11ee-ae54-d8bbc1768911.jpg", "bboxes": [0.10311336717428099, 0.24543711223914266, 0.5328934010152284, 0.8906711787930062], "class": 1}