{"image": "b4496cde-2f03-11ee-ae54-d8bbc1768911.jpg", "bboxes": [0.6293288212069938, 0.2609926677946982, 1.0, 0.9062267343485617], "class": 1}