{"image": "b4496cde-2f03-11ee-ae54-d8bbc1768911.jpg", "bboxes": [0.0, 0.28321489001692046, 0.22400451212633954, 0.928448956570784], "class": 1}