{"image": "b4496cde-2f03-11ee-ae54-d8bbc1768911.jpg", "bboxes": [0.049780033840947646, 0.0782177100958827, 0.4795600676818951, 0.7234517766497462], "class": 1}