{"image": "b4496cde-2f03-11ee-ae54-d8bbc1768911.jpg", "bboxes": [0.0, 0.29654822335025377, 0.2284489565707839, 0.9417822899041173], "class": 1}