{"image": "b4496cde-2f03-11ee-ae54-d8bbc1768911.jpg", "bboxes": [0.5826621545403272, 0.3032148900169205, 1.0, 0.948448956570784], "class": 1}