{"image": "b4496cde-2f03-11ee-ae54-d8bbc1768911.jpg", "bboxes": [0.7537732656514383, 0.30099266779469824, 1.0, 0.9462267343485617], "class": 1}