{"image": "b4496cde-2f03-11ee-ae54-d8bbc1768911.jpg", "bboxes": [0.0, 0.24321489001692043, 0.38178228990411733, 0.8884489565707839], "class": 1}