{"image": "b4496cde-2f03-11ee-ae54-d8bbc1768911.jpg", "bboxes": [0.800439932318105, 0.2476593344613649, 1.0, 0.8928934010152284], "class": 1}