{"image": "b4496cde-2f03-11ee-ae54-d8bbc1768911.jpg", "bboxes": [0.711551043429216, 0.09599548787366048, 1.0, 0.741229554427524], "class": 1}