{"image": "b4496cde-2f03-11ee-ae54-d8bbc1768911.jpg", "bboxes": [0.5671065989847716, 0.3032148900169205, 0.996886632825719, 0.948448956570784], "class": 1}