{"image": "b4496cde-2f03-11ee-ae54-d8bbc1768911.jpg", "bboxes": [0.48488437676254936, 0.2854371122391427, 0.9146644106034968, 0.9306711787930062], "class": 1}