{"image": "b4496cde-2f03-11ee-ae54-d8bbc1768911.jpg", "bboxes": [0.7871065989847716, 0.10932882120699382, 1.0, 0.7545628877608573], "class": 1}