{"image": "b4496cde-2f03-11ee-ae54-d8bbc1768911.jpg", "bboxes": [0.6626621545403272, 0.10043993231810493, 1.0, 0.7456739988719685], "class": 1}