{"image": "b4496cde-2f03-11ee-ae54-d8bbc1768911.jpg", "bboxes": [0.025335589396503266, 0.08710659898477159, 0.4551156232374506, 0.7323406655386351], "class": 1}