{"image": "b4496cde-2f03-11ee-ae54-d8bbc1768911.jpg", "bboxes": [0.7826621545403272, 0.24988155668358714, 1.0, 0.8951156232374506], "class": 1}