{"image": "b4496cde-2f03-11ee-ae54-d8bbc1768911.jpg", "bboxes": [0.0, 0.10488437676254937, 0.2906711787930062, 0.7501184433164129], "class": 1}