{"image": "b4496cde-2f03-11ee-ae54-d8bbc1768911.jpg", "bboxes": [0.6671065989847716, 0.2743260011280315, 1.0, 0.9195600676818951], "class": 1}