{"image": "b4496cde-2f03-11ee-ae54-d8bbc1768911.jpg", "bboxes": [0.45155104342921604, 0.1071065989847716, 0.8813310772701635, 0.7523406655386351], "class": 1}