{"image": "b4496cde-2f03-11ee-ae54-d8bbc1768911.jpg", "bboxes": [0.800439932318105, 0.05377326565143826, 1.0, 0.6990073322053018], "class": 1}