{"image": "b4496cde-2f03-11ee-ae54-d8bbc1768911.jpg", "bboxes": [0.0, 0.2654371122391427, 0.22622673434856178, 0.9106711787930062], "class": 1}