{"image": "b4496cde-2f03-11ee-ae54-d8bbc1768911.jpg", "bboxes": [0.1164467005076143, 0.060439932318104926, 0.5462267343485617, 0.7056739988719685], "class": 1}