{"image": "b4496cde-2f03-11ee-ae54-d8bbc1768911.jpg", "bboxes": [0.7382177100958828, 0.24543711223914266, 1.0, 0.8906711787930062], "class": 1}