{"image": "b4496cde-2f03-11ee-ae54-d8bbc1768911.jpg", "bboxes": [0.05866892272983659, 0.07155104342921603, 0.4884489565707839, 0.7167851099830795], "class": 1}