{"image": "b4997bfa-2f03-11ee-9106-d8bbc1768911.jpg", "bboxes": [0.4448843767625494, 0.10830231246474903, 0.8724083474337282, 0.7478962210941906], "class": 1}