{"image": "b4997bfa-2f03-11ee-9106-d8bbc1768911.jpg", "bboxes": [0.7982177100958827, 0.29432600112803153, 1.0, 0.9339199097574732], "class": 1}