{"image": "b4997bfa-2f03-11ee-9106-d8bbc1768911.jpg", "bboxes": [0.0, 0.09274675690919347, 0.2928934010152284, 0.7323406655386351], "class": 1}