{"image": "b4997bfa-2f03-11ee-9106-d8bbc1768911.jpg", "bboxes": [0.0, 0.11274675690919347, 0.1706711787930062, 0.7523406655386351], "class": 1}