{"image": "b4997bfa-2f03-11ee-9106-d8bbc1768911.jpg", "bboxes": [0.720439932318105, 0.27654822335025375, 1.0, 0.9161421319796954], "class": 1}