{"image": "b4997bfa-2f03-11ee-9106-d8bbc1768911.jpg", "bboxes": [0.6159954878736605, 0.05719120135363792, 1.0, 0.6967851099830795], "class": 1}