{"image": "b4997bfa-2f03-11ee-9106-d8bbc1768911.jpg", "bboxes": [0.711551043429216, 0.07719120135363793, 1.0, 0.7167851099830795], "class": 1}