{"image": "b4997bfa-2f03-11ee-9106-d8bbc1768911.jpg", "bboxes": [0.6359954878736604, 0.278770445572476, 1.0, 0.9183643542019176], "class": 1}