{"image": "b4997bfa-2f03-11ee-9106-d8bbc1768911.jpg", "bboxes": [0.0, 0.06385786802030459, 0.2706711787930062, 0.7034517766497462], "class": 1}