{"image": "b4997bfa-2f03-11ee-9106-d8bbc1768911.jpg", "bboxes": [0.0, 0.2676593344613649, 0.4106711787930062, 0.9072532430908066], "class": 1}