{"image": "b4997bfa-2f03-11ee-9106-d8bbc1768911.jpg", "bboxes": [0.0, 0.09941342357586014, 0.208448956570784, 0.7390073322053018], "class": 1}