{"image": "b4997bfa-2f03-11ee-9106-d8bbc1768911.jpg", "bboxes": [0.6159954878736605, 0.08163564579808236, 1.0, 0.721229554427524], "class": 1}