{"image": "b4997bfa-2f03-11ee-9106-d8bbc1768911.jpg", "bboxes": [0.0, 0.1060800902425268, 0.34622673434856177, 0.7456739988719685], "class": 1}