{"image": "b4997bfa-2f03-11ee-9106-d8bbc1768911.jpg", "bboxes": [0.8293288212069938, 0.28988155668358706, 1.0, 0.9294754653130287], "class": 1}