{"image": "b4997bfa-2f03-11ee-9106-d8bbc1768911.jpg", "bboxes": [0.0, 0.05719120135363792, 0.2217822899041173, 0.6967851099830795], "class": 1}