{"image": "b4997bfa-2f03-11ee-9106-d8bbc1768911.jpg", "bboxes": [0.4693288212069938, 0.06830231246474903, 0.8968527918781726, 0.7078962210941907], "class": 1}