{"image": "b4997bfa-2f03-11ee-9106-d8bbc1768911.jpg", "bboxes": [0.0, 0.2521037789058094, 0.24178228990411732, 0.8916976875352509], "class": 1}