{"image": "b4997bfa-2f03-11ee-9106-d8bbc1768911.jpg", "bboxes": [0.11648054145516074, 0.25654822335025373, 0.5440045121263395, 0.8961421319796954], "class": 1}