{"image": "b4997bfa-2f03-11ee-9106-d8bbc1768911.jpg", "bboxes": [0.0, 0.25654822335025373, 0.3728934010152284, 0.8961421319796954], "class": 1}