{"image": "b4997bfa-2f03-11ee-9106-d8bbc1768911.jpg", "bboxes": [0.8071065989847717, 0.2854371122391427, 1.0, 0.9250310208685844], "class": 1}