{"image": "b4997bfa-2f03-11ee-9106-d8bbc1768911.jpg", "bboxes": [0.5959954878736605, 0.059413423575860144, 1.0, 0.6990073322053018], "class": 1}