{"image": "b4997bfa-2f03-11ee-9106-d8bbc1768911.jpg", "bboxes": [0.6426621545403272, 0.24543711223914266, 1.0, 0.8850310208685843], "class": 1}