{"image": "b4997bfa-2f03-11ee-9106-d8bbc1768911.jpg", "bboxes": [0.04759165256627185, 0.08830231246474902, 0.4751156232374506, 0.7278962210941907], "class": 1}