{"image": "b4997bfa-2f03-11ee-9106-d8bbc1768911.jpg", "bboxes": [0.0, 0.10163564579808236, 0.1840045121263395, 0.741229554427524], "class": 1}