{"image": "b4997bfa-2f03-11ee-9106-d8bbc1768911.jpg", "bboxes": [0.5448843767625494, 0.09052453468697125, 0.9724083474337282, 0.7301184433164128], "class": 1}