{"image": "b4997bfa-2f03-11ee-9106-d8bbc1768911.jpg", "bboxes": [0.016480541455160758, 0.11941342357586014, 0.4440045121263395, 0.7590073322053018], "class": 1}