{"image": "b4997bfa-2f03-11ee-9106-d8bbc1768911.jpg", "bboxes": [0.0, 0.09496897913141569, 0.42178228990411726, 0.7345628877608573], "class": 1}