{"image": "b4997bfa-2f03-11ee-9106-d8bbc1768911.jpg", "bboxes": [0.47599548787366047, 0.1149689791314157, 0.9035194585448393, 0.7545628877608573], "class": 1}