{"image": "b4997bfa-2f03-11ee-9106-d8bbc1768911.jpg", "bboxes": [0.5071065989847716, 0.2809926677946982, 0.9346305696559504, 0.9205865764241399], "class": 1}