{"image": "b4997bfa-2f03-11ee-9106-d8bbc1768911.jpg", "bboxes": [0.0, 0.11052453468697125, 0.4106711787930062, 0.7501184433164129], "class": 1}