{"image": "b4997bfa-2f03-11ee-9106-d8bbc1768911.jpg", "bboxes": [0.0, 0.2654371122391427, 0.299560067681895, 0.9050310208685843], "class": 1}