{"image": "b4997bfa-2f03-11ee-9106-d8bbc1768911.jpg", "bboxes": [0.138702763677383, 0.09052453468697125, 0.5662267343485617, 0.7301184433164128], "class": 1}