{"image": "b4997bfa-2f03-11ee-9106-d8bbc1768911.jpg", "bboxes": [0.591551043429216, 0.09941342357586014, 1.0, 0.7390073322053018], "class": 1}