{"image": "b4997bfa-2f03-11ee-9106-d8bbc1768911.jpg", "bboxes": [0.0, 0.28765933446136494, 0.3240045121263395, 0.9272532430908065], "class": 1}