{"image": "b4997bfa-2f03-11ee-9106-d8bbc1768911.jpg", "bboxes": [0.6315510434292161, 0.08385786802030458, 1.0, 0.7234517766497462], "class": 1}