{"image": "b4997bfa-2f03-11ee-9106-d8bbc1768911.jpg", "bboxes": [0.720439932318105, 0.10830231246474903, 1.0, 0.7478962210941906], "class": 1}