{"image": "b4997bfa-2f03-11ee-9106-d8bbc1768911.jpg", "bboxes": [0.0, 0.29654822335025377, 0.3040045121263395, 0.9361421319796954], "class": 1}