{"image": "b4997bfa-2f03-11ee-9106-d8bbc1768911.jpg", "bboxes": [0.0, 0.12385786802030459, 0.33956006768189506, 0.7634517766497463], "class": 1}