{"image": "b4997bfa-2f03-11ee-9106-d8bbc1768911.jpg", "bboxes": [0.0, 0.10385786802030458, 0.28178228990411724, 0.7434517766497463], "class": 1}