{"image": "b4997bfa-2f03-11ee-9106-d8bbc1768911.jpg", "bboxes": [0.029813874788494066, 0.278770445572476, 0.4573378454596728, 0.9183643542019176], "class": 1}