{"image": "b4997bfa-2f03-11ee-9106-d8bbc1768911.jpg", "bboxes": [0.0, 0.2543260011280315, 0.32622673434856175, 0.8939199097574732], "class": 1}