{"image": "b4997bfa-2f03-11ee-9106-d8bbc1768911.jpg", "bboxes": [0.023147208121827356, 0.278770445572476, 0.4506711787930062, 0.9183643542019176], "class": 1}