{"image": "b4997bfa-2f03-11ee-9106-d8bbc1768911.jpg", "bboxes": [0.791551043429216, 0.30099266779469824, 1.0, 0.9405865764241399], "class": 1}