{"image": "b4997bfa-2f03-11ee-9106-d8bbc1768911.jpg", "bboxes": [0.5159954878736605, 0.23877044557247595, 0.9435194585448393, 0.8783643542019176], "class": 1}