{"image": "b4e821e4-2f03-11ee-8905-d8bbc1768911.jpg", "bboxes": [0.0, 0.1219402143260011, 0.31589396503102096, 0.7276931754089115], "class": 1}