{"image": "b4e821e4-2f03-11ee-8905-d8bbc1768911.jpg", "bboxes": [0.4841060349689791, 0.10416243654822334, 0.9172701635645798, 0.7099153976311338], "class": 1}