{"image": "b4e821e4-2f03-11ee-8905-d8bbc1768911.jpg", "bboxes": [0.11606316976875353, 0.14416243654822333, 0.5492272983643542, 0.7499153976311338], "class": 1}