{"image": "b4e821e4-2f03-11ee-8905-d8bbc1768911.jpg", "bboxes": [0.5996615905245346, 0.12416243654822333, 1.0, 0.7299153976311338], "class": 1}