{"image": "b4e821e4-2f03-11ee-8905-d8bbc1768911.jpg", "bboxes": [0.0, 0.11749576988155667, 0.23367174280879865, 0.7232487309644671], "class": 1}