{"image": "b4e821e4-2f03-11ee-8905-d8bbc1768911.jpg", "bboxes": [0.0, 0.09749576988155667, 0.22478285391990982, 0.703248730964467], "class": 1}