{"image": "b4e821e4-2f03-11ee-8905-d8bbc1768911.jpg", "bboxes": [0.45966159052453465, 0.09527354765933445, 0.8928257191201353, 0.7010265087422448], "class": 1}