{"image": "b4e821e4-2f03-11ee-8905-d8bbc1768911.jpg", "bboxes": [0.0, 0.28564015792442177, 0.2603384094754654, 0.8913931190073322], "class": 1}