{"image": "b4e821e4-2f03-11ee-8905-d8bbc1768911.jpg", "bboxes": [0.5418838127467569, 0.10638465877044556, 0.9750479413423576, 0.712137619853356], "class": 1}