{"image": "b4e821e4-2f03-11ee-8905-d8bbc1768911.jpg", "bboxes": [0.0, 0.08638465877044556, 0.2625606316976876, 0.692137619853356], "class": 1}