{"image": "b4e821e4-2f03-11ee-8905-d8bbc1768911.jpg", "bboxes": [0.5907727016356458, 0.10194021432600112, 1.0, 0.7076931754089115], "class": 1}