{"image": "b4e821e4-2f03-11ee-8905-d8bbc1768911.jpg", "bboxes": [0.0, 0.2923068245910885, 0.3447828539199098, 0.8980597856739989], "class": 1}