{"image": "b4e821e4-2f03-11ee-8905-d8bbc1768911.jpg", "bboxes": [0.4996615905245346, 0.2945290468133107, 0.9328257191201353, 0.9002820078962211], "class": 1}