{"image": "b4e821e4-2f03-11ee-8905-d8bbc1768911.jpg", "bboxes": [0.4285504794134235, 0.07749576988155667, 0.8617146080090242, 0.683248730964467], "class": 1}