{"image": "b4e821e4-2f03-11ee-8905-d8bbc1768911.jpg", "bboxes": [0.10495205865764246, 0.2545290468133107, 0.5381161872532432, 0.8602820078962211], "class": 1}