{"image": "b4e821e4-2f03-11ee-8905-d8bbc1768911.jpg", "bboxes": [0.13161872532430907, 0.12416243654822333, 0.5647828539199098, 0.7299153976311338], "class": 1}