{"image": "b4e821e4-2f03-11ee-8905-d8bbc1768911.jpg", "bboxes": [0.0, 0.14194021432600112, 0.3692272983643543, 0.7476931754089116], "class": 1}