{"image": "b4e821e4-2f03-11ee-8905-d8bbc1768911.jpg", "bboxes": [0.40188381274675683, 0.08416243654822333, 0.8350479413423576, 0.6899153976311337], "class": 1}