{"image": "b4e821e4-2f03-11ee-8905-d8bbc1768911.jpg", "bboxes": [0.6685504794134235, 0.2923068245910885, 1.0, 0.8980597856739989], "class": 1}