{"image": "b4e821e4-2f03-11ee-8905-d8bbc1768911.jpg", "bboxes": [0.5107727016356457, 0.09305132543711223, 0.9439368302312464, 0.6988042865200227], "class": 1}