{"image": "b4e821e4-2f03-11ee-8905-d8bbc1768911.jpg", "bboxes": [0.13161872532430907, 0.2745290468133107, 0.5647828539199098, 0.8802820078962211], "class": 1}