{"image": "b4e821e4-2f03-11ee-8905-d8bbc1768911.jpg", "bboxes": [0.04717428087986464, 0.09082910321489, 0.48033840947546536, 0.6965820642978005], "class": 1}