{"image": "b4e821e4-2f03-11ee-8905-d8bbc1768911.jpg", "bboxes": [0.1338409475465313, 0.12638465877044555, 0.567005076142132, 0.732137619853356], "class": 1}