{"image": "b4e821e4-2f03-11ee-8905-d8bbc1768911.jpg", "bboxes": [0.7441060349689791, 0.11305132543711223, 1.0, 0.7188042865200226], "class": 1}