{"image": "b4e821e4-2f03-11ee-8905-d8bbc1768911.jpg", "bboxes": [0.712994923857868, 0.10638465877044556, 1.0, 0.712137619853356], "class": 1}