{"image": "b4e821e4-2f03-11ee-8905-d8bbc1768911.jpg", "bboxes": [0.5485504794134235, 0.27675126903553293, 0.9817146080090242, 0.8825042301184434], "class": 1}