{"image": "b4e821e4-2f03-11ee-8905-d8bbc1768911.jpg", "bboxes": [0.6107727016356458, 0.1197179921037789, 1.0, 0.7254709531866893], "class": 1}