{"image": "b4e821e4-2f03-11ee-8905-d8bbc1768911.jpg", "bboxes": [0.7529949238578679, 0.2545290468133107, 1.0, 0.8602820078962211], "class": 1}