{"image": "b4e821e4-2f03-11ee-8905-d8bbc1768911.jpg", "bboxes": [0.47743936830231243, 0.1397179921037789, 0.9106034968979131, 0.7454709531866893], "class": 1}