{"image": "b4e821e4-2f03-11ee-8905-d8bbc1768911.jpg", "bboxes": [0.0, 0.13527354765933444, 0.407005076142132, 0.7410265087422448], "class": 1}