{"image": "b4e821e4-2f03-11ee-8905-d8bbc1768911.jpg", "bboxes": [0.024952058657642384, 0.09749576988155667, 0.4581161872532431, 0.703248730964467], "class": 1}