{"image": "b4e821e4-2f03-11ee-8905-d8bbc1768911.jpg", "bboxes": [0.16717428087986463, 0.0997179921037789, 0.6003384094754654, 0.7054709531866893], "class": 1}