{"image": "b4e821e4-2f03-11ee-8905-d8bbc1768911.jpg", "bboxes": [0.572994923857868, 0.09082910321489, 1.0, 0.6965820642978005], "class": 1}