{"image": "b4e821e4-2f03-11ee-8905-d8bbc1768911.jpg", "bboxes": [0.45966159052453465, 0.07971799210377889, 0.8928257191201353, 0.6854709531866893], "class": 1}