{"image": "b4e821e4-2f03-11ee-8905-d8bbc1768911.jpg", "bboxes": [0.7507727016356457, 0.2634179357021996, 1.0, 0.86917089678511], "class": 1}