{"image": "b4e821e4-2f03-11ee-8905-d8bbc1768911.jpg", "bboxes": [0.6885504794134235, 0.3011957134799773, 1.0, 0.9069486745628877], "class": 1}