{"image": "b4e821e4-2f03-11ee-8905-d8bbc1768911.jpg", "bboxes": [0.46410603496897906, 0.2700846023688662, 0.8972701635645798, 0.8758375634517767], "class": 1}