{"image": "b4e821e4-2f03-11ee-8905-d8bbc1768911.jpg", "bboxes": [0.0, 0.3011957134799773, 0.36033840947546536, 0.9069486745628877], "class": 1}