{"image": "b4e821e4-2f03-11ee-8905-d8bbc1768911.jpg", "bboxes": [0.7307727016356458, 0.29675126903553295, 1.0, 0.9025042301184434], "class": 1}