{"image": "b4e821e4-2f03-11ee-8905-d8bbc1768911.jpg", "bboxes": [0.7707727016356457, 0.13082910321489, 1.0, 0.7365820642978004], "class": 1}