{"image": "b4e821e4-2f03-11ee-8905-d8bbc1768911.jpg", "bboxes": [0.6485504794134235, 0.11527354765933445, 1.0, 0.7210265087422448], "class": 1}