{"image": "b4e821e4-2f03-11ee-8905-d8bbc1768911.jpg", "bboxes": [0.02272983643542026, 0.25897349125775515, 0.455893965031021, 0.8647264523406656], "class": 1}