{"image": "b4e821e4-2f03-11ee-8905-d8bbc1768911.jpg", "bboxes": [0.06717428087986466, 0.13749576988155668, 0.5003384094754654, 0.7432487309644671], "class": 1}