{"image": "b4e821e4-2f03-11ee-8905-d8bbc1768911.jpg", "bboxes": [0.0, 0.31008460236886626, 0.4003384094754654, 0.9158375634517767], "class": 1}