{"image": "b4e821e4-2f03-11ee-8905-d8bbc1768911.jpg", "bboxes": [0.14050761421319802, 0.2545290468133107, 0.5736717428087987, 0.8602820078962211], "class": 1}