{"image": "b4e821e4-2f03-11ee-8905-d8bbc1768911.jpg", "bboxes": [0.15384094754653133, 0.11527354765933445, 0.587005076142132, 0.7210265087422448], "class": 1}