{"image": "b4e821e4-2f03-11ee-8905-d8bbc1768911.jpg", "bboxes": [0.1893965031020869, 0.2700846023688662, 0.6225606316976876, 0.8758375634517767], "class": 1}