{"image": "b4e821e4-2f03-11ee-8905-d8bbc1768911.jpg", "bboxes": [0.00939650310208684, 0.2611957134799774, 0.44256063169768756, 0.8669486745628878], "class": 1}