{"image": "b4e821e4-2f03-11ee-8905-d8bbc1768911.jpg", "bboxes": [0.7418838127467569, 0.3123068245910885, 1.0, 0.9180597856739989], "class": 1}