{"image": "b53ac3e9-2f03-11ee-b6c1-d8bbc1768911.jpg", "bboxes": [0.2093513818386914, 0.1380710659898477, 0.7271178793006203, 0.686294416243655], "class": 1}