{"image": "b53ac3e9-2f03-11ee-b6c1-d8bbc1768911.jpg", "bboxes": [0.11379582628313578, 0.2848166948674562, 0.6315623237450648, 0.8330400451212634], "class": 1}