{"image": "b53ac3e9-2f03-11ee-b6c1-d8bbc1768911.jpg", "bboxes": [0.15157360406091358, 0.2914833615341229, 0.6693401015228426, 0.8397067117879301], "class": 1}