{"image": "b53ac3e9-2f03-11ee-b6c1-d8bbc1768911.jpg", "bboxes": [0.3982402707275803, 0.3159278059785673, 0.9160067681895092, 0.8641511562323745], "class": 1}