{"image": "b53ac3e9-2f03-11ee-b6c1-d8bbc1768911.jpg", "bboxes": [0.41510434292160187, 0.2892611393119007, 0.9328708403835309, 0.8374844895657079], "class": 1}