{"image": "b53ac3e9-2f03-11ee-b6c1-d8bbc1768911.jpg", "bboxes": [0.2604624929498025, 0.2781500282007895, 0.7782289904117314, 0.8263733784545968], "class": 1}