{"image": "b53ac3e9-2f03-11ee-b6c1-d8bbc1768911.jpg", "bboxes": [0.0, 0.2803722504230117, 0.5173152848279753, 0.8285956006768189], "class": 1}