{"image": "b53ac3e9-2f03-11ee-b6c1-d8bbc1768911.jpg", "bboxes": [0.23288212069937964, 0.14029328821206993, 0.7506486181613087, 0.6885166384658771], "class": 1}