{"image": "b53ac3e9-2f03-11ee-b6c1-d8bbc1768911.jpg", "bboxes": [0.46490693739424693, 0.30703891708967845, 0.9826734348561759, 0.8552622673434856], "class": 1}