{"image": "b53ac3e9-2f03-11ee-b6c1-d8bbc1768911.jpg", "bboxes": [0.10177100958826853, 0.12251551043429215, 0.6195375070501975, 0.6707388606880993], "class": 1}