{"image": "b53ac3e9-2f03-11ee-b6c1-d8bbc1768911.jpg", "bboxes": [0.19288212069937963, 0.14918217710095882, 0.7106486181613086, 0.697405527354766], "class": 1}