{"image": "b53ac3e9-2f03-11ee-b6c1-d8bbc1768911.jpg", "bboxes": [0.2982402707275802, 0.27592780597856736, 0.8160067681895092, 0.8241511562323744], "class": 1}