{"image": "b53ac3e9-2f03-11ee-b6c1-d8bbc1768911.jpg", "bboxes": [0.4315736040609136, 0.17140439932318105, 0.9493401015228425, 0.7196277495769883], "class": 1}