{"image": "b53ac3e9-2f03-11ee-b6c1-d8bbc1768911.jpg", "bboxes": [0.28935138183869136, 0.14918217710095882, 0.8071178793006204, 0.697405527354766], "class": 1}