{"image": "b53ac3e9-2f03-11ee-b6c1-d8bbc1768911.jpg", "bboxes": [0.30046249294980243, 0.15140439932318103, 0.8182289904117315, 0.6996277495769883], "class": 1}