{"image": "b53ac3e9-2f03-11ee-b6c1-d8bbc1768911.jpg", "bboxes": [0.35288212069937963, 0.18251551043429215, 0.8706486181613087, 0.7307388606880993], "class": 1}