{"image": "b53ac3e9-2f03-11ee-b6c1-d8bbc1768911.jpg", "bboxes": [0.38935138183869133, 0.1780710659898477, 0.9071178793006204, 0.7262944162436549], "class": 1}