{"image": "b53ac3e9-2f03-11ee-b6c1-d8bbc1768911.jpg", "bboxes": [0.3537958262831358, 0.29370558375634515, 0.8715623237450648, 0.8419289340101523], "class": 1}