{"image": "b53ac3e9-2f03-11ee-b6c1-d8bbc1768911.jpg", "bboxes": [0.11954878736604631, 0.15807106598984771, 0.6373152848279753, 0.7062944162436549], "class": 1}