{"image": "b53ac3e9-2f03-11ee-b6c1-d8bbc1768911.jpg", "bboxes": [0.40935138183869135, 0.14473773265651438, 0.9271178793006204, 0.6929610829103215], "class": 1}