{"image": "b53ac3e9-2f03-11ee-b6c1-d8bbc1768911.jpg", "bboxes": [0.2404624929498025, 0.16029328821206992, 0.7582289904117314, 0.7085166384658771], "class": 1}