{"image": "b53ac3e9-2f03-11ee-b6c1-d8bbc1768911.jpg", "bboxes": [0.1404624929498025, 0.3048166948674562, 0.6582289904117316, 0.8530400451212634], "class": 1}