{"image": "b53ac3e9-2f03-11ee-b6c1-d8bbc1768911.jpg", "bboxes": [0.3293513818386914, 0.30037225042301174, 0.8471178793006203, 0.8485956006768189], "class": 1}