{"image": "b53ac3e9-2f03-11ee-b6c1-d8bbc1768911.jpg", "bboxes": [0.3573265651438241, 0.2737055837563451, 0.8750930626057531, 0.8219289340101523], "class": 1}