{"image": "b53ac3e9-2f03-11ee-b6c1-d8bbc1768911.jpg", "bboxes": [0.17379582628313583, 0.1180710659898477, 0.6915623237450648, 0.6662944162436549], "class": 1}