{"image": "b53ac3e9-2f03-11ee-b6c1-d8bbc1768911.jpg", "bboxes": [0.24268471517202472, 0.13140439932318104, 0.7604512126339538, 0.6796277495769882], "class": 1}