{"image": "b53ac3e9-2f03-11ee-b6c1-d8bbc1768911.jpg", "bboxes": [0.39601804850535804, 0.12473773265651437, 0.9137845459672871, 0.6729610829103215], "class": 1}