{"image": "b53ac3e9-2f03-11ee-b6c1-d8bbc1768911.jpg", "bboxes": [0.06268471517202467, 0.18029328821206994, 0.5804512126339537, 0.7285166384658771], "class": 1}