{"image": "b53ac3e9-2f03-11ee-b6c1-d8bbc1768911.jpg", "bboxes": [0.11954878736604631, 0.1691821771009588, 0.6373152848279753, 0.717405527354766], "class": 1}