{"image": "b53ac3e9-2f03-11ee-b6c1-d8bbc1768911.jpg", "bboxes": [0.22712915961646907, 0.32481669486745623, 0.7448956570783982, 0.8730400451212634], "class": 1}