{"image": "b53ac3e9-2f03-11ee-b6c1-d8bbc1768911.jpg", "bboxes": [0.236018048505358, 0.1269599548787366, 0.7537845459672871, 0.6751833051325438], "class": 1}