{"image": "b53ac3e9-2f03-11ee-b6c1-d8bbc1768911.jpg", "bboxes": [0.10490693739424695, 0.1358488437676255, 0.622673434856176, 0.6840721940214327], "class": 1}