{"image": "b53ac3e9-2f03-11ee-b6c1-d8bbc1768911.jpg", "bboxes": [0.4071291596164691, 0.15362662154540327, 0.9248956570783982, 0.7018499717992105], "class": 1}