{"image": "b53ac3e9-2f03-11ee-b6c1-d8bbc1768911.jpg", "bboxes": [0.2404624929498025, 0.2892611393119007, 0.7582289904117314, 0.8374844895657079], "class": 1}