{"image": "b53ac3e9-2f03-11ee-b6c1-d8bbc1768911.jpg", "bboxes": [0.2226847151720247, 0.3292611393119007, 0.7404512126339537, 0.8774844895657079], "class": 1}