{"image": "b53ac3e9-2f03-11ee-b6c1-d8bbc1768911.jpg", "bboxes": [0.09288212069937964, 0.2914833615341229, 0.6106486181613087, 0.8397067117879301], "class": 1}