{"image": "b53ac3e9-2f03-11ee-b6c1-d8bbc1768911.jpg", "bboxes": [0.0039932318104907456, 0.14473773265651438, 0.5217597292724198, 0.6929610829103215], "class": 1}