{"image": "b53ac3e9-2f03-11ee-b6c1-d8bbc1768911.jpg", "bboxes": [0.18621545403271297, 0.3181500282007895, 0.7039819514946419, 0.8663733784545967], "class": 1}