{"image": "b53ac3e9-2f03-11ee-b6c1-d8bbc1768911.jpg", "bboxes": [0.37732656514382407, 0.1291821771009588, 0.895093062605753, 0.677405527354766], "class": 1}