{"image": "b53ac3e9-2f03-11ee-b6c1-d8bbc1768911.jpg", "bboxes": [0.09065989847715741, 0.12251551043429215, 0.6084263959390864, 0.6707388606880993], "class": 1}