{"image": "b53ac3e9-2f03-11ee-b6c1-d8bbc1768911.jpg", "bboxes": [0.03732656514382408, 0.16473773265651437, 0.5550930626057531, 0.7129610829103216], "class": 1}