{"image": "b53ac3e9-2f03-11ee-b6c1-d8bbc1768911.jpg", "bboxes": [0.0995487873660463, 0.3359278059785673, 0.6173152848279754, 0.8841511562323745], "class": 1}