{"image": "b53ac3e9-2f03-11ee-b6c1-d8bbc1768911.jpg", "bboxes": [0.4217710095882685, 0.29592780597856727, 0.9395375070501976, 0.8441511562323745], "class": 1}