{"image": "b53ac3e9-2f03-11ee-b6c1-d8bbc1768911.jpg", "bboxes": [0.31510434292160183, 0.3159278059785673, 0.8328708403835309, 0.8641511562323745], "class": 1}