{"image": "b53ac3e9-2f03-11ee-b6c1-d8bbc1768911.jpg", "bboxes": [0.3226847151720247, 0.29370558375634515, 0.8404512126339537, 0.8419289340101523], "class": 1}