{"image": "b53ac3e9-2f03-11ee-b6c1-d8bbc1768911.jpg", "bboxes": [0.2773265651438241, 0.13140439932318104, 0.7950930626057531, 0.6796277495769882], "class": 1}