{"image": "b53ac3e9-2f03-11ee-b6c1-d8bbc1768911.jpg", "bboxes": [0.06399323181049074, 0.3114833615341229, 0.5817597292724198, 0.85970671178793], "class": 1}