{"image": "b53ac3e9-2f03-11ee-b6c1-d8bbc1768911.jpg", "bboxes": [0.25732656514382407, 0.32037225042301176, 0.7750930626057531, 0.868595600676819], "class": 1}