{"image": "b53ac3e9-2f03-11ee-b6c1-d8bbc1768911.jpg", "bboxes": [0.3604624929498025, 0.26926113931190065, 0.8782289904117315, 0.8174844895657079], "class": 1}