{"image": "b53ac3e9-2f03-11ee-b6c1-d8bbc1768911.jpg", "bboxes": [0.26935138183869134, 0.27592780597856736, 0.7871178793006204, 0.8241511562323744], "class": 1}