{"image": "b53ac3e9-2f03-11ee-b6c1-d8bbc1768911.jpg", "bboxes": [0.4017710095882685, 0.1758488437676255, 0.9195375070501975, 0.7240721940214326], "class": 1}