{"image": "b53ac3e9-2f03-11ee-b6c1-d8bbc1768911.jpg", "bboxes": [0.15824027072758018, 0.1669599548787366, 0.6760067681895092, 0.7151833051325438], "class": 1}