{"image": "b53ac3e9-2f03-11ee-b6c1-d8bbc1768911.jpg", "bboxes": [0.29510434292160187, 0.15584884376762548, 0.8128708403835309, 0.7040721940214327], "class": 1}