{"image": "b53ac3e9-2f03-11ee-b6c1-d8bbc1768911.jpg", "bboxes": [0.13510434292160187, 0.3359278059785673, 0.6528708403835308, 0.8841511562323745], "class": 1}