{"image": "b58a9c12-2f03-11ee-89e0-d8bbc1768911.jpg", "bboxes": [0.0, 0.15684151156232373, 0.5003948110547095, 0.7298815566835872], "class": 1}