{"image": "b58a9c12-2f03-11ee-89e0-d8bbc1768911.jpg", "bboxes": [0.04341793570219964, 0.1635081782289904, 0.5826170332769317, 0.7365482233502539], "class": 1}