{"image": "b58a9c12-2f03-11ee-89e0-d8bbc1768911.jpg", "bboxes": [0.32564015792442186, 0.1635081782289904, 0.864839255499154, 0.7365482233502539], "class": 1}