{"image": "b58a9c12-2f03-11ee-89e0-d8bbc1768911.jpg", "bboxes": [0.35230682459108853, 0.11239706711787928, 0.8915059221658207, 0.6854371122391428], "class": 1}