{"image": "b58a9c12-2f03-11ee-89e0-d8bbc1768911.jpg", "bboxes": [0.48404963338973495, 0.1523970671178793, 1.0, 0.7254371122391428], "class": 1}