{"image": "b58a9c12-2f03-11ee-89e0-d8bbc1768911.jpg", "bboxes": [0.22119571347997743, 0.3034517766497461, 0.7603948110547095, 0.8764918217710096], "class": 1}