{"image": "b58a9c12-2f03-11ee-89e0-d8bbc1768911.jpg", "bboxes": [0.2662718556119571, 0.27011844331641277, 0.8054709531866893, 0.8431584884376763], "class": 1}