{"image": "b58a9c12-2f03-11ee-89e0-d8bbc1768911.jpg", "bboxes": [0.27452904681331075, 0.13684151156232374, 0.8137281443880429, 0.7098815566835872], "class": 1}