{"image": "b58a9c12-2f03-11ee-89e0-d8bbc1768911.jpg", "bboxes": [0.25452904681331073, 0.1546192893401015, 0.7937281443880428, 0.727659334461365], "class": 1}