{"image": "b58a9c12-2f03-11ee-89e0-d8bbc1768911.jpg", "bboxes": [0.09738296672306823, 0.3034517766497461, 0.6365820642978004, 0.8764918217710096], "class": 1}