{"image": "b58a9c12-2f03-11ee-89e0-d8bbc1768911.jpg", "bboxes": [0.15738296672306828, 0.15906373378454594, 0.6965820642978003, 0.7321037789058095], "class": 1}