{"image": "b58a9c12-2f03-11ee-89e0-d8bbc1768911.jpg", "bboxes": [0.37452904681331073, 0.28789622109419055, 0.9137281443880428, 0.860936266215454], "class": 1}