{"image": "b58a9c12-2f03-11ee-89e0-d8bbc1768911.jpg", "bboxes": [0.1329385222786238, 0.15684151156232373, 0.672137619853356, 0.7298815566835872], "class": 1}