{"image": "b58a9c12-2f03-11ee-89e0-d8bbc1768911.jpg", "bboxes": [0.34627185561195717, 0.15684151156232373, 0.8854709531866892, 0.7298815566835872], "class": 1}