{"image": "b58a9c12-2f03-11ee-89e0-d8bbc1768911.jpg", "bboxes": [0.335160744500846, 0.27456288776085724, 0.8743598420755782, 0.8476029328821207], "class": 1}