{"image": "b58a9c12-2f03-11ee-89e0-d8bbc1768911.jpg", "bboxes": [0.13230682459108853, 0.28122955442752384, 0.6715059221658206, 0.8542695995487875], "class": 1}