{"image": "b58a9c12-2f03-11ee-89e0-d8bbc1768911.jpg", "bboxes": [0.22627185561195717, 0.3167851099830794, 0.7654709531866892, 0.8898251551043429], "class": 1}