{"image": "b58a9c12-2f03-11ee-89e0-d8bbc1768911.jpg", "bboxes": [0.31675126903553297, 0.2901184433164128, 0.8559503666102651, 0.8631584884376763], "class": 1}