{"image": "b58a9c12-2f03-11ee-89e0-d8bbc1768911.jpg", "bboxes": [0.26404963338973486, 0.17017484489565707, 0.803248730964467, 0.7432148900169205], "class": 1}