{"image": "b58a9c12-2f03-11ee-89e0-d8bbc1768911.jpg", "bboxes": [0.1018274111675127, 0.11017484489565706, 0.6410265087422449, 0.6832148900169206], "class": 1}