{"image": "b58a9c12-2f03-11ee-89e0-d8bbc1768911.jpg", "bboxes": [0.35071630005640153, 0.252340665538635, 0.8899153976311337, 0.8253807106598985], "class": 1}