{"image": "b58a9c12-2f03-11ee-89e0-d8bbc1768911.jpg", "bboxes": [0.4884940778341793, 0.16573040045121262, 1.0, 0.7387704455724761], "class": 1}