{"image": "b58a9c12-2f03-11ee-89e0-d8bbc1768911.jpg", "bboxes": [0.4573829667230682, 0.27011844331641277, 0.9965820642978004, 0.8431584884376763], "class": 1}