{"image": "b58a9c12-2f03-11ee-89e0-d8bbc1768911.jpg", "bboxes": [0.03230682459108853, 0.26345177664974606, 0.5715059221658206, 0.8364918217710096], "class": 1}