{"image": "b58a9c12-2f03-11ee-89e0-d8bbc1768911.jpg", "bboxes": [0.20119571347997742, 0.13906373378454595, 0.7403948110547095, 0.7121037789058094], "class": 1}