{"image": "b58a9c12-2f03-11ee-89e0-d8bbc1768911.jpg", "bboxes": [0.10119571347997743, 0.12573040045121261, 0.6403948110547095, 0.6987704455724761], "class": 1}