{"image": "b58a9c12-2f03-11ee-89e0-d8bbc1768911.jpg", "bboxes": [0.21452904681331075, 0.1746192893401015, 0.7537281443880429, 0.747659334461365], "class": 1}