{"image": "b58a9c12-2f03-11ee-89e0-d8bbc1768911.jpg", "bboxes": [0.23960518894529048, 0.28122955442752384, 0.7788042865200225, 0.8542695995487875], "class": 1}