{"image": "b58a9c12-2f03-11ee-89e0-d8bbc1768911.jpg", "bboxes": [0.20627185561195716, 0.26789622109419053, 0.7454709531866892, 0.840936266215454], "class": 1}