{"image": "b58a9c12-2f03-11ee-89e0-d8bbc1768911.jpg", "bboxes": [0.43293852227862384, 0.1146192893401015, 0.9721376198533559, 0.687659334461365], "class": 1}