{"image": "b58a9c12-2f03-11ee-89e0-d8bbc1768911.jpg", "bboxes": [0.2678623801466441, 0.2834517766497461, 0.8070614777213762, 0.8564918217710096], "class": 1}