{"image": "b58a9c12-2f03-11ee-89e0-d8bbc1768911.jpg", "bboxes": [0.37675126903553297, 0.26345177664974606, 0.9159503666102651, 0.8364918217710096], "class": 1}