{"image": "b58a9c12-2f03-11ee-89e0-d8bbc1768911.jpg", "bboxes": [0.4707163000564015, 0.1546192893401015, 1.0, 0.727659334461365], "class": 1}