{"image": "b58a9c12-2f03-11ee-89e0-d8bbc1768911.jpg", "bboxes": [0.14341793570219966, 0.3101184433164128, 0.6826170332769318, 0.8831584884376763], "class": 1}