{"image": "b58a9c12-2f03-11ee-89e0-d8bbc1768911.jpg", "bboxes": [0.1611957134799774, 0.12795262267343485, 0.7003948110547096, 0.7009926677946984], "class": 1}