{"image": "b58a9c12-2f03-11ee-89e0-d8bbc1768911.jpg", "bboxes": [0.2100846023688663, 0.2656739988719683, 0.7492836999435984, 0.8387140439932318], "class": 1}