{"image": "b58a9c12-2f03-11ee-89e0-d8bbc1768911.jpg", "bboxes": [0.12182741116751272, 0.252340665538635, 0.6610265087422448, 0.8253807106598985], "class": 1}