{"image": "b58a9c12-2f03-11ee-89e0-d8bbc1768911.jpg", "bboxes": [0.06786238014664409, 0.272340665538635, 0.6070614777213762, 0.8453807106598985], "class": 1}