{"image": "b58a9c12-2f03-11ee-89e0-d8bbc1768911.jpg", "bboxes": [0.20119571347997742, 0.3101184433164128, 0.7403948110547095, 0.8831584884376763], "class": 1}