{"image": "b58a9c12-2f03-11ee-89e0-d8bbc1768911.jpg", "bboxes": [0.47293852227862376, 0.13906373378454595, 1.0, 0.7121037789058094], "class": 1}