{"image": "b58a9c12-2f03-11ee-89e0-d8bbc1768911.jpg", "bboxes": [0.26564015792442186, 0.1457304004512126, 0.804839255499154, 0.7187704455724762], "class": 1}