{"image": "b58a9c12-2f03-11ee-89e0-d8bbc1768911.jpg", "bboxes": [0.26564015792442186, 0.2590073322053017, 0.804839255499154, 0.8320473773265652], "class": 1}