{"image": "b58a9c12-2f03-11ee-89e0-d8bbc1768911.jpg", "bboxes": [0.11516074450084601, 0.12350817822899039, 0.6543598420755781, 0.6965482233502539], "class": 1}