{"image": "b58a9c12-2f03-11ee-89e0-d8bbc1768911.jpg", "bboxes": [0.061195713479977425, 0.1435081782289904, 0.6003948110547095, 0.7165482233502539], "class": 1}