{"image": "b58a9c12-2f03-11ee-89e0-d8bbc1768911.jpg", "bboxes": [0.216751269035533, 0.2901184433164128, 0.755950366610265, 0.8631584884376763], "class": 1}