{"image": "b58a9c12-2f03-11ee-89e0-d8bbc1768911.jpg", "bboxes": [0.276751269035533, 0.31456288776085717, 0.8159503666102651, 0.8876029328821207], "class": 1}