{"image": "b58a9c12-2f03-11ee-89e0-d8bbc1768911.jpg", "bboxes": [0.23230682459108853, 0.11906373378454595, 0.7715059221658206, 0.6921037789058094], "class": 1}