{"image": "b58a9c12-2f03-11ee-89e0-d8bbc1768911.jpg", "bboxes": [0.16341793570219965, 0.15017484489565705, 0.7026170332769317, 0.7232148900169205], "class": 1}