{"image": "b58a9c12-2f03-11ee-89e0-d8bbc1768911.jpg", "bboxes": [0.4684940778341794, 0.27011844331641277, 1.0, 0.8431584884376763], "class": 1}