{"image": "b5da95c2-2f03-11ee-bbc4-d8bbc1768911.jpg", "bboxes": [0.0635532994923858, 0.1638127467569092, 0.5880879864636209, 0.719932318104907], "class": 1}