{"image": "b5da95c2-2f03-11ee-bbc4-d8bbc1768911.jpg", "bboxes": [0.21244218838127468, 0.25117879300620416, 0.7369768753525098, 0.8072983643542019], "class": 1}