{"image": "b5da95c2-2f03-11ee-bbc4-d8bbc1768911.jpg", "bboxes": [0.3146644106034969, 0.1527016356457981, 0.8391990975747321, 0.7088212069937958], "class": 1}