{"image": "b5da95c2-2f03-11ee-bbc4-d8bbc1768911.jpg", "bboxes": [0.23910885504794135, 0.2711787930062042, 0.7636435420191765, 0.8272983643542019], "class": 1}