{"image": "b5da95c2-2f03-11ee-bbc4-d8bbc1768911.jpg", "bboxes": [0.4185786802030458, 0.1527016356457981, 0.9431133671742808, 0.7088212069937958], "class": 1}