{"image": "b5da95c2-2f03-11ee-bbc4-d8bbc1768911.jpg", "bboxes": [0.17857868020304568, 0.29562323745064856, 0.7031133671742809, 0.8517428087986463], "class": 1}