{"image": "b5da95c2-2f03-11ee-bbc4-d8bbc1768911.jpg", "bboxes": [0.0, 0.1527016356457981, 0.5147546531302876, 0.7088212069937958], "class": 1}