{"image": "b5da95c2-2f03-11ee-bbc4-d8bbc1768911.jpg", "bboxes": [0.4408009024252679, 0.25117879300620416, 0.9653355893965031, 0.8072983643542019], "class": 1}