{"image": "b5da95c2-2f03-11ee-bbc4-d8bbc1768911.jpg", "bboxes": [0.15635645798082354, 0.18603496897913144, 0.6808911449520587, 0.7421545403271291], "class": 1}