{"image": "b5da95c2-2f03-11ee-bbc4-d8bbc1768911.jpg", "bboxes": [0.10133107727016358, 0.3111787930062042, 0.6258657642413987, 0.8672983643542019], "class": 1}