{"image": "b5da95c2-2f03-11ee-bbc4-d8bbc1768911.jpg", "bboxes": [0.27191201353637906, 0.3111787930062042, 0.7964467005076142, 0.8672983643542019], "class": 1}