{"image": "b5da95c2-2f03-11ee-bbc4-d8bbc1768911.jpg", "bboxes": [0.09466441060349691, 0.25784545967287087, 0.619199097574732, 0.8139650310208686], "class": 1}