{"image": "b5da95c2-2f03-11ee-bbc4-d8bbc1768911.jpg", "bboxes": [0.3052453468697124, 0.30228990411731527, 0.8297800338409476, 0.858409475465313], "class": 1}