{"image": "b5da95c2-2f03-11ee-bbc4-d8bbc1768911.jpg", "bboxes": [0.1435532994923858, 0.3156232374506486, 0.6680879864636209, 0.8717428087986463], "class": 1}