{"image": "b5da95c2-2f03-11ee-bbc4-d8bbc1768911.jpg", "bboxes": [0.11688663282571914, 0.25562323745064863, 0.6414213197969543, 0.8117428087986464], "class": 1}