{"image": "b5da95c2-2f03-11ee-bbc4-d8bbc1768911.jpg", "bboxes": [0.3813310772701636, 0.16603496897913142, 0.9058657642413988, 0.7221545403271292], "class": 1}