{"image": "b5da95c2-2f03-11ee-bbc4-d8bbc1768911.jpg", "bboxes": [0.36746756909193456, 0.181590524534687, 0.8920022560631697, 0.7377100958826848], "class": 1}