{"image": "b5da95c2-2f03-11ee-bbc4-d8bbc1768911.jpg", "bboxes": [0.3119120135363791, 0.1727016356457981, 0.8364467005076142, 0.7288212069937958], "class": 1}