{"image": "b5da95c2-2f03-11ee-bbc4-d8bbc1768911.jpg", "bboxes": [0.054664410603496916, 0.31340101522842634, 0.5791990975747321, 0.8695205865764242], "class": 1}