{"image": "b5da95c2-2f03-11ee-bbc4-d8bbc1768911.jpg", "bboxes": [0.32080090242526793, 0.1838127467569092, 0.8453355893965031, 0.739932318104907], "class": 1}