{"image": "b5da95c2-2f03-11ee-bbc4-d8bbc1768911.jpg", "bboxes": [0.11857868020304574, 0.14825719120135367, 0.6431133671742808, 0.7043767625493514], "class": 1}