{"image": "b5da95c2-2f03-11ee-bbc4-d8bbc1768911.jpg", "bboxes": [0.36524534686971244, 0.1327016356457981, 0.8897800338409475, 0.6888212069937958], "class": 1}