{"image": "b5da95c2-2f03-11ee-bbc4-d8bbc1768911.jpg", "bboxes": [0.3119120135363791, 0.13047941342357589, 0.8364467005076142, 0.6865989847715737], "class": 1}