{"image": "b5da95c2-2f03-11ee-bbc4-d8bbc1768911.jpg", "bboxes": [0.4519120135363791, 0.29340101522842643, 0.9764467005076142, 0.8495205865764242], "class": 1}