{"image": "b5da95c2-2f03-11ee-bbc4-d8bbc1768911.jpg", "bboxes": [0.1541342357586013, 0.2734010152284264, 0.6786689227298364, 0.8295205865764241], "class": 1}