{"image": "b5da95c2-2f03-11ee-bbc4-d8bbc1768911.jpg", "bboxes": [0.25910885504794134, 0.260067681895093, 0.7836435420191765, 0.8161872532430908], "class": 1}