{"image": "b5da95c2-2f03-11ee-bbc4-d8bbc1768911.jpg", "bboxes": [0.15910885504794137, 0.29562323745064856, 0.6836435420191765, 0.8517428087986463], "class": 1}