{"image": "b5da95c2-2f03-11ee-bbc4-d8bbc1768911.jpg", "bboxes": [0.280800902425268, 0.26228990411731523, 0.8053355893965031, 0.8184094754653131], "class": 1}