{"image": "b5da95c2-2f03-11ee-bbc4-d8bbc1768911.jpg", "bboxes": [0.1635532994923858, 0.1749238578680203, 0.6880879864636209, 0.7310434292160181], "class": 1}