{"image": "b5da95c2-2f03-11ee-bbc4-d8bbc1768911.jpg", "bboxes": [0.23021996615905246, 0.14159052453468698, 0.7547546531302876, 0.6977100958826847], "class": 1}