{"image": "b5da95c2-2f03-11ee-bbc4-d8bbc1768911.jpg", "bboxes": [0.2630231246474902, 0.30673434856175974, 0.7875578116187253, 0.8628539199097575], "class": 1}