{"image": "b5da95c2-2f03-11ee-bbc4-d8bbc1768911.jpg", "bboxes": [0.20799774393683024, 0.14381274675690922, 0.7325324309080654, 0.699932318104907], "class": 1}