{"image": "b5da95c2-2f03-11ee-bbc4-d8bbc1768911.jpg", "bboxes": [0.09635645798082348, 0.28895657078398196, 0.6208911449520587, 0.8450761421319797], "class": 1}