{"image": "b5da95c2-2f03-11ee-bbc4-d8bbc1768911.jpg", "bboxes": [0.0, 0.2845121263395375, 0.5036435420191765, 0.8406316976875352], "class": 1}