{"image": "b5da95c2-2f03-11ee-bbc4-d8bbc1768911.jpg", "bboxes": [0.14799774393683024, 0.13936830231246478, 0.6725324309080654, 0.6954878736604625], "class": 1}