{"image": "b5da95c2-2f03-11ee-bbc4-d8bbc1768911.jpg", "bboxes": [0.29635645798082355, 0.15714608009024253, 0.8208911449520586, 0.7132656514382403], "class": 1}