{"image": "b5da95c2-2f03-11ee-bbc4-d8bbc1768911.jpg", "bboxes": [0.12799774393683025, 0.1727016356457981, 0.6525324309080653, 0.7288212069937958], "class": 1}