{"image": "b5da95c2-2f03-11ee-bbc4-d8bbc1768911.jpg", "bboxes": [0.2413310772701636, 0.2978454596728708, 0.7658657642413987, 0.8539650310208686], "class": 1}