{"image": "b5da95c2-2f03-11ee-bbc4-d8bbc1768911.jpg", "bboxes": [0.07021996615905247, 0.28228990411731525, 0.5947546531302876, 0.8384094754653131], "class": 1}