{"image": "b5da95c2-2f03-11ee-bbc4-d8bbc1768911.jpg", "bboxes": [0.32577552171460805, 0.16159052453468697, 0.8503102086858432, 0.7177100958826848], "class": 1}