{"image": "b5da95c2-2f03-11ee-bbc4-d8bbc1768911.jpg", "bboxes": [0.10799774393683025, 0.19492385786802033, 0.6325324309080654, 0.7510434292160181], "class": 1}