{"image": "b5da95c2-2f03-11ee-bbc4-d8bbc1768911.jpg", "bboxes": [0.21413423575860124, 0.25562323745064863, 0.7386689227298364, 0.8117428087986464], "class": 1}