{"image": "b5da95c2-2f03-11ee-bbc4-d8bbc1768911.jpg", "bboxes": [0.20968979131415688, 0.17714608009024255, 0.734224478285392, 0.7332656514382403], "class": 1}