{"image": "b5da95c2-2f03-11ee-bbc4-d8bbc1768911.jpg", "bboxes": [0.28968979131415684, 0.14825719120135367, 0.814224478285392, 0.7043767625493514], "class": 1}