{"image": "b5da95c2-2f03-11ee-bbc4-d8bbc1768911.jpg", "bboxes": [0.4496897913141569, 0.2778454596728708, 0.9742244782853919, 0.8339650310208686], "class": 1}