{"image": "b5da95c2-2f03-11ee-bbc4-d8bbc1768911.jpg", "bboxes": [0.016886632825719138, 0.29340101522842643, 0.5414213197969543, 0.8495205865764242], "class": 1}