{"image": "b5da95c2-2f03-11ee-bbc4-d8bbc1768911.jpg", "bboxes": [0.09857868020304572, 0.181590524534687, 0.6231133671742808, 0.7377100958826848], "class": 1}