{"image": "b5da95c2-2f03-11ee-bbc4-d8bbc1768911.jpg", "bboxes": [0.10080090242526796, 0.3045121263395375, 0.6253355893965031, 0.8606316976875352], "class": 1}