{"image": "b5da95c2-2f03-11ee-bbc4-d8bbc1768911.jpg", "bboxes": [0.38524534686971235, 0.16603496897913142, 0.9097800338409475, 0.7221545403271292], "class": 1}