{"image": "b5da95c2-2f03-11ee-bbc4-d8bbc1768911.jpg", "bboxes": [0.31021996615905245, 0.1327016356457981, 0.8347546531302876, 0.6888212069937958], "class": 1}