{"image": "b5da95c2-2f03-11ee-bbc4-d8bbc1768911.jpg", "bboxes": [0.13413423575860128, 0.15936830231246477, 0.6586689227298363, 0.7154878736604625], "class": 1}