{"image": "b5da95c2-2f03-11ee-bbc4-d8bbc1768911.jpg", "bboxes": [0.1608009024252679, 0.15714608009024253, 0.6853355893965031, 0.7132656514382403], "class": 1}