{"image": "b5da95c2-2f03-11ee-bbc4-d8bbc1768911.jpg", "bboxes": [0.3185786802030457, 0.28895657078398196, 0.8431133671742809, 0.8450761421319797], "class": 1}