{"image": "b5da95c2-2f03-11ee-bbc4-d8bbc1768911.jpg", "bboxes": [0.22133107727016357, 0.14381274675690922, 0.7458657642413987, 0.699932318104907], "class": 1}