{"image": "b5da95c2-2f03-11ee-bbc4-d8bbc1768911.jpg", "bboxes": [0.15021996615905248, 0.30006768189509303, 0.6747546531302876, 0.8561872532430908], "class": 1}