{"image": "b5da95c2-2f03-11ee-bbc4-d8bbc1768911.jpg", "bboxes": [0.4185786802030458, 0.14603496897913143, 0.9431133671742808, 0.7021545403271292], "class": 1}