{"image": "b62bb754-2f03-11ee-929f-d8bbc1768911.jpg", "bboxes": [0.4003158488437676, 0.31134799774393673, 1.0, 0.9351494641849971], "class": 1}