{"image": "b62bb754-2f03-11ee-929f-d8bbc1768911.jpg", "bboxes": [0.018375634517766457, 0.3224591088550479, 0.6241285956006768, 0.9462605752961083], "class": 1}