{"image": "b62bb754-2f03-11ee-929f-d8bbc1768911.jpg", "bboxes": [0.33587140439932317, 0.32468133107727015, 0.9416243654822335, 0.9484827975183305], "class": 1}