{"image": "b62bb754-2f03-11ee-929f-d8bbc1768911.jpg", "bboxes": [0.364760293288212, 0.2824591088550479, 0.9705132543711225, 0.9062605752961083], "class": 1}