{"image": "b62bb754-2f03-11ee-929f-d8bbc1768911.jpg", "bboxes": [0.0, 0.07373942470389172, 0.4907952622673435, 0.6975408911449521], "class": 1}