{"image": "b62bb754-2f03-11ee-929f-d8bbc1768911.jpg", "bboxes": [0.19170896785109978, 0.3091257755217146, 0.7974619289340101, 0.932927241962775], "class": 1}