{"image": "b62bb754-2f03-11ee-929f-d8bbc1768911.jpg", "bboxes": [0.37364918217710097, 0.05818386914833616, 0.9794021432600113, 0.6819853355893966], "class": 1}