{"image": "b62bb754-2f03-11ee-929f-d8bbc1768911.jpg", "bboxes": [0.39142695995487875, 0.2957924421883812, 0.9971799210377891, 0.9195939086294416], "class": 1}