{"image": "b62bb754-2f03-11ee-929f-d8bbc1768911.jpg", "bboxes": [0.16726452340665535, 0.31357021996615897, 0.7730174844895658, 0.9373716864072194], "class": 1}