{"image": "b62bb754-2f03-11ee-929f-d8bbc1768911.jpg", "bboxes": [0.2428200789622109, 0.2646813310772701, 0.8485730400451212, 0.8884827975183305], "class": 1}