{"image": "b62bb754-2f03-11ee-929f-d8bbc1768911.jpg", "bboxes": [0.0, 0.06485053581500283, 0.5774619289340102, 0.6886520022560633], "class": 1}