{"image": "b62bb754-2f03-11ee-929f-d8bbc1768911.jpg", "bboxes": [0.1517089678510998, 0.3202368866328257, 0.7574619289340102, 0.9440383530738861], "class": 1}