{"image": "b62bb754-2f03-11ee-929f-d8bbc1768911.jpg", "bboxes": [0.0, 0.2913479977439368, 0.6041285956006769, 0.9151494641849972], "class": 1}