{"image": "b62bb754-2f03-11ee-929f-d8bbc1768911.jpg", "bboxes": [0.0, 0.28023688663282564, 0.5019063733784547, 0.904038353073886], "class": 1}