{"image": "b62bb754-2f03-11ee-929f-d8bbc1768911.jpg", "bboxes": [0.15587140439932312, 0.2713479977439368, 0.7616243654822336, 0.8951494641849972], "class": 1}