{"image": "b62bb754-2f03-11ee-929f-d8bbc1768911.jpg", "bboxes": [0.364760293288212, 0.32468133107727015, 0.9705132543711225, 0.9484827975183305], "class": 1}