{"image": "b62bb754-2f03-11ee-929f-d8bbc1768911.jpg", "bboxes": [0.27809362662154535, 0.3269035532994924, 0.8838465877044558, 0.9507050197405528], "class": 1}