{"image": "b62bb754-2f03-11ee-929f-d8bbc1768911.jpg", "bboxes": [0.21587140439932317, 0.2780146644106034, 0.8216243654822335, 0.9018161308516638], "class": 1}