{"image": "b62bb754-2f03-11ee-929f-d8bbc1768911.jpg", "bboxes": [0.20726452340665535, 0.2824591088550479, 0.8130174844895657, 0.9062605752961083], "class": 1}