{"image": "b62bb754-2f03-11ee-929f-d8bbc1768911.jpg", "bboxes": [0.504760293288212, 0.26245910885504786, 1.0, 0.8862605752961082], "class": 1}