{"image": "b62bb754-2f03-11ee-929f-d8bbc1768911.jpg", "bboxes": [0.0, 0.28690355329949235, 0.5330174844895658, 0.9107050197405527], "class": 1}