{"image": "b62bb754-2f03-11ee-929f-d8bbc1768911.jpg", "bboxes": [0.533649182177101, 0.10929498025944727, 1.0, 0.7330964467005077], "class": 1}