{"image": "b62bb754-2f03-11ee-929f-d8bbc1768911.jpg", "bboxes": [0.1828200789622109, 0.06707275803722505, 0.7885730400451213, 0.6908742244782854], "class": 1}