{"image": "b62bb754-2f03-11ee-929f-d8bbc1768911.jpg", "bboxes": [0.0, 0.08040609137055839, 0.5885730400451212, 0.7042075578116188], "class": 1}