{"image": "b62bb754-2f03-11ee-929f-d8bbc1768911.jpg", "bboxes": [0.0, 0.10707275803722505, 0.5396841511562324, 0.7308742244782854], "class": 1}