{"image": "b62bb754-2f03-11ee-929f-d8bbc1768911.jpg", "bboxes": [0.45364918217710093, 0.06707275803722505, 1.0, 0.6908742244782854], "class": 1}