{"image": "b62bb754-2f03-11ee-929f-d8bbc1768911.jpg", "bboxes": [0.0, 0.05596164692611394, 0.5041285956006768, 0.6797631133671743], "class": 1}