{"image": "b62bb754-2f03-11ee-929f-d8bbc1768911.jpg", "bboxes": [0.0, 0.2980146644106034, 0.5241285956006768, 0.9218161308516638], "class": 1}