{"image": "b62bb754-2f03-11ee-929f-d8bbc1768911.jpg", "bboxes": [0.18920473773265645, 0.31801466441060344, 0.7949576988155669, 0.9418161308516638], "class": 1}