{"image": "b62bb754-2f03-11ee-929f-d8bbc1768911.jpg", "bboxes": [0.24948674562887757, 0.08707275803722506, 0.855239706711788, 0.7108742244782854], "class": 1}