{"image": "b62bb754-2f03-11ee-929f-d8bbc1768911.jpg", "bboxes": [0.08504230118443312, 0.26912577552171457, 0.6907952622673436, 0.892927241962775], "class": 1}