{"image": "b62bb754-2f03-11ee-929f-d8bbc1768911.jpg", "bboxes": [0.15142695995487876, 0.060406091370558385, 0.7571799210377891, 0.6842075578116188], "class": 1}