{"image": "b62bb754-2f03-11ee-929f-d8bbc1768911.jpg", "bboxes": [0.45587140439932317, 0.11596164692611394, 1.0, 0.7397631133671744], "class": 1}