{"image": "b62bb754-2f03-11ee-929f-d8bbc1768911.jpg", "bboxes": [0.11393119007332202, 0.10707275803722505, 0.7196841511562324, 0.7308742244782854], "class": 1}