{"image": "b62bb754-2f03-11ee-929f-d8bbc1768911.jpg", "bboxes": [0.1717089678510998, 0.0915172024816695, 0.7774619289340102, 0.7153186689227299], "class": 1}