{"image": "b62bb754-2f03-11ee-929f-d8bbc1768911.jpg", "bboxes": [0.3380936266215454, 0.31134799774393673, 0.9438465877044557, 0.9351494641849971], "class": 1}