{"image": "b62bb754-2f03-11ee-929f-d8bbc1768911.jpg", "bboxes": [0.06059785673998868, 0.051517202481669494, 0.6663508178228991, 0.6753186689227298], "class": 1}