{"image": "b62bb754-2f03-11ee-929f-d8bbc1768911.jpg", "bboxes": [0.24948674562887757, 0.09818386914833617, 0.855239706711788, 0.7219853355893966], "class": 1}