{"image": "b62bb754-2f03-11ee-929f-d8bbc1768911.jpg", "bboxes": [0.23809362662154543, 0.0915172024816695, 0.8438465877044558, 0.7153186689227299], "class": 1}