{"image": "b62bb754-2f03-11ee-929f-d8bbc1768911.jpg", "bboxes": [0.20920473773265646, 0.08040609137055839, 0.8149576988155669, 0.7042075578116188], "class": 1}