{"image": "b62bb754-2f03-11ee-929f-d8bbc1768911.jpg", "bboxes": [0.2114269599548787, 0.0715172024816695, 0.8171799210377891, 0.6953186689227299], "class": 1}