{"image": "b62bb754-2f03-11ee-929f-d8bbc1768911.jpg", "bboxes": [0.1425380710659898, 0.07818386914833617, 0.7482910321489002, 0.7019853355893966], "class": 1}