{"image": "b62bb754-2f03-11ee-929f-d8bbc1768911.jpg", "bboxes": [0.36031584884376755, 0.29357021996615895, 0.966068809926678, 0.9173716864072194], "class": 1}