{"image": "b62bb754-2f03-11ee-929f-d8bbc1768911.jpg", "bboxes": [0.23364918217710096, 0.05596164692611394, 0.8394021432600113, 0.6797631133671743], "class": 1}