{"image": "b62bb754-2f03-11ee-929f-d8bbc1768911.jpg", "bboxes": [0.04948674562887757, 0.31134799774393673, 0.655239706711788, 0.9351494641849971], "class": 1}