{"image": "b62bb754-2f03-11ee-929f-d8bbc1768911.jpg", "bboxes": [0.18504230118443313, 0.28690355329949235, 0.7907952622673435, 0.9107050197405527], "class": 1}