{"image": "b62bb754-2f03-11ee-929f-d8bbc1768911.jpg", "bboxes": [0.12504230118443313, 0.3157924421883812, 0.7307952622673435, 0.9395939086294416], "class": 1}