{"image": "b62bb754-2f03-11ee-929f-d8bbc1768911.jpg", "bboxes": [0.2228200789622109, 0.26245910885504786, 0.8285730400451213, 0.8862605752961082], "class": 1}