{"image": "b62bb754-2f03-11ee-929f-d8bbc1768911.jpg", "bboxes": [0.42920473773265644, 0.07373942470389172, 1.0, 0.6975408911449521], "class": 1}