{"image": "b62bb754-2f03-11ee-929f-d8bbc1768911.jpg", "bboxes": [0.1028200789622109, 0.11373942470389171, 0.7085730400451213, 0.7375408911449521], "class": 1}