{"image": "b62bb754-2f03-11ee-929f-d8bbc1768911.jpg", "bboxes": [0.18698251551043432, 0.31357021996615897, 0.7927354765933446, 0.9373716864072194], "class": 1}