{"image": "b62bb754-2f03-11ee-929f-d8bbc1768911.jpg", "bboxes": [0.23809362662154543, 0.31357021996615897, 0.8438465877044558, 0.9373716864072194], "class": 1}