{"image": "b62bb754-2f03-11ee-929f-d8bbc1768911.jpg", "bboxes": [0.1605978567399887, 0.2824591088550479, 0.766350817822899, 0.9062605752961083], "class": 1}