{"image": "b62bb754-2f03-11ee-929f-d8bbc1768911.jpg", "bboxes": [0.2625380710659898, 0.30023688663282566, 0.8682910321489002, 0.924038353073886], "class": 1}