{"image": "b62bb754-2f03-11ee-929f-d8bbc1768911.jpg", "bboxes": [0.18920473773265645, 0.06929498025944728, 0.7949576988155669, 0.6930964467005076], "class": 1}