{"image": "b67bee4f-2f03-11ee-ac8e-d8bbc1768911.jpg", "bboxes": [0.3828313592780599, 0.22291032148900158, 1.0, 0.8861928934010153], "class": 1}