{"image": "b67bee4f-2f03-11ee-ac8e-d8bbc1768911.jpg", "bboxes": [0.0, 0.2495769881556683, 0.5905019740552734, 0.9128595600676819], "class": 1}