{"image": "b67bee4f-2f03-11ee-ac8e-d8bbc1768911.jpg", "bboxes": [0.25394247038917106, 0.06936266215454034, 0.9544500846023689, 0.732645234066554], "class": 1}