{"image": "b67bee4f-2f03-11ee-ac8e-d8bbc1768911.jpg", "bboxes": [0.5094980259447266, 0.10491821771009589, 1.0, 0.7682007896221095], "class": 1}