{"image": "b67bee4f-2f03-11ee-ac8e-d8bbc1768911.jpg", "bboxes": [0.5672758037225043, 0.26513254371122386, 1.0, 0.9284151156232374], "class": 1}