{"image": "b67bee4f-2f03-11ee-ac8e-d8bbc1768911.jpg", "bboxes": [0.0, 0.2629103214890016, 0.5149464184997179, 0.9261928934010152], "class": 1}