{"image": "b67bee4f-2f03-11ee-ac8e-d8bbc1768911.jpg", "bboxes": [0.5672758037225043, 0.25846587704455715, 1.0, 0.9217484489565708], "class": 1}