{"image": "b67bee4f-2f03-11ee-ac8e-d8bbc1768911.jpg", "bboxes": [0.0, 0.2362436548223349, 0.6016130851663846, 0.8995262267343486], "class": 1}