{"image": "b67bee4f-2f03-11ee-ac8e-d8bbc1768911.jpg", "bboxes": [0.6294980259447266, 0.24068809926677937, 1.0, 0.903970671178793], "class": 1}