{"image": "b67bee4f-2f03-11ee-ac8e-d8bbc1768911.jpg", "bboxes": [0.5117202481669487, 0.06936266215454034, 1.0, 0.732645234066554], "class": 1}