{"image": "b67bee4f-2f03-11ee-ac8e-d8bbc1768911.jpg", "bboxes": [0.6361646926113933, 0.06269599548787368, 1.0, 0.7259785673998873], "class": 1}