{"image": "b67bee4f-2f03-11ee-ac8e-d8bbc1768911.jpg", "bboxes": [0.5317202481669487, 0.2740214326001127, 1.0, 0.9373040045121264], "class": 1}