{"image": "b67bee4f-2f03-11ee-ac8e-d8bbc1768911.jpg", "bboxes": [0.5361646926113932, 0.2295769881556683, 1.0, 0.8928595600676819], "class": 1}