{"image": "b67bee4f-2f03-11ee-ac8e-d8bbc1768911.jpg", "bboxes": [0.0, 0.05825155104342923, 0.36383530738860675, 0.7215341229554428], "class": 1}