{"image": "b67bee4f-2f03-11ee-ac8e-d8bbc1768911.jpg", "bboxes": [0.5694980259447266, 0.10936266215454034, 1.0, 0.7726452340665539], "class": 1}