{"image": "b67bee4f-2f03-11ee-ac8e-d8bbc1768911.jpg", "bboxes": [0.6050535815002822, 0.2629103214890016, 1.0, 0.9261928934010152], "class": 1}