{"image": "b67bee4f-2f03-11ee-ac8e-d8bbc1768911.jpg", "bboxes": [0.05888324873096445, 0.07825155104342922, 0.7593908629441624, 0.7415341229554429], "class": 1}