{"image": "b67bee4f-2f03-11ee-ac8e-d8bbc1768911.jpg", "bboxes": [0.0, 0.2695769881556682, 0.5171686407219401, 0.9328595600676819], "class": 1}