{"image": "b67bee4f-2f03-11ee-ac8e-d8bbc1768911.jpg", "bboxes": [0.29838691483361546, 0.06714043993231812, 0.9988945290468133, 0.7304230118443318], "class": 1}