{"image": "b67bee4f-2f03-11ee-ac8e-d8bbc1768911.jpg", "bboxes": [0.0, 0.09825155104342922, 0.4971686407219401, 0.7615341229554429], "class": 1}