{"image": "b67bee4f-2f03-11ee-ac8e-d8bbc1768911.jpg", "bboxes": [0.24727580372250435, 0.24735476593344607, 0.9477834179357022, 0.9106373378454596], "class": 1}