{"image": "b67bee4f-2f03-11ee-ac8e-d8bbc1768911.jpg", "bboxes": [0.5117202481669487, 0.09158488437676256, 1.0, 0.7548674562887762], "class": 1}