{"image": "b67bee4f-2f03-11ee-ac8e-d8bbc1768911.jpg", "bboxes": [0.46283135927805996, 0.22068809926677935, 1.0, 0.883970671178793], "class": 1}