{"image": "b67bee4f-2f03-11ee-ac8e-d8bbc1768911.jpg", "bboxes": [0.4717202481669488, 0.22291032148900158, 1.0, 0.8861928934010153], "class": 1}