{"image": "b67bee4f-2f03-11ee-ac8e-d8bbc1768911.jpg", "bboxes": [0.3783869148336154, 0.27846587704455716, 1.0, 0.9417484489565707], "class": 1}