{"image": "b67bee4f-2f03-11ee-ac8e-d8bbc1768911.jpg", "bboxes": [0.0, 0.22513254371122382, 0.5505019740552735, 0.8884151156232374], "class": 1}