{"image": "b67bee4f-2f03-11ee-ac8e-d8bbc1768911.jpg", "bboxes": [0.6006091370558377, 0.11158488437676256, 1.0, 0.7748674562887762], "class": 1}