{"image": "b67bee4f-2f03-11ee-ac8e-d8bbc1768911.jpg", "bboxes": [0.0, 0.2540214326001127, 0.48383530738860675, 0.9173040045121263], "class": 1}