{"image": "b67bee4f-2f03-11ee-ac8e-d8bbc1768911.jpg", "bboxes": [0.5228313592780599, 0.11380710659898478, 1.0, 0.7770896785109984], "class": 1}