{"image": "b67bee4f-2f03-11ee-ac8e-d8bbc1768911.jpg", "bboxes": [0.6272758037225044, 0.0649182177100959, 1.0, 0.7282007896221095], "class": 1}