{"image": "b67bee4f-2f03-11ee-ac8e-d8bbc1768911.jpg", "bboxes": [0.4517202481669488, 0.12047377326565145, 1.0, 0.7837563451776651], "class": 1}