{"image": "b67bee4f-2f03-11ee-ac8e-d8bbc1768911.jpg", "bboxes": [0.26727580372250437, 0.07825155104342922, 0.9677834179357022, 0.7415341229554429], "class": 1}