{"image": "b67bee4f-2f03-11ee-ac8e-d8bbc1768911.jpg", "bboxes": [0.0, 0.08047377326565144, 0.4593908629441623, 0.7437563451776651], "class": 1}