{"image": "b67bee4f-2f03-11ee-ac8e-d8bbc1768911.jpg", "bboxes": [0.0, 0.10047377326565145, 0.5238353073886067, 0.7637563451776651], "class": 1}