{"image": "b67bee4f-2f03-11ee-ac8e-d8bbc1768911.jpg", "bboxes": [0.5494980259447266, 0.2362436548223349, 1.0, 0.8995262267343486], "class": 1}