{"image": "b67bee4f-2f03-11ee-ac8e-d8bbc1768911.jpg", "bboxes": [0.3583869148336155, 0.2762436548223349, 1.0, 0.9395262267343486], "class": 1}