{"image": "b67bee4f-2f03-11ee-ac8e-d8bbc1768911.jpg", "bboxes": [0.0, 0.053807106598984786, 0.4371686407219401, 0.7170896785109984], "class": 1}