{"image": "b67bee4f-2f03-11ee-ac8e-d8bbc1768911.jpg", "bboxes": [0.08110547095318667, 0.24735476593344607, 0.7816130851663845, 0.9106373378454596], "class": 1}