{"image": "b67bee4f-2f03-11ee-ac8e-d8bbc1768911.jpg", "bboxes": [0.0, 0.23846587704455713, 0.47939086294416233, 0.9017484489565708], "class": 1}