{"image": "b67bee4f-2f03-11ee-ac8e-d8bbc1768911.jpg", "bboxes": [0.453942470389171, 0.11825155104342923, 1.0, 0.7815341229554429], "class": 1}