{"image": "b67bee4f-2f03-11ee-ac8e-d8bbc1768911.jpg", "bboxes": [0.2894980259447266, 0.07825155104342922, 0.9900056401579245, 0.7415341229554429], "class": 1}