{"image": "b67bee4f-2f03-11ee-ac8e-d8bbc1768911.jpg", "bboxes": [0.26505358150028213, 0.28291032148900164, 0.96556119571348, 0.9461928934010152], "class": 1}