{"image": "b67bee4f-2f03-11ee-ac8e-d8bbc1768911.jpg", "bboxes": [0.025549915397631115, 0.2606880992667794, 0.7260575296108289, 0.923970671178793], "class": 1}