{"image": "b67bee4f-2f03-11ee-ac8e-d8bbc1768911.jpg", "bboxes": [0.34283135927805997, 0.10269599548787367, 1.0, 0.7659785673998873], "class": 1}