{"image": "b67bee4f-2f03-11ee-ac8e-d8bbc1768911.jpg", "bboxes": [0.5672758037225043, 0.08936266215454033, 1.0, 0.7526452340665539], "class": 1}