{"image": "b6cef4b0-2f03-11ee-93fd-d8bbc1768911.jpg", "bboxes": [0.0, 0.19351381838691484, 0.5390298928369994, 0.846644106034969], "class": 1}