{"image": "b6cef4b0-2f03-11ee-93fd-d8bbc1768911.jpg", "bboxes": [0.39652566271855616, 0.2046249294980259, 0.9718217710095883, 0.85775521714608], "class": 1}