{"image": "b6cef4b0-2f03-11ee-93fd-d8bbc1768911.jpg", "bboxes": [0.3676367738296672, 0.18240270727580377, 0.9429328821206995, 0.8355329949238579], "class": 1}