{"image": "b6cef4b0-2f03-11ee-93fd-d8bbc1768911.jpg", "bboxes": [0.4876367738296672, 0.12002256063169767, 1.0, 0.7731528482797518], "class": 1}