{"image": "b6cef4b0-2f03-11ee-93fd-d8bbc1768911.jpg", "bboxes": [0.0881782289904117, 0.14446700507614213, 0.6634743372814439, 0.7975972927241963], "class": 1}