{"image": "b6cef4b0-2f03-11ee-93fd-d8bbc1768911.jpg", "bboxes": [0.45874788494077834, 0.133355893965031, 1.0, 0.7864861816130851], "class": 1}