{"image": "b6cef4b0-2f03-11ee-93fd-d8bbc1768911.jpg", "bboxes": [0.6720812182741116, 0.2224027072758037, 1.0, 0.8755329949238579], "class": 1}