{"image": "b6cef4b0-2f03-11ee-93fd-d8bbc1768911.jpg", "bboxes": [0.032622673434856135, 0.10002256063169768, 0.6079187817258883, 0.7531528482797518], "class": 1}