{"image": "b6cef4b0-2f03-11ee-93fd-d8bbc1768911.jpg", "bboxes": [0.0, 0.16002256063169767, 0.3679187817258883, 0.8131528482797519], "class": 1}