{"image": "b6cef4b0-2f03-11ee-93fd-d8bbc1768911.jpg", "bboxes": [0.4320812182741117, 0.20684715172024815, 1.0, 0.8599774393683023], "class": 1}