{"image": "b6cef4b0-2f03-11ee-93fd-d8bbc1768911.jpg", "bboxes": [0.6987478849407783, 0.20906937394247038, 1.0, 0.8621996615905245], "class": 1}