{"image": "b6cef4b0-2f03-11ee-93fd-d8bbc1768911.jpg", "bboxes": [0.0, 0.1979582628313593, 0.3856965595036661, 0.8510885504794135], "class": 1}