{"image": "b6cef4b0-2f03-11ee-93fd-d8bbc1768911.jpg", "bboxes": [0.3987478849407784, 0.20018048505358155, 0.9740439932318106, 0.8533107727016357], "class": 1}