{"image": "b6cef4b0-2f03-11ee-93fd-d8bbc1768911.jpg", "bboxes": [0.0, 0.2157360406091371, 0.5301410039481106, 0.8688663282571912], "class": 1}