{"image": "b6cef4b0-2f03-11ee-93fd-d8bbc1768911.jpg", "bboxes": [0.4565256627185561, 0.09780033840947545, 1.0, 0.7509306260575296], "class": 1}