{"image": "b6cef4b0-2f03-11ee-93fd-d8bbc1768911.jpg", "bboxes": [0.6876367738296673, 0.11557811618725322, 1.0, 0.7687084038353074], "class": 1}