{"image": "b6cef4b0-2f03-11ee-93fd-d8bbc1768911.jpg", "bboxes": [0.0592893401015228, 0.15780033840947544, 0.6345854483925549, 0.8109306260575296], "class": 1}