{"image": "b6cef4b0-2f03-11ee-93fd-d8bbc1768911.jpg", "bboxes": [0.09706711787930059, 0.10891144952058657, 0.6723632261703327, 0.7620417371686408], "class": 1}