{"image": "b6cef4b0-2f03-11ee-93fd-d8bbc1768911.jpg", "bboxes": [0.0, 0.10002256063169768, 0.28125211505922165, 0.7531528482797518], "class": 1}