{"image": "b6cef4b0-2f03-11ee-93fd-d8bbc1768911.jpg", "bboxes": [0.565414551607445, 0.24684715172024818, 1.0, 0.8999774393683023], "class": 1}