{"image": "b6cef4b0-2f03-11ee-93fd-d8bbc1768911.jpg", "bboxes": [0.0, 0.153355893965031, 0.5701410039481105, 0.8064861816130852], "class": 1}