{"image": "b6cef4b0-2f03-11ee-93fd-d8bbc1768911.jpg", "bboxes": [0.0, 0.1022447828539199, 0.3679187817258883, 0.755375070501974], "class": 1}