{"image": "b6cef4b0-2f03-11ee-93fd-d8bbc1768911.jpg", "bboxes": [0.0, 0.20240270727580367, 0.5412521150592217, 0.8555329949238579], "class": 1}