{"image": "b6cef4b0-2f03-11ee-93fd-d8bbc1768911.jpg", "bboxes": [0.4943034404963339, 0.12446700507614211, 1.0, 0.7775972927241963], "class": 1}