{"image": "b6cef4b0-2f03-11ee-93fd-d8bbc1768911.jpg", "bboxes": [0.3431923293852228, 0.2046249294980259, 0.918488437676255, 0.85775521714608], "class": 1}