{"image": "b6cef4b0-2f03-11ee-93fd-d8bbc1768911.jpg", "bboxes": [0.0, 0.12668922729836435, 0.4079187817258883, 0.7798195149464185], "class": 1}