{"image": "b6cef4b0-2f03-11ee-93fd-d8bbc1768911.jpg", "bboxes": [0.39652566271855616, 0.16224478285391988, 0.9718217710095883, 0.815375070501974], "class": 1}