{"image": "b6cef4b0-2f03-11ee-93fd-d8bbc1768911.jpg", "bboxes": [0.09928934010152281, 0.1422447828539199, 0.674585448392555, 0.7953750705019741], "class": 1}