{"image": "b6cef4b0-2f03-11ee-93fd-d8bbc1768911.jpg", "bboxes": [0.42097010716300054, 0.12224478285391989, 0.9962662154540327, 0.7753750705019741], "class": 1}