{"image": "b6cef4b0-2f03-11ee-93fd-d8bbc1768911.jpg", "bboxes": [0.0, 0.20018048505358155, 0.4256965595036661, 0.8533107727016357], "class": 1}