{"image": "b6cef4b0-2f03-11ee-93fd-d8bbc1768911.jpg", "bboxes": [0.5787478849407783, 0.16224478285391988, 1.0, 0.815375070501974], "class": 1}