{"image": "b6cef4b0-2f03-11ee-93fd-d8bbc1768911.jpg", "bboxes": [0.3809701071630006, 0.11557811618725322, 0.9562662154540328, 0.7687084038353074], "class": 1}