{"image": "b6cef4b0-2f03-11ee-93fd-d8bbc1768911.jpg", "bboxes": [0.38319232938522274, 0.2046249294980259, 0.958488437676255, 0.85775521714608], "class": 1}