{"image": "b6cef4b0-2f03-11ee-93fd-d8bbc1768911.jpg", "bboxes": [0.0, 0.13780033840947545, 0.3256965595036661, 0.7909306260575296], "class": 1}