{"image": "b6cef4b0-2f03-11ee-93fd-d8bbc1768911.jpg", "bboxes": [0.0, 0.11780033840947544, 0.49902989283699944, 0.7709306260575296], "class": 1}