{"image": "b6cef4b0-2f03-11ee-93fd-d8bbc1768911.jpg", "bboxes": [0.0, 0.1912915961646926, 0.4056965595036661, 0.8444218838127467], "class": 1}