{"image": "b6cef4b0-2f03-11ee-93fd-d8bbc1768911.jpg", "bboxes": [0.6965256627185561, 0.22462492949802593, 1.0, 0.8777552171460801], "class": 1}