{"image": "b6cef4b0-2f03-11ee-93fd-d8bbc1768911.jpg", "bboxes": [0.7187478849407783, 0.24018048505358147, 1.0, 0.8933107727016356], "class": 1}