{"image": "b6cef4b0-2f03-11ee-93fd-d8bbc1768911.jpg", "bboxes": [0.01706711787930058, 0.24906937394247042, 0.5923632261703328, 0.9021996615905246], "class": 1}