{"image": "b6cef4b0-2f03-11ee-93fd-d8bbc1768911.jpg", "bboxes": [0.6698589960518895, 0.21351381838691486, 1.0, 0.866644106034969], "class": 1}