{"image": "b6cef4b0-2f03-11ee-93fd-d8bbc1768911.jpg", "bboxes": [0.0, 0.18240270727580377, 0.5723632261703328, 0.8355329949238579], "class": 1}