{"image": "b6cef4b0-2f03-11ee-93fd-d8bbc1768911.jpg", "bboxes": [0.0, 0.22684715172024816, 0.29902989283699943, 0.8799774393683023], "class": 1}