{"image": "b6cef4b0-2f03-11ee-93fd-d8bbc1768911.jpg", "bboxes": [0.5520812182741117, 0.15557811618725323, 1.0, 0.8087084038353074], "class": 1}