{"image": "b6cef4b0-2f03-11ee-93fd-d8bbc1768911.jpg", "bboxes": [0.0592893401015228, 0.23351381838691487, 0.6345854483925549, 0.886644106034969], "class": 1}