{"image": "b6cef4b0-2f03-11ee-93fd-d8bbc1768911.jpg", "bboxes": [0.4365256627185561, 0.1912915961646926, 1.0, 0.8444218838127467], "class": 1}