{"image": "b6cef4b0-2f03-11ee-93fd-d8bbc1768911.jpg", "bboxes": [0.4187478849407783, 0.22462492949802593, 0.9940439932318106, 0.8777552171460801], "class": 1}