{"image": "b6cef4b0-2f03-11ee-93fd-d8bbc1768911.jpg", "bboxes": [0.05706711787930058, 0.19351381838691484, 0.6323632261703328, 0.846644106034969], "class": 1}