{"image": "b6cef4b0-2f03-11ee-93fd-d8bbc1768911.jpg", "bboxes": [0.0, 0.23129159616469264, 0.32791878172588834, 0.8844218838127468], "class": 1}