{"image": "b6cef4b0-2f03-11ee-93fd-d8bbc1768911.jpg", "bboxes": [0.5543034404963338, 0.12446700507614211, 1.0, 0.7775972927241963], "class": 1}