{"image": "b6cef4b0-2f03-11ee-93fd-d8bbc1768911.jpg", "bboxes": [0.3743034404963339, 0.23351381838691487, 0.9495995487873661, 0.886644106034969], "class": 1}