{"image": "b721635a-2f03-11ee-b08c-d8bbc1768911.jpg", "bboxes": [0.6684263959390864, 0.18315848843767624, 1.0, 0.9366835871404399], "class": 1}