{"image": "b721635a-2f03-11ee-b08c-d8bbc1768911.jpg", "bboxes": [0.048855047941342364, 0.07220530174844897, 0.6004624929498026, 0.8257304004512126], "class": 1}