{"image": "b721635a-2f03-11ee-b08c-d8bbc1768911.jpg", "bboxes": [0.09552171460800903, 0.06553863508178231, 0.6471291596164692, 0.819063733784546], "class": 1}