{"image": "b721635a-2f03-11ee-b08c-d8bbc1768911.jpg", "bboxes": [0.0, 0.047760857304004534, 0.5426847151720248, 0.8012859560067682], "class": 1}