{"image": "b721635a-2f03-11ee-b08c-d8bbc1768911.jpg", "bboxes": [0.6506486181613085, 0.06553863508178231, 1.0, 0.819063733784546], "class": 1}