{"image": "b721635a-2f03-11ee-b08c-d8bbc1768911.jpg", "bboxes": [0.5573152848279752, 0.07442752397067119, 1.0, 0.8279526226734348], "class": 1}