{"image": "b721635a-2f03-11ee-b08c-d8bbc1768911.jpg", "bboxes": [0.0, 0.2253807106598985, 0.32935138183869145, 0.9789058093626621], "class": 1}