{"image": "b721635a-2f03-11ee-b08c-d8bbc1768911.jpg", "bboxes": [0.0, 0.21426959954878733, 0.5226847151720247, 0.9677946982515511], "class": 1}