{"image": "b721635a-2f03-11ee-b08c-d8bbc1768911.jpg", "bboxes": [0.0, 0.06998307952622676, 0.32935138183869145, 0.8235081782289904], "class": 1}