{"image": "b721635a-2f03-11ee-b08c-d8bbc1768911.jpg", "bboxes": [0.0, 0.0344275239706712, 0.28935138183869147, 0.7879526226734348], "class": 1}