{"image": "b721635a-2f03-11ee-b08c-d8bbc1768911.jpg", "bboxes": [0.35731528482797514, 0.07664974619289341, 0.9089227298364354, 0.8301748448956571], "class": 1}