{"image": "b721635a-2f03-11ee-b08c-d8bbc1768911.jpg", "bboxes": [0.1421883812746757, 0.17649182177100964, 0.693795826283136, 0.9300169204737733], "class": 1}