{"image": "b721635a-2f03-11ee-b08c-d8bbc1768911.jpg", "bboxes": [0.4862041737168641, 0.16538071065989846, 1.0, 0.9189058093626621], "class": 1}