{"image": "b721635a-2f03-11ee-b08c-d8bbc1768911.jpg", "bboxes": [0.47064861816130854, 0.19426959954878742, 1.0, 0.947794698251551], "class": 1}