{"image": "b721635a-2f03-11ee-b08c-d8bbc1768911.jpg", "bboxes": [0.0, 0.054427523970671195, 0.4115736040609137, 0.8079526226734348], "class": 1}