{"image": "b721635a-2f03-11ee-b08c-d8bbc1768911.jpg", "bboxes": [0.4173152848279752, 0.1742695995487874, 0.9689227298364355, 0.927794698251551], "class": 1}