{"image": "b721635a-2f03-11ee-b08c-d8bbc1768911.jpg", "bboxes": [0.35064861816130855, 0.2120473773265652, 0.9022560631697687, 0.9655724760293288], "class": 1}