{"image": "b721635a-2f03-11ee-b08c-d8bbc1768911.jpg", "bboxes": [0.0, 0.05887196841511564, 0.38490693739424703, 0.8123970671178793], "class": 1}