{"image": "b721635a-2f03-11ee-b08c-d8bbc1768911.jpg", "bboxes": [0.019966159052453476, 0.07664974619289341, 0.5715736040609137, 0.8301748448956571], "class": 1}