{"image": "b721635a-2f03-11ee-b08c-d8bbc1768911.jpg", "bboxes": [0.12441060349689792, 0.02776085730400453, 0.6760180485053582, 0.7812859560067682], "class": 1}