{"image": "b721635a-2f03-11ee-b08c-d8bbc1768911.jpg", "bboxes": [0.355093062605753, 0.049983079526226756, 0.9067005076142132, 0.8035081782289903], "class": 1}