{"image": "b721635a-2f03-11ee-b08c-d8bbc1768911.jpg", "bboxes": [0.3728708403835308, 0.05220530174844898, 0.924478285391991, 0.8057304004512126], "class": 1}