{"image": "b721635a-2f03-11ee-b08c-d8bbc1768911.jpg", "bboxes": [0.4817597292724196, 0.07220530174844897, 1.0, 0.8257304004512126], "class": 1}