{"image": "b721635a-2f03-11ee-b08c-d8bbc1768911.jpg", "bboxes": [0.0, 0.19204737732656518, 0.3693513818386915, 0.9455724760293288], "class": 1}