{"image": "b721635a-2f03-11ee-b08c-d8bbc1768911.jpg", "bboxes": [0.6528708403835308, 0.21426959954878733, 1.0, 0.9677946982515511], "class": 1}