{"image": "b721635a-2f03-11ee-b08c-d8bbc1768911.jpg", "bboxes": [0.10663282571912014, 0.04331641285956009, 0.6582402707275804, 0.7968415115623237], "class": 1}