{"image": "b721635a-2f03-11ee-b08c-d8bbc1768911.jpg", "bboxes": [0.0, 0.20982515510434296, 0.29824027072758036, 0.9633502538071066], "class": 1}