{"image": "b721635a-2f03-11ee-b08c-d8bbc1768911.jpg", "bboxes": [0.3106486181613085, 0.18982515510434295, 0.8622560631697688, 0.9433502538071066], "class": 1}