{"image": "b721635a-2f03-11ee-b08c-d8bbc1768911.jpg", "bboxes": [0.42842639593908627, 0.02776085730400453, 0.9800338409475465, 0.7812859560067682], "class": 1}