{"image": "b721635a-2f03-11ee-b08c-d8bbc1768911.jpg", "bboxes": [0.5817597292724197, 0.07664974619289341, 1.0, 0.8301748448956571], "class": 1}