{"image": "b721635a-2f03-11ee-b08c-d8bbc1768911.jpg", "bboxes": [0.10663282571912014, 0.041094190637337866, 0.6582402707275804, 0.7946192893401015], "class": 1}