{"image": "b721635a-2f03-11ee-b08c-d8bbc1768911.jpg", "bboxes": [0.13774393683023126, 0.023316412859560088, 0.6893513818386915, 0.7768415115623237], "class": 1}