{"image": "b721635a-2f03-11ee-b08c-d8bbc1768911.jpg", "bboxes": [0.0, 0.05664974619289342, 0.364906937394247, 0.810174844895657], "class": 1}