{"image": "b721635a-2f03-11ee-b08c-d8bbc1768911.jpg", "bboxes": [0.0, 0.2187140439932318, 0.5382402707275804, 0.9722391426959954], "class": 1}