{"image": "b721635a-2f03-11ee-b08c-d8bbc1768911.jpg", "bboxes": [0.535093062605753, 0.17204737732656517, 1.0, 0.9255724760293288], "class": 1}