{"image": "b721635a-2f03-11ee-b08c-d8bbc1768911.jpg", "bboxes": [0.5906486181613085, 0.2187140439932318, 1.0, 0.9722391426959954], "class": 1}