{"image": "b721635a-2f03-11ee-b08c-d8bbc1768911.jpg", "bboxes": [0.0, 0.16315848843767622, 0.47824027072758035, 0.91668358714044], "class": 1}