{"image": "b721635a-2f03-11ee-b08c-d8bbc1768911.jpg", "bboxes": [0.3284263959390863, 0.20315848843767625, 0.8800338409475466, 0.9566835871404399], "class": 1}