{"image": "b721635a-2f03-11ee-b08c-d8bbc1768911.jpg", "bboxes": [0.13107727016356457, 0.06776085730400454, 0.6826847151720248, 0.8212859560067681], "class": 1}