{"image": "b721635a-2f03-11ee-b08c-d8bbc1768911.jpg", "bboxes": [0.0, 0.20093626621545402, 0.40490693739424705, 0.9544613649182176], "class": 1}