{"image": "b721635a-2f03-11ee-b08c-d8bbc1768911.jpg", "bboxes": [0.0, 0.029983079526226752, 0.5293513818386915, 0.7835081782289904], "class": 1}