{"image": "b721635a-2f03-11ee-b08c-d8bbc1768911.jpg", "bboxes": [0.4817597292724196, 0.0855386350817823, 1.0, 0.8390637337845459], "class": 1}