{"image": "b721635a-2f03-11ee-b08c-d8bbc1768911.jpg", "bboxes": [0.5884263959390863, 0.1609362662154541, 1.0, 0.9144613649182177], "class": 1}