{"image": "b721635a-2f03-11ee-b08c-d8bbc1768911.jpg", "bboxes": [0.0, 0.032205301748448975, 0.46046249294980257, 0.7857304004512127], "class": 1}