{"image": "b721635a-2f03-11ee-b08c-d8bbc1768911.jpg", "bboxes": [0.1021883812746757, 0.03887196841511564, 0.6537958262831359, 0.7923970671178793], "class": 1}