{"image": "b721635a-2f03-11ee-b08c-d8bbc1768911.jpg", "bboxes": [0.0, 0.08776085730400453, 0.5093513818386914, 0.8412859560067681], "class": 1}