{"image": "b721635a-2f03-11ee-b08c-d8bbc1768911.jpg", "bboxes": [0.6173152848279753, 0.05664974619289342, 1.0, 0.810174844895657], "class": 1}