{"image": "b721635a-2f03-11ee-b08c-d8bbc1768911.jpg", "bboxes": [0.6239819514946419, 0.19871404399323178, 1.0, 0.9522391426959955], "class": 1}