{"image": "b721635a-2f03-11ee-b08c-d8bbc1768911.jpg", "bboxes": [0.0, 0.1742695995487874, 0.30712915961646925, 0.927794698251551], "class": 1}