{"image": "b771604e-2f03-11ee-9cae-d8bbc1768911.jpg", "bboxes": [0.34788494077834176, 0.07165256627185562, 0.8430908065425833, 0.7394472645234067], "class": 1}