{"image": "b771604e-2f03-11ee-9cae-d8bbc1768911.jpg", "bboxes": [0.08802030456852789, 0.0983192329385223, 0.5832261703327694, 0.7661139311900734], "class": 1}