{"image": "b771604e-2f03-11ee-9cae-d8bbc1768911.jpg", "bboxes": [0.35455160744500847, 0.20721940214325996, 0.8497574732092499, 0.8750141003948111], "class": 1}