{"image": "b771604e-2f03-11ee-9cae-d8bbc1768911.jpg", "bboxes": [0.139131415679639, 0.2538860688099266, 0.6343372814438805, 0.9216807670614777], "class": 1}