{"image": "b771604e-2f03-11ee-9cae-d8bbc1768911.jpg", "bboxes": [0.2612182741116751, 0.10943034404963341, 0.7564241398759166, 0.7772250423011845], "class": 1}