{"image": "b771604e-2f03-11ee-9cae-d8bbc1768911.jpg", "bboxes": [0.4345516074450084, 0.11387478849407785, 0.9297574732092498, 0.781669486745629], "class": 1}