{"image": "b771604e-2f03-11ee-9cae-d8bbc1768911.jpg", "bboxes": [0.16579808234630566, 0.23833051325437105, 0.6610039481105471, 0.9061252115059222], "class": 1}