{"image": "b771604e-2f03-11ee-9cae-d8bbc1768911.jpg", "bboxes": [0.4278849407783418, 0.2227749576988155, 0.9230908065425832, 0.8905696559503666], "class": 1}