{"image": "b771604e-2f03-11ee-9cae-d8bbc1768911.jpg", "bboxes": [0.5634404963338974, 0.2538860688099266, 1.0, 0.9216807670614777], "class": 1}