{"image": "b771604e-2f03-11ee-9cae-d8bbc1768911.jpg", "bboxes": [0.4323293852227862, 0.12276367738296674, 0.9275352509870276, 0.7905583756345178], "class": 1}