{"image": "b771604e-2f03-11ee-9cae-d8bbc1768911.jpg", "bboxes": [0.5389960518894529, 0.24277495769881552, 1.0, 0.9105696559503667], "class": 1}