{"image": "b771604e-2f03-11ee-9cae-d8bbc1768911.jpg", "bboxes": [0.043575860124083446, 0.0983192329385223, 0.5387817258883248, 0.7661139311900734], "class": 1}