{"image": "b771604e-2f03-11ee-9cae-d8bbc1768911.jpg", "bboxes": [0.39010716300056403, 0.2605527354765933, 0.8853130287648054, 0.9283474337281443], "class": 1}