{"image": "b771604e-2f03-11ee-9cae-d8bbc1768911.jpg", "bboxes": [0.0, 0.2161082910321488, 0.3943372814438804, 0.8839029892836999], "class": 1}