{"image": "b771604e-2f03-11ee-9cae-d8bbc1768911.jpg", "bboxes": [0.0, 0.25166384658770435, 0.4032261703327693, 0.9194585448392555], "class": 1}