{"image": "b771604e-2f03-11ee-9cae-d8bbc1768911.jpg", "bboxes": [0.0, 0.07609701071630007, 0.42767061477721374, 0.7438917089678512], "class": 1}