{"image": "b771604e-2f03-11ee-9cae-d8bbc1768911.jpg", "bboxes": [0.039131415679639, 0.09165256627185563, 0.5343372814438805, 0.7594472645234067], "class": 1}