{"image": "b771604e-2f03-11ee-9cae-d8bbc1768911.jpg", "bboxes": [0.2612182741116751, 0.2605527354765933, 0.7564241398759166, 0.9283474337281443], "class": 1}