{"image": "b771604e-2f03-11ee-9cae-d8bbc1768911.jpg", "bboxes": [0.4278849407783418, 0.07609701071630007, 0.9230908065425832, 0.7438917089678512], "class": 1}