{"image": "b771604e-2f03-11ee-9cae-d8bbc1768911.jpg", "bboxes": [0.5967738296672307, 0.2605527354765933, 1.0, 0.9283474337281443], "class": 1}