{"image": "b771604e-2f03-11ee-9cae-d8bbc1768911.jpg", "bboxes": [0.37899605188945296, 0.09387478849407785, 0.8742019176536944, 0.761669486745629], "class": 1}