{"image": "b771604e-2f03-11ee-9cae-d8bbc1768911.jpg", "bboxes": [0.07246474901297234, 0.22721940214325997, 0.5676706147772138, 0.895014100394811], "class": 1}