{"image": "b771604e-2f03-11ee-9cae-d8bbc1768911.jpg", "bboxes": [0.6367738296672307, 0.24055273547659328, 1.0, 0.9083474337281444], "class": 1}