{"image": "b771604e-2f03-11ee-9cae-d8bbc1768911.jpg", "bboxes": [0.41010716300056405, 0.09609701071630007, 0.9053130287648055, 0.7638917089678512], "class": 1}