{"image": "b771604e-2f03-11ee-9cae-d8bbc1768911.jpg", "bboxes": [0.29677382966723065, 0.2538860688099266, 0.7919796954314722, 0.9216807670614777], "class": 1}