{"image": "b771604e-2f03-11ee-9cae-d8bbc1768911.jpg", "bboxes": [0.056909193457416775, 0.10498589960518896, 0.5521150592216582, 0.77278059785674], "class": 1}