{"image": "b771604e-2f03-11ee-9cae-d8bbc1768911.jpg", "bboxes": [0.38566271855611955, 0.22499717992103774, 0.880868584320361, 0.8927918781725888], "class": 1}