{"image": "b771604e-2f03-11ee-9cae-d8bbc1768911.jpg", "bboxes": [0.0, 0.2227749576988155, 0.4832261703327693, 0.8905696559503666], "class": 1}