{"image": "b771604e-2f03-11ee-9cae-d8bbc1768911.jpg", "bboxes": [0.0, 0.2094416243654822, 0.48767061477721374, 0.8772363226170332], "class": 1}