{"image": "b771604e-2f03-11ee-9cae-d8bbc1768911.jpg", "bboxes": [0.6078849407783418, 0.06498589960518895, 1.0, 0.7327805978567401], "class": 1}