{"image": "b771604e-2f03-11ee-9cae-d8bbc1768911.jpg", "bboxes": [0.3878849407783418, 0.0894303440496334, 0.8830908065425832, 0.7572250423011845], "class": 1}