{"image": "b771604e-2f03-11ee-9cae-d8bbc1768911.jpg", "bboxes": [0.2923293852227863, 0.09165256627185563, 0.7875352509870277, 0.7594472645234067], "class": 1}