{"image": "b771604e-2f03-11ee-9cae-d8bbc1768911.jpg", "bboxes": [0.4834404963338973, 0.24055273547659328, 0.9786463620981388, 0.9083474337281444], "class": 1}