{"image": "b771604e-2f03-11ee-9cae-d8bbc1768911.jpg", "bboxes": [0.3234404963338974, 0.12054145516074452, 0.8186463620981388, 0.7883361534122956], "class": 1}