{"image": "b771604e-2f03-11ee-9cae-d8bbc1768911.jpg", "bboxes": [0.0, 0.26499717992103766, 0.32767061477721376, 0.9327918781725888], "class": 1}