{"image": "b771604e-2f03-11ee-9cae-d8bbc1768911.jpg", "bboxes": [0.24357586012408344, 0.12498589960518895, 0.7387817258883249, 0.79278059785674], "class": 1}