{"image": "b771604e-2f03-11ee-9cae-d8bbc1768911.jpg", "bboxes": [0.3678849407783418, 0.23833051325437105, 0.8630908065425832, 0.9061252115059222], "class": 1}