{"image": "b771604e-2f03-11ee-9cae-d8bbc1768911.jpg", "bboxes": [0.0, 0.12498589960518895, 0.3321150592216582, 0.79278059785674], "class": 1}