{"image": "b771604e-2f03-11ee-9cae-d8bbc1768911.jpg", "bboxes": [0.5323293852227862, 0.25166384658770435, 1.0, 0.9194585448392555], "class": 1}