{"image": "b771604e-2f03-11ee-9cae-d8bbc1768911.jpg", "bboxes": [0.48566271855611953, 0.2294416243654822, 0.980868584320361, 0.8972363226170332], "class": 1}