{"image": "b771604e-2f03-11ee-9cae-d8bbc1768911.jpg", "bboxes": [0.3123293852227862, 0.10720812182741118, 0.8075352509870277, 0.7750028200789623], "class": 1}