{"image": "b771604e-2f03-11ee-9cae-d8bbc1768911.jpg", "bboxes": [0.15024252679075012, 0.24944162436548212, 0.6454483925549915, 0.9172363226170333], "class": 1}