{"image": "b771604e-2f03-11ee-9cae-d8bbc1768911.jpg", "bboxes": [0.0, 0.21166384658770443, 0.4076706147772138, 0.8794585448392555], "class": 1}