{"image": "b771604e-2f03-11ee-9cae-d8bbc1768911.jpg", "bboxes": [0.4945516074450085, 0.2672194021432599, 0.9897574732092499, 0.935014100394811], "class": 1}