{"image": "b771604e-2f03-11ee-9cae-d8bbc1768911.jpg", "bboxes": [0.3812182741116751, 0.12054145516074452, 0.8764241398759165, 0.7883361534122956], "class": 1}