{"image": "b771604e-2f03-11ee-9cae-d8bbc1768911.jpg", "bboxes": [0.3612182741116752, 0.11165256627185563, 0.8564241398759166, 0.7794472645234067], "class": 1}