{"image": "b771604e-2f03-11ee-9cae-d8bbc1768911.jpg", "bboxes": [0.40344049633389734, 0.09609701071630007, 0.8986463620981388, 0.7638917089678512], "class": 1}