{"image": "b771604e-2f03-11ee-9cae-d8bbc1768911.jpg", "bboxes": [0.10802030456852789, 0.06720812182741118, 0.6032261703327694, 0.7350028200789623], "class": 1}