{"image": "b771604e-2f03-11ee-9cae-d8bbc1768911.jpg", "bboxes": [0.27010716300056403, 0.23166384658770434, 0.7653130287648054, 0.8994585448392555], "class": 1}