{"image": "b771604e-2f03-11ee-9cae-d8bbc1768911.jpg", "bboxes": [0.5012182741116751, 0.22499717992103774, 0.9964241398759166, 0.8927918781725888], "class": 1}