{"image": "b771604e-2f03-11ee-9cae-d8bbc1768911.jpg", "bboxes": [0.35899605188945294, 0.060541455160744516, 0.8542019176536944, 0.7283361534122956], "class": 1}