{"image": "b771604e-2f03-11ee-9cae-d8bbc1768911.jpg", "bboxes": [0.5145516074450085, 0.1183192329385223, 1.0, 0.7861139311900734], "class": 1}