{"image": "b7c40cd0-2f03-11ee-8bb5-d8bbc1768911.jpg", "bboxes": [0.4015454032712916, 0.10648618161308517, 0.8177890580936267, 0.6389170896785111], "class": 1}