{"image": "b7c40cd0-2f03-11ee-8bb5-d8bbc1768911.jpg", "bboxes": [0.19554427523970666, 0.3433051325437111, 0.6117879300620417, 0.875736040609137], "class": 1}