{"image": "b7c40cd0-2f03-11ee-8bb5-d8bbc1768911.jpg", "bboxes": [0.29998871968415114, 0.3766384658770444, 0.7162323745064861, 0.9090693739424704], "class": 1}