{"image": "b7c40cd0-2f03-11ee-8bb5-d8bbc1768911.jpg", "bboxes": [0.35265651438240275, 0.12870840383530738, 0.7689001692047378, 0.6611393119007333], "class": 1}