{"image": "b7c40cd0-2f03-11ee-8bb5-d8bbc1768911.jpg", "bboxes": [0.44154540327129166, 0.09537507050197405, 0.8577890580936267, 0.6278059785674], "class": 1}