{"image": "b7c40cd0-2f03-11ee-8bb5-d8bbc1768911.jpg", "bboxes": [0.19554427523970666, 0.36108291032148887, 0.6117879300620417, 0.8935138183869148], "class": 1}