{"image": "b7c40cd0-2f03-11ee-8bb5-d8bbc1768911.jpg", "bboxes": [0.05332205301748445, 0.3744162436548223, 0.4695657078398195, 0.9068471517202482], "class": 1}