{"image": "b7c40cd0-2f03-11ee-8bb5-d8bbc1768911.jpg", "bboxes": [0.23998871968415111, 0.35886068809926663, 0.6562323745064862, 0.8912915961646926], "class": 1}