{"image": "b7c40cd0-2f03-11ee-8bb5-d8bbc1768911.jpg", "bboxes": [0.11998871968415112, 0.34774957698815556, 0.5362323745064862, 0.8801804850535815], "class": 1}