{"image": "b7c40cd0-2f03-11ee-8bb5-d8bbc1768911.jpg", "bboxes": [0.09109983079526222, 0.3455273547659333, 0.5073434856175972, 0.8779582628313592], "class": 1}