{"image": "b7c40cd0-2f03-11ee-8bb5-d8bbc1768911.jpg", "bboxes": [0.1999887196841511, 0.3566384658770445, 0.6162323745064862, 0.8890693739424704], "class": 1}