{"image": "b7c40cd0-2f03-11ee-8bb5-d8bbc1768911.jpg", "bboxes": [0.2882120699379582, 0.3255273547659333, 0.7044557247602934, 0.8579582628313593], "class": 1}