{"image": "b7c40cd0-2f03-11ee-8bb5-d8bbc1768911.jpg", "bboxes": [0.2793231810490694, 0.32774957698815554, 0.6955668358714044, 0.8601804850535815], "class": 1}