{"image": "b7c40cd0-2f03-11ee-8bb5-d8bbc1768911.jpg", "bboxes": [0.17710095882684718, 0.12870840383530738, 0.5933446136491822, 0.6611393119007333], "class": 1}