{"image": "b7c40cd0-2f03-11ee-8bb5-d8bbc1768911.jpg", "bboxes": [0.3859898477157361, 0.32774957698815554, 0.8022335025380711, 0.8601804850535815], "class": 1}