{"image": "b7c40cd0-2f03-11ee-8bb5-d8bbc1768911.jpg", "bboxes": [0.11554427523970667, 0.36552735476593334, 0.5317879300620417, 0.8979582628313593], "class": 1}