{"image": "b7c40cd0-2f03-11ee-8bb5-d8bbc1768911.jpg", "bboxes": [0.354878736604625, 0.12426395939086295, 0.77112239142696, 0.6566948674562889], "class": 1}