{"image": "b7c40cd0-2f03-11ee-8bb5-d8bbc1768911.jpg", "bboxes": [0.19487873660462496, 0.0998195149464185, 0.61112239142696, 0.6322504230118444], "class": 1}