{"image": "b7c40cd0-2f03-11ee-8bb5-d8bbc1768911.jpg", "bboxes": [0.1577664974619289, 0.3566384658770445, 0.574010152284264, 0.8890693739424704], "class": 1}