{"image": "b7c40cd0-2f03-11ee-8bb5-d8bbc1768911.jpg", "bboxes": [0.234878736604625, 0.10870840383530739, 0.6511223914269599, 0.6411393119007334], "class": 1}