{"image": "b7c40cd0-2f03-11ee-8bb5-d8bbc1768911.jpg", "bboxes": [0.2971009588268472, 0.13093062605752961, 0.7133446136491822, 0.6633615341229555], "class": 1}