{"image": "b7c40cd0-2f03-11ee-8bb5-d8bbc1768911.jpg", "bboxes": [0.28887760857304, 0.1509306260575296, 0.7051212633953751, 0.6833615341229555], "class": 1}