{"image": "b7c40cd0-2f03-11ee-8bb5-d8bbc1768911.jpg", "bboxes": [0.23265651438240276, 0.1487084038353074, 0.6489001692047378, 0.6811393119007333], "class": 1}