{"image": "b7c40cd0-2f03-11ee-8bb5-d8bbc1768911.jpg", "bboxes": [0.2799887196841511, 0.3366384658770445, 0.6962323745064861, 0.8690693739424704], "class": 1}