{"image": "b7c40cd0-2f03-11ee-8bb5-d8bbc1768911.jpg", "bboxes": [0.4304342921601805, 0.11537507050197406, 0.8466779469825155, 0.6478059785674], "class": 1}