{"image": "b7c40cd0-2f03-11ee-8bb5-d8bbc1768911.jpg", "bboxes": [0.05109983079526223, 0.34108291032148885, 0.46734348561759725, 0.8735138183869149], "class": 1}