{"image": "b7c40cd0-2f03-11ee-8bb5-d8bbc1768911.jpg", "bboxes": [0.4133220530174844, 0.35441624365482227, 0.8295657078398195, 0.8868471517202482], "class": 1}