{"image": "b7c40cd0-2f03-11ee-8bb5-d8bbc1768911.jpg", "bboxes": [0.29554427523970667, 0.33441624365482225, 0.7117879300620418, 0.8668471517202482], "class": 1}