{"image": "b7c40cd0-2f03-11ee-8bb5-d8bbc1768911.jpg", "bboxes": [0.15487873660462492, 0.3677495769881556, 0.57112239142696, 0.9001804850535815], "class": 1}