{"image": "b7c40cd0-2f03-11ee-8bb5-d8bbc1768911.jpg", "bboxes": [0.21487873660462498, 0.08426395939086294, 0.6311223914269599, 0.6166948674562889], "class": 1}