{"image": "b7c40cd0-2f03-11ee-8bb5-d8bbc1768911.jpg", "bboxes": [0.1399887196841511, 0.10204173716864072, 0.5562323745064862, 0.6344726452340667], "class": 1}