{"image": "b7c40cd0-2f03-11ee-8bb5-d8bbc1768911.jpg", "bboxes": [0.3371009588268472, 0.10870840383530739, 0.7533446136491821, 0.6411393119007334], "class": 1}