{"image": "b7c40cd0-2f03-11ee-8bb5-d8bbc1768911.jpg", "bboxes": [0.2993231810490694, 0.09759729272419627, 0.7155668358714045, 0.6300282007896222], "class": 1}