{"image": "b7c40cd0-2f03-11ee-8bb5-d8bbc1768911.jpg", "bboxes": [0.2171009588268472, 0.3299717992103778, 0.6333446136491823, 0.8624027072758037], "class": 1}