{"image": "b7c40cd0-2f03-11ee-8bb5-d8bbc1768911.jpg", "bboxes": [0.23554427523970667, 0.09537507050197405, 0.6517879300620417, 0.6278059785674], "class": 1}