{"image": "b7c40cd0-2f03-11ee-8bb5-d8bbc1768911.jpg", "bboxes": [0.26887760857304, 0.12648618161308517, 0.685121263395375, 0.6589170896785111], "class": 1}