{"image": "b7c40cd0-2f03-11ee-8bb5-d8bbc1768911.jpg", "bboxes": [0.49043429216018053, 0.3255273547659333, 0.9066779469825156, 0.8579582628313593], "class": 1}