{"image": "b7c40cd0-2f03-11ee-8bb5-d8bbc1768911.jpg", "bboxes": [0.2482120699379583, 0.09315284827975183, 0.6644557247602934, 0.6255837563451777], "class": 1}