{"image": "b7c40cd0-2f03-11ee-8bb5-d8bbc1768911.jpg", "bboxes": [0.27109983079526223, 0.08426395939086294, 0.6873434856175973, 0.6166948674562889], "class": 1}