{"image": "b7c40cd0-2f03-11ee-8bb5-d8bbc1768911.jpg", "bboxes": [0.2104342921601805, 0.08648618161308516, 0.6266779469825156, 0.6189170896785111], "class": 1}