{"image": "b7c40cd0-2f03-11ee-8bb5-d8bbc1768911.jpg", "bboxes": [0.10887760857304, 0.08648618161308516, 0.525121263395375, 0.6189170896785111], "class": 1}