{"image": "b7c40cd0-2f03-11ee-8bb5-d8bbc1768911.jpg", "bboxes": [0.11109983079526223, 0.1398195149464185, 0.5273434856175973, 0.6722504230118445], "class": 1}