{"image": "b7c40cd0-2f03-11ee-8bb5-d8bbc1768911.jpg", "bboxes": [0.30821206993795824, 0.33441624365482225, 0.7244557247602934, 0.8668471517202482], "class": 1}