{"image": "b7c40cd0-2f03-11ee-8bb5-d8bbc1768911.jpg", "bboxes": [0.445989847715736, 0.13315284827975182, 0.8622335025380711, 0.6655837563451777], "class": 1}