{"image": "b7c40cd0-2f03-11ee-8bb5-d8bbc1768911.jpg", "bboxes": [0.3615454032712916, 0.3188606880992667, 0.7777890580936266, 0.8512915961646926], "class": 1}