{"image": "b7c40cd0-2f03-11ee-8bb5-d8bbc1768911.jpg", "bboxes": [0.16154540327129163, 0.3388606880992667, 0.5777890580936267, 0.8712915961646926], "class": 1}