{"image": "b7c40cd0-2f03-11ee-8bb5-d8bbc1768911.jpg", "bboxes": [0.38887760857304, 0.37219402143260005, 0.805121263395375, 0.904624929498026], "class": 1}