{"image": "b7c40cd0-2f03-11ee-8bb5-d8bbc1768911.jpg", "bboxes": [0.09332205301748445, 0.34108291032148885, 0.5095657078398195, 0.8735138183869149], "class": 1}