{"image": "b7c40cd0-2f03-11ee-8bb5-d8bbc1768911.jpg", "bboxes": [0.5259898477157361, 0.1420417371686407, 0.9422335025380711, 0.6744726452340667], "class": 1}