{"image": "b7c40cd0-2f03-11ee-8bb5-d8bbc1768911.jpg", "bboxes": [0.3504342921601805, 0.3744162436548223, 0.7666779469825156, 0.9068471517202482], "class": 1}