{"image": "b8168a14-2f03-11ee-9dc9-d8bbc1768911.jpg", "bboxes": [0.23752961082910307, 0.14904681331077269, 0.6977664974619289, 0.691630005640158], "class": 1}