{"image": "b8168a14-2f03-11ee-9dc9-d8bbc1768911.jpg", "bboxes": [0.5177890580936266, 0.16238014664410602, 0.9780259447264524, 0.7049633389734913], "class": 1}