{"image": "b8168a14-2f03-11ee-9dc9-d8bbc1768911.jpg", "bboxes": [0.12667794698251555, 0.29059221658206424, 0.5869148336153414, 0.8331754089114496], "class": 1}