{"image": "b8168a14-2f03-11ee-9dc9-d8bbc1768911.jpg", "bboxes": [0.11530738860688083, 0.14460236886632824, 0.5755442752397066, 0.6871855611957135], "class": 1}