{"image": "b8168a14-2f03-11ee-9dc9-d8bbc1768911.jpg", "bboxes": [0.3844557247602933, 0.33503666102650864, 0.8446926113931191, 0.877619853355894], "class": 1}