{"image": "b8168a14-2f03-11ee-9dc9-d8bbc1768911.jpg", "bboxes": [0.3089001692047378, 0.28614777213761977, 0.7691370558375635, 0.8287309644670051], "class": 1}