{"image": "b8168a14-2f03-11ee-9dc9-d8bbc1768911.jpg", "bboxes": [0.15308516638465863, 0.12682459108855046, 0.6133220530174844, 0.6694077834179357], "class": 1}