{"image": "b8168a14-2f03-11ee-9dc9-d8bbc1768911.jpg", "bboxes": [0.326418499717992, 0.34836999435984206, 0.7866553863508178, 0.8909531866892273], "class": 1}