{"image": "b8168a14-2f03-11ee-9dc9-d8bbc1768911.jpg", "bboxes": [0.22001128031584888, 0.28614777213761977, 0.6802481669486746, 0.8287309644670051], "class": 1}