{"image": "b8168a14-2f03-11ee-9dc9-d8bbc1768911.jpg", "bboxes": [0.10890016920473777, 0.31725888324873086, 0.5691370558375636, 0.8598420755781162], "class": 1}