{"image": "b8168a14-2f03-11ee-9dc9-d8bbc1768911.jpg", "bboxes": [0.1953073886068809, 0.1201579244218838, 0.6555442752397067, 0.6627411167512691], "class": 1}