{"image": "b8168a14-2f03-11ee-9dc9-d8bbc1768911.jpg", "bboxes": [0.3908629441624364, 0.15571347997743937, 0.8510998307952622, 0.6982966723068247], "class": 1}