{"image": "b8168a14-2f03-11ee-9dc9-d8bbc1768911.jpg", "bboxes": [0.40641849971799193, 0.3328144388042864, 0.8666553863508177, 0.8753976311336717], "class": 1}