{"image": "b8168a14-2f03-11ee-9dc9-d8bbc1768911.jpg", "bboxes": [0.4022335025380711, 0.14904681331077269, 0.8624703891708969, 0.691630005640158], "class": 1}