{"image": "b8168a14-2f03-11ee-9dc9-d8bbc1768911.jpg", "bboxes": [0.19975183305132527, 0.1401579244218838, 0.6599887196841512, 0.6827411167512691], "class": 1}