{"image": "b8168a14-2f03-11ee-9dc9-d8bbc1768911.jpg", "bboxes": [0.2841962774957698, 0.3017033276931753, 0.7444331641285955, 0.8442865200225607], "class": 1}