{"image": "b8168a14-2f03-11ee-9dc9-d8bbc1768911.jpg", "bboxes": [0.2022335025380711, 0.12682459108855046, 0.662470389170897, 0.6694077834179357], "class": 1}