{"image": "b8168a14-2f03-11ee-9dc9-d8bbc1768911.jpg", "bboxes": [0.38667794698251556, 0.12682459108855046, 0.8469148336153414, 0.6694077834179357], "class": 1}