{"image": "b8168a14-2f03-11ee-9dc9-d8bbc1768911.jpg", "bboxes": [0.25530738860688085, 0.31503666102650874, 0.7155442752397067, 0.857619853355894], "class": 1}