{"image": "b8168a14-2f03-11ee-9dc9-d8bbc1768911.jpg", "bboxes": [0.09530738860688093, 0.16682459108855047, 0.5555442752397066, 0.7094077834179358], "class": 1}