{"image": "b8168a14-2f03-11ee-9dc9-d8bbc1768911.jpg", "bboxes": [0.4444557247602933, 0.30392554991539755, 0.9046926113931191, 0.8465087422447829], "class": 1}