{"image": "b8168a14-2f03-11ee-9dc9-d8bbc1768911.jpg", "bboxes": [0.017529610829103093, 0.32836999435984204, 0.4777664974619289, 0.8709531866892273], "class": 1}