{"image": "b8168a14-2f03-11ee-9dc9-d8bbc1768911.jpg", "bboxes": [0.12641849971799202, 0.3305922165820643, 0.5866553863508177, 0.8731754089114495], "class": 1}