{"image": "b8168a14-2f03-11ee-9dc9-d8bbc1768911.jpg", "bboxes": [0.09086294416243645, 0.15126903553299492, 0.5510998307952621, 0.6938522278623802], "class": 1}