{"image": "b8168a14-2f03-11ee-9dc9-d8bbc1768911.jpg", "bboxes": [0.20419627749576974, 0.1379357021996616, 0.6644331641285955, 0.6805188945290469], "class": 1}