{"image": "b8168a14-2f03-11ee-9dc9-d8bbc1768911.jpg", "bboxes": [0.046418499717991946, 0.1401579244218838, 0.5066553863508179, 0.6827411167512691], "class": 1}