{"image": "b8168a14-2f03-11ee-9dc9-d8bbc1768911.jpg", "bboxes": [0.37556683587140444, 0.13349125775521714, 0.8358037225042302, 0.6760744500846024], "class": 1}