{"image": "b8168a14-2f03-11ee-9dc9-d8bbc1768911.jpg", "bboxes": [0.07530738860688091, 0.1601579244218838, 0.5355442752397066, 0.702741116751269], "class": 1}