{"image": "b8168a14-2f03-11ee-9dc9-d8bbc1768911.jpg", "bboxes": [0.3708629441624365, 0.288369994359842, 0.8310998307952622, 0.8309531866892272], "class": 1}