{"image": "b8168a14-2f03-11ee-9dc9-d8bbc1768911.jpg", "bboxes": [0.2530851663846586, 0.3505922165820642, 0.7133220530174844, 0.8931754089114495], "class": 1}