{"image": "b8168a14-2f03-11ee-9dc9-d8bbc1768911.jpg", "bboxes": [0.3530851663846587, 0.3061477721376198, 0.8133220530174845, 0.8487309644670051], "class": 1}