{"image": "b8168a14-2f03-11ee-9dc9-d8bbc1768911.jpg", "bboxes": [0.16641849971799194, 0.3128144388042865, 0.6266553863508177, 0.8553976311336717], "class": 1}