{"image": "b8168a14-2f03-11ee-9dc9-d8bbc1768911.jpg", "bboxes": [0.1422335025380711, 0.17349125775521712, 0.6024703891708969, 0.7160744500846025], "class": 1}