{"image": "b8168a14-2f03-11ee-9dc9-d8bbc1768911.jpg", "bboxes": [0.33086294416243645, 0.2928144388042865, 0.7910998307952622, 0.8353976311336717], "class": 1}