{"image": "b8168a14-2f03-11ee-9dc9-d8bbc1768911.jpg", "bboxes": [0.3197518330513254, 0.32392554991539757, 0.7799887196841511, 0.8665087422447828], "class": 1}