{"image": "b8168a14-2f03-11ee-9dc9-d8bbc1768911.jpg", "bboxes": [0.39530738860688086, 0.28614777213761977, 0.8555442752397067, 0.8287309644670051], "class": 1}