{"image": "b8168a14-2f03-11ee-9dc9-d8bbc1768911.jpg", "bboxes": [0.046418499717991946, 0.11793570219966158, 0.5066553863508179, 0.6605188945290469], "class": 1}