{"image": "b8168a14-2f03-11ee-9dc9-d8bbc1768911.jpg", "bboxes": [0.0686407219402142, 0.15793570219966158, 0.52887760857304, 0.7005188945290469], "class": 1}