{"image": "b8168a14-2f03-11ee-9dc9-d8bbc1768911.jpg", "bboxes": [0.45556683587140445, 0.32170332769317533, 0.9158037225042303, 0.8642865200225607], "class": 1}