{"image": "b8168a14-2f03-11ee-9dc9-d8bbc1768911.jpg", "bboxes": [0.25112239142695997, 0.1201579244218838, 0.7113592780597858, 0.6627411167512691], "class": 1}