{"image": "b8168a14-2f03-11ee-9dc9-d8bbc1768911.jpg", "bboxes": [0.15308516638465863, 0.3017033276931753, 0.6133220530174844, 0.8442865200225607], "class": 1}