{"image": "b8168a14-2f03-11ee-9dc9-d8bbc1768911.jpg", "bboxes": [0.2708629441624364, 0.288369994359842, 0.7310998307952623, 0.8309531866892272], "class": 1}