{"image": "b8168a14-2f03-11ee-9dc9-d8bbc1768911.jpg", "bboxes": [0.10890016920473777, 0.31503666102650874, 0.5691370558375636, 0.857619853355894], "class": 1}