{"image": "b8168a14-2f03-11ee-9dc9-d8bbc1768911.jpg", "bboxes": [0.2641962774957698, 0.16238014664410602, 0.7244331641285955, 0.7049633389734913], "class": 1}