{"image": "b8168a14-2f03-11ee-9dc9-d8bbc1768911.jpg", "bboxes": [0.2822335025380711, 0.3017033276931753, 0.7424703891708969, 0.8442865200225607], "class": 1}