{"image": "b8168a14-2f03-11ee-9dc9-d8bbc1768911.jpg", "bboxes": [0.4155668358714044, 0.3017033276931753, 0.8758037225042302, 0.8442865200225607], "class": 1}