{"image": "b8168a14-2f03-11ee-9dc9-d8bbc1768911.jpg", "bboxes": [0.41334461364918224, 0.31725888324873086, 0.873581500282008, 0.8598420755781162], "class": 1}