{"image": "b8668806-2f03-11ee-965e-d8bbc1768911.jpg", "bboxes": [0.4180597856739989, 0.2893626621545402, 0.8715284827975183, 0.8308178228990412], "class": 1}