{"image": "b8668806-2f03-11ee-965e-d8bbc1768911.jpg", "bboxes": [0.3684715172024817, 0.2826959954878736, 0.8219402143260012, 0.8241511562323744], "class": 1}