{"image": "b8668806-2f03-11ee-965e-d8bbc1768911.jpg", "bboxes": [0.540282007896221, 0.12029328821206993, 0.9937507050197405, 0.6617484489565709], "class": 1}