{"image": "b8668806-2f03-11ee-965e-d8bbc1768911.jpg", "bboxes": [0.3402820078962211, 0.3404737732656513, 0.7937507050197405, 0.8819289340101523], "class": 1}