{"image": "b8668806-2f03-11ee-965e-d8bbc1768911.jpg", "bboxes": [0.34694867456288775, 0.1180710659898477, 0.8004173716864071, 0.6595262267343487], "class": 1}