{"image": "b8668806-2f03-11ee-965e-d8bbc1768911.jpg", "bboxes": [0.5002820078962211, 0.27825155104342914, 0.9537507050197405, 0.8197067117879301], "class": 1}