{"image": "b8668806-2f03-11ee-965e-d8bbc1768911.jpg", "bboxes": [0.07291596164692615, 0.1180710659898477, 0.5263846587704456, 0.6595262267343487], "class": 1}