{"image": "b8668806-2f03-11ee-965e-d8bbc1768911.jpg", "bboxes": [0.5047264523406655, 0.3004737732656514, 0.9581951494641849, 0.8419289340101523], "class": 1}