{"image": "b8668806-2f03-11ee-965e-d8bbc1768911.jpg", "bboxes": [0.03958262831359283, 0.29158488437676244, 0.4930513254371123, 0.8330400451212634], "class": 1}