{"image": "b8668806-2f03-11ee-965e-d8bbc1768911.jpg", "bboxes": [0.3336153412295544, 0.2826959954878736, 0.7870840383530738, 0.8241511562323744], "class": 1}