{"image": "b8668806-2f03-11ee-965e-d8bbc1768911.jpg", "bboxes": [0.18028200789622106, 0.34269599548787355, 0.6337507050197405, 0.8841511562323745], "class": 1}