{"image": "b8668806-2f03-11ee-965e-d8bbc1768911.jpg", "bboxes": [0.45361534122955444, 0.3338071065989847, 0.9070840383530738, 0.8752622673434857], "class": 1}