{"image": "b8668806-2f03-11ee-965e-d8bbc1768911.jpg", "bboxes": [0.4402820078962211, 0.307140439932318, 0.8937507050197405, 0.8485956006768189], "class": 1}