{"image": "b8668806-2f03-11ee-965e-d8bbc1768911.jpg", "bboxes": [0.42694867456288776, 0.15584884376762548, 0.8804173716864072, 0.6973040045121265], "class": 1}