{"image": "b8668806-2f03-11ee-965e-d8bbc1768911.jpg", "bboxes": [0.1640270727580373, 0.27825155104342914, 0.6174957698815566, 0.8197067117879301], "class": 1}