{"image": "b8668806-2f03-11ee-965e-d8bbc1768911.jpg", "bboxes": [0.3358375634517766, 0.15807106598984771, 0.7893062605752961, 0.6995262267343486], "class": 1}