{"image": "b8668806-2f03-11ee-965e-d8bbc1768911.jpg", "bboxes": [0.36694867456288777, 0.12473773265651437, 0.8204173716864072, 0.6661928934010153], "class": 1}