{"image": "b8668806-2f03-11ee-965e-d8bbc1768911.jpg", "bboxes": [0.38402707275803727, 0.14029328821206993, 0.8374957698815567, 0.6817484489565708], "class": 1}