{"image": "b8668806-2f03-11ee-965e-d8bbc1768911.jpg", "bboxes": [0.4936153412295544, 0.3204737732656513, 0.9470840383530739, 0.8619289340101524], "class": 1}