{"image": "b8668806-2f03-11ee-965e-d8bbc1768911.jpg", "bboxes": [0.20917089678510997, 0.15807106598984771, 0.6626395939086294, 0.6995262267343486], "class": 1}