{"image": "b8668806-2f03-11ee-965e-d8bbc1768911.jpg", "bboxes": [0.4558375634517766, 0.13362662154540325, 0.9093062605752961, 0.6750817822899042], "class": 1}