{"image": "b8668806-2f03-11ee-965e-d8bbc1768911.jpg", "bboxes": [0.03736040609137059, 0.15362662154540327, 0.49082910321489004, 0.6950817822899042], "class": 1}