{"image": "b8668806-2f03-11ee-965e-d8bbc1768911.jpg", "bboxes": [0.26694867456288773, 0.11584884376762548, 0.7204173716864072, 0.6573040045121264], "class": 1}