{"image": "b8668806-2f03-11ee-965e-d8bbc1768911.jpg", "bboxes": [0.12847151720248173, 0.1669599548787366, 0.5819402143260011, 0.7084151156232376], "class": 1}