{"image": "b8668806-2f03-11ee-965e-d8bbc1768911.jpg", "bboxes": [0.20917089678510997, 0.15140439932318103, 0.6626395939086294, 0.692859560067682], "class": 1}