{"image": "b8668806-2f03-11ee-965e-d8bbc1768911.jpg", "bboxes": [0.30624929498025955, 0.11584884376762548, 0.7597179921037789, 0.6573040045121264], "class": 1}