{"image": "b8668806-2f03-11ee-965e-d8bbc1768911.jpg", "bboxes": [0.5425042301184433, 0.31602932882120693, 0.9959729272419627, 0.8574844895657079], "class": 1}