{"image": "b8668806-2f03-11ee-965e-d8bbc1768911.jpg", "bboxes": [0.32624929498025945, 0.307140439932318, 0.7797179921037789, 0.8485956006768189], "class": 1}