{"image": "b8668806-2f03-11ee-965e-d8bbc1768911.jpg", "bboxes": [0.41958262831359283, 0.32491821771009577, 0.8730513254371123, 0.8663733784545967], "class": 1}