{"image": "b8668806-2f03-11ee-965e-d8bbc1768911.jpg", "bboxes": [0.052915961646926135, 0.29158488437676244, 0.5063846587704456, 0.8330400451212634], "class": 1}