{"image": "b8668806-2f03-11ee-965e-d8bbc1768911.jpg", "bboxes": [0.13805978567399885, 0.14918217710095882, 0.5915284827975182, 0.6906373378454598], "class": 1}