{"image": "b8668806-2f03-11ee-965e-d8bbc1768911.jpg", "bboxes": [0.1336153412295544, 0.31602932882120693, 0.5870840383530739, 0.8574844895657079], "class": 1}