{"image": "b8668806-2f03-11ee-965e-d8bbc1768911.jpg", "bboxes": [0.52917089678511, 0.34269599548787355, 0.9826395939086294, 0.8841511562323745], "class": 1}