{"image": "b8668806-2f03-11ee-965e-d8bbc1768911.jpg", "bboxes": [0.42472645234066553, 0.1358488437676255, 0.878195149464185, 0.6773040045121265], "class": 1}