{"image": "b8668806-2f03-11ee-965e-d8bbc1768911.jpg", "bboxes": [0.42180485053581507, 0.3138071065989847, 0.8752735476593345, 0.8552622673434856], "class": 1}