{"image": "b8668806-2f03-11ee-965e-d8bbc1768911.jpg", "bboxes": [0.3018048505358151, 0.29158488437676244, 0.7552735476593344, 0.8330400451212634], "class": 1}