{"image": "b8668806-2f03-11ee-965e-d8bbc1768911.jpg", "bboxes": [0.3173604060913706, 0.16029328821206992, 0.7708291032148901, 0.7017484489565708], "class": 1}