{"image": "b8668806-2f03-11ee-965e-d8bbc1768911.jpg", "bboxes": [0.5002820078962211, 0.32936266215454024, 0.9537507050197405, 0.8708178228990412], "class": 1}