{"image": "b8668806-2f03-11ee-965e-d8bbc1768911.jpg", "bboxes": [0.15361534122955442, 0.2826959954878736, 0.6070840383530739, 0.8241511562323744], "class": 1}