{"image": "b8668806-2f03-11ee-965e-d8bbc1768911.jpg", "bboxes": [0.1395826283135928, 0.1291821771009588, 0.5930513254371123, 0.6706373378454598], "class": 1}