{"image": "b8668806-2f03-11ee-965e-d8bbc1768911.jpg", "bboxes": [0.4047264523406655, 0.31825155104342917, 0.858195149464185, 0.85970671178793], "class": 1}