{"image": "b8668806-2f03-11ee-965e-d8bbc1768911.jpg", "bboxes": [0.2929159616469261, 0.30491821771009575, 0.7463846587704456, 0.8463733784545967], "class": 1}