{"image": "b8668806-2f03-11ee-965e-d8bbc1768911.jpg", "bboxes": [0.35069373942470394, 0.13140439932318104, 0.8041624365482234, 0.672859560067682], "class": 1}