{"image": "b8668806-2f03-11ee-965e-d8bbc1768911.jpg", "bboxes": [0.40694867456288775, 0.18251551043429215, 0.8604173716864072, 0.7239706711787931], "class": 1}