{"image": "b8668806-2f03-11ee-965e-d8bbc1768911.jpg", "bboxes": [0.1425042301184433, 0.14473773265651438, 0.5959729272419627, 0.6861928934010153], "class": 1}