{"image": "b8668806-2f03-11ee-965e-d8bbc1768911.jpg", "bboxes": [0.25736040609137056, 0.1358488437676255, 0.71082910321489, 0.6773040045121265], "class": 1}