{"image": "b8668806-2f03-11ee-965e-d8bbc1768911.jpg", "bboxes": [0.3284715172024817, 0.3026959954878735, 0.7819402143260011, 0.8441511562323745], "class": 1}