{"image": "b8668806-2f03-11ee-965e-d8bbc1768911.jpg", "bboxes": [0.01291596164692621, 0.32491821771009577, 0.46638465877044555, 0.8663733784545967], "class": 1}