{"image": "b8668806-2f03-11ee-965e-d8bbc1768911.jpg", "bboxes": [0.3336153412295544, 0.31825155104342917, 0.7870840383530738, 0.85970671178793], "class": 1}