{"image": "b8668806-2f03-11ee-965e-d8bbc1768911.jpg", "bboxes": [0.36917089678510995, 0.28491821771009573, 0.8226395939086294, 0.8263733784545968], "class": 1}