{"image": "b8668806-2f03-11ee-965e-d8bbc1768911.jpg", "bboxes": [0.4336153412295544, 0.3138071065989847, 0.8870840383530738, 0.8552622673434856], "class": 1}