{"image": "b8668806-2f03-11ee-965e-d8bbc1768911.jpg", "bboxes": [0.35583756345177664, 0.16029328821206992, 0.8093062605752961, 0.7017484489565708], "class": 1}