{"image": "b8668806-2f03-11ee-965e-d8bbc1768911.jpg", "bboxes": [0.11958262831359279, 0.13140439932318104, 0.5730513254371122, 0.672859560067682], "class": 1}