{"image": "b8668806-2f03-11ee-965e-d8bbc1768911.jpg", "bboxes": [0.2225042301184433, 0.30491821771009575, 0.6759729272419628, 0.8463733784545967], "class": 1}