{"image": "b8b65af3-2f03-11ee-be8e-d8bbc1768911.jpg", "bboxes": [0.20993795826283124, 0.1826847151720248, 0.6634066553863508, 0.6970671178793006], "class": 1}