{"image": "b8b65af3-2f03-11ee-be8e-d8bbc1768911.jpg", "bboxes": [0.17216018048505344, 0.13601804850535815, 0.625628877608573, 0.650400451212634], "class": 1}