{"image": "b8b65af3-2f03-11ee-be8e-d8bbc1768911.jpg", "bboxes": [0.44326001128031584, 0.34071065989847715, 0.8967287084038355, 0.8550930626057529], "class": 1}