{"image": "b8b65af3-2f03-11ee-be8e-d8bbc1768911.jpg", "bboxes": [0.3188155668358714, 0.35404399323181046, 0.772284263959391, 0.8684263959390863], "class": 1}