{"image": "b8b65af3-2f03-11ee-be8e-d8bbc1768911.jpg", "bboxes": [0.04327129159616461, 0.1626847151720248, 0.49673998871968417, 0.6770671178793006], "class": 1}