{"image": "b8b65af3-2f03-11ee-be8e-d8bbc1768911.jpg", "bboxes": [0.37438240270727574, 0.33404399323181044, 0.8278510998307953, 0.8484263959390863], "class": 1}