{"image": "b8b65af3-2f03-11ee-be8e-d8bbc1768911.jpg", "bboxes": [0.29214890016920475, 0.3140439932318104, 0.7456175972927243, 0.8284263959390863], "class": 1}