{"image": "b8b65af3-2f03-11ee-be8e-d8bbc1768911.jpg", "bboxes": [0.2788268471517201, 0.32959954878736597, 0.7322955442752397, 0.8439819514946418], "class": 1}