{"image": "b8b65af3-2f03-11ee-be8e-d8bbc1768911.jpg", "bboxes": [0.1566046249294979, 0.1404624929498026, 0.6100733220530175, 0.6548448956570784], "class": 1}