{"image": "b8b65af3-2f03-11ee-be8e-d8bbc1768911.jpg", "bboxes": [0.43882684715172016, 0.16935138183869147, 0.8922955442752397, 0.6837337845459673], "class": 1}