{"image": "b8b65af3-2f03-11ee-be8e-d8bbc1768911.jpg", "bboxes": [0.2010490693739424, 0.18935138183869146, 0.654517766497462, 0.7037337845459674], "class": 1}