{"image": "b8b65af3-2f03-11ee-be8e-d8bbc1768911.jpg", "bboxes": [0.032160180485053536, 0.3140439932318104, 0.4856288776085731, 0.8284263959390863], "class": 1}