{"image": "b8b65af3-2f03-11ee-be8e-d8bbc1768911.jpg", "bboxes": [0.4565933446136492, 0.14935138183869148, 0.9100620417371688, 0.6637337845459673], "class": 1}