{"image": "b8b65af3-2f03-11ee-be8e-d8bbc1768911.jpg", "bboxes": [0.47659334461364916, 0.18490693739424702, 0.9300620417371688, 0.6992893401015229], "class": 1}