{"image": "b8b65af3-2f03-11ee-be8e-d8bbc1768911.jpg", "bboxes": [0.44548223350253807, 0.14712915961646925, 0.8989509306260576, 0.6615115623237451], "class": 1}