{"image": "b8b65af3-2f03-11ee-be8e-d8bbc1768911.jpg", "bboxes": [0.1899266779469825, 0.32737732656514384, 0.643395375070502, 0.8417597292724196], "class": 1}