{"image": "b8b65af3-2f03-11ee-be8e-d8bbc1768911.jpg", "bboxes": [0.13659334461364916, 0.18490693739424702, 0.5900620417371687, 0.6992893401015229], "class": 1}