{"image": "b8b65af3-2f03-11ee-be8e-d8bbc1768911.jpg", "bboxes": [0.3210377890580936, 0.1937958262831359, 0.7745064861816132, 0.7081782289904117], "class": 1}