{"image": "b8b65af3-2f03-11ee-be8e-d8bbc1768911.jpg", "bboxes": [0.5010377890580936, 0.15379582628313593, 0.9545064861816132, 0.6681782289904118], "class": 1}