{"image": "b8b65af3-2f03-11ee-be8e-d8bbc1768911.jpg", "bboxes": [0.4054822335025381, 0.18935138183869146, 0.8589509306260577, 0.7037337845459674], "class": 1}