{"image": "b8b65af3-2f03-11ee-be8e-d8bbc1768911.jpg", "bboxes": [0.3832712915961646, 0.1515736040609137, 0.8367399887196841, 0.6659560067681896], "class": 1}