{"image": "b8b65af3-2f03-11ee-be8e-d8bbc1768911.jpg", "bboxes": [0.27659334461364915, 0.3318217710095882, 0.7300620417371687, 0.8462041737168641], "class": 1}