{"image": "b8b65af3-2f03-11ee-be8e-d8bbc1768911.jpg", "bboxes": [0.47214890016920474, 0.1315736040609137, 0.9256175972927243, 0.6459560067681895], "class": 1}