{"image": "b8b65af3-2f03-11ee-be8e-d8bbc1768911.jpg", "bboxes": [0.05438240270727568, 0.33404399323181044, 0.5078510998307952, 0.8484263959390863], "class": 1}