{"image": "b8b65af3-2f03-11ee-be8e-d8bbc1768911.jpg", "bboxes": [0.4588155668358714, 0.30293288212069935, 0.912284263959391, 0.8173152848279752], "class": 1}