{"image": "b8b65af3-2f03-11ee-be8e-d8bbc1768911.jpg", "bboxes": [0.28326001128031586, 0.17601804850535813, 0.7367287084038354, 0.6904004512126339], "class": 1}