{"image": "b8b65af3-2f03-11ee-be8e-d8bbc1768911.jpg", "bboxes": [0.4654822335025381, 0.34737732656514375, 0.9189509306260576, 0.8617597292724196], "class": 1}