{"image": "b8b65af3-2f03-11ee-be8e-d8bbc1768911.jpg", "bboxes": [0.4077044557247603, 0.35404399323181046, 0.8611731528482799, 0.8684263959390863], "class": 1}