{"image": "b8b65af3-2f03-11ee-be8e-d8bbc1768911.jpg", "bboxes": [0.11438240270727573, 0.3184884376762549, 0.5678510998307953, 0.8328708403835308], "class": 1}