{"image": "b8b65af3-2f03-11ee-be8e-d8bbc1768911.jpg", "bboxes": [0.22327129159616455, 0.3251551043429216, 0.6767399887196841, 0.8395375070501974], "class": 1}