{"image": "b8b65af3-2f03-11ee-be8e-d8bbc1768911.jpg", "bboxes": [0.4388155668358714, 0.3140439932318104, 0.892284263959391, 0.8284263959390863], "class": 1}