{"image": "b8b65af3-2f03-11ee-be8e-d8bbc1768911.jpg", "bboxes": [0.17438240270727567, 0.29626621545403264, 0.6278510998307953, 0.8106486181613085], "class": 1}