{"image": "b8b65af3-2f03-11ee-be8e-d8bbc1768911.jpg", "bboxes": [0.23660462492949796, 0.3562662154540327, 0.6900733220530175, 0.8706486181613086], "class": 1}