{"image": "b8b65af3-2f03-11ee-be8e-d8bbc1768911.jpg", "bboxes": [0.4921489001692047, 0.1315736040609137, 0.9456175972927243, 0.6459560067681895], "class": 1}