{"image": "b8b65af3-2f03-11ee-be8e-d8bbc1768911.jpg", "bboxes": [0.09216018048505348, 0.32071065989847714, 0.545628877608573, 0.835093062605753], "class": 1}