{"image": "b8b65af3-2f03-11ee-be8e-d8bbc1768911.jpg", "bboxes": [0.10548223350253806, 0.1426847151720248, 0.5589509306260576, 0.6570671178793006], "class": 1}