{"image": "b8b65af3-2f03-11ee-be8e-d8bbc1768911.jpg", "bboxes": [0.056604624929497915, 0.3518217710095882, 0.5100733220530175, 0.8662041737168641], "class": 1}