{"image": "b8b65af3-2f03-11ee-be8e-d8bbc1768911.jpg", "bboxes": [0.0988155668358714, 0.1315736040609137, 0.552284263959391, 0.6459560067681895], "class": 1}