{"image": "b8b65af3-2f03-11ee-be8e-d8bbc1768911.jpg", "bboxes": [0.1943824027072757, 0.12935138183869146, 0.6478510998307953, 0.6437337845459673], "class": 1}