{"image": "b8b65af3-2f03-11ee-be8e-d8bbc1768911.jpg", "bboxes": [0.18326001128031585, 0.34737732656514375, 0.6367287084038354, 0.8617597292724196], "class": 1}