{"image": "b8b65af3-2f03-11ee-be8e-d8bbc1768911.jpg", "bboxes": [0.04993795826283132, 0.14490693739424704, 0.5034066553863508, 0.6592893401015228], "class": 1}