{"image": "b8b65af3-2f03-11ee-be8e-d8bbc1768911.jpg", "bboxes": [0.38326001128031584, 0.17824027072758036, 0.8367287084038354, 0.6926226734348562], "class": 1}