{"image": "b8b65af3-2f03-11ee-be8e-d8bbc1768911.jpg", "bboxes": [0.4232712915961646, 0.3007106598984771, 0.8767399887196842, 0.815093062605753], "class": 1}