{"image": "b8b65af3-2f03-11ee-be8e-d8bbc1768911.jpg", "bboxes": [0.2588268471517201, 0.33404399323181044, 0.7122955442752397, 0.8484263959390863], "class": 1}