{"image": "b8b65af3-2f03-11ee-be8e-d8bbc1768911.jpg", "bboxes": [0.2610377890580936, 0.3384884376762549, 0.7145064861816132, 0.8528708403835308], "class": 1}