{"image": "b8b65af3-2f03-11ee-be8e-d8bbc1768911.jpg", "bboxes": [0.2477044557247603, 0.16712915961646924, 0.7011731528482799, 0.6815115623237451], "class": 1}