{"image": "b8b65af3-2f03-11ee-be8e-d8bbc1768911.jpg", "bboxes": [0.256604624929498, 0.14935138183869148, 0.7100733220530175, 0.6637337845459673], "class": 1}