{"image": "b8b65af3-2f03-11ee-be8e-d8bbc1768911.jpg", "bboxes": [0.07882684715172017, 0.1937958262831359, 0.5322955442752397, 0.7081782289904117], "class": 1}