{"image": "b8b65af3-2f03-11ee-be8e-d8bbc1768911.jpg", "bboxes": [0.025493513818386826, 0.16490693739424703, 0.4789622109419064, 0.6792893401015229], "class": 1}