{"image": "b8b65af3-2f03-11ee-be8e-d8bbc1768911.jpg", "bboxes": [0.24326001128031585, 0.31626621545403266, 0.6967287084038354, 0.8306486181613085], "class": 1}