{"image": "b8b65af3-2f03-11ee-be8e-d8bbc1768911.jpg", "bboxes": [0.3277044557247603, 0.32959954878736597, 0.7811731528482798, 0.8439819514946418], "class": 1}