{"image": "b8b65af3-2f03-11ee-be8e-d8bbc1768911.jpg", "bboxes": [0.4277044557247603, 0.34071065989847715, 0.8811731528482798, 0.8550930626057529], "class": 1}