{"image": "b9066e74-2f03-11ee-9b47-d8bbc1768911.jpg", "bboxes": [0.33720248166948674, 0.3045121263395375, 0.7263733784545967, 0.8516074450084603], "class": 1}