{"image": "b9066e74-2f03-11ee-9b47-d8bbc1768911.jpg", "bboxes": [0.4527580372250423, 0.27562323745064865, 0.8419289340101522, 0.8227185561195713], "class": 1}