{"image": "b9066e74-2f03-11ee-9b47-d8bbc1768911.jpg", "bboxes": [0.3905358150028201, 0.18839255499153976, 0.77970671178793, 0.7354878736604625], "class": 1}