{"image": "b9066e74-2f03-11ee-9b47-d8bbc1768911.jpg", "bboxes": [0.33720248166948674, 0.3156232374506486, 0.7263733784545967, 0.8627185561195714], "class": 1}