{"image": "b9066e74-2f03-11ee-9b47-d8bbc1768911.jpg", "bboxes": [0.06473773265651439, 0.30006768189509303, 0.45390862944162436, 0.8471630005640158], "class": 1}