{"image": "b9066e74-2f03-11ee-9b47-d8bbc1768911.jpg", "bboxes": [0.46029328821206994, 0.25117879300620416, 0.8494641849971799, 0.7982741116751269], "class": 1}