{"image": "b9066e74-2f03-11ee-9b47-d8bbc1768911.jpg", "bboxes": [0.43942470389170896, 0.30006768189509303, 0.8285956006768189, 0.8471630005640158], "class": 1}