{"image": "b9066e74-2f03-11ee-9b47-d8bbc1768911.jpg", "bboxes": [0.19584884376762557, 0.260067681895093, 0.5850197405527355, 0.8071630005640158], "class": 1}