{"image": "b9066e74-2f03-11ee-9b47-d8bbc1768911.jpg", "bboxes": [0.14029328821207, 0.15728144388042864, 0.52946418499718, 0.7043767625493514], "class": 1}