{"image": "b9066e74-2f03-11ee-9b47-d8bbc1768911.jpg", "bboxes": [0.16251551043429213, 0.2734010152284264, 0.5516864072194021, 0.8204963338973491], "class": 1}