{"image": "b9066e74-2f03-11ee-9b47-d8bbc1768911.jpg", "bboxes": [0.5172024816694868, 0.16839255499153974, 0.9063733784545968, 0.7154878736604625], "class": 1}