{"image": "b9066e74-2f03-11ee-9b47-d8bbc1768911.jpg", "bboxes": [0.2927580372250423, 0.16172588832487308, 0.6819289340101523, 0.7088212069937958], "class": 1}