{"image": "b9066e74-2f03-11ee-9b47-d8bbc1768911.jpg", "bboxes": [0.06695995487873663, 0.28228990411731525, 0.4561308516638466, 0.829385222786238], "class": 1}