{"image": "b9066e74-2f03-11ee-9b47-d8bbc1768911.jpg", "bboxes": [0.13362662154540328, 0.15061477721376199, 0.5227975183305132, 0.6977100958826847], "class": 1}