{"image": "b9066e74-2f03-11ee-9b47-d8bbc1768911.jpg", "bboxes": [0.5305358150028201, 0.19728144388042865, 0.9197067117879301, 0.7443767625493514], "class": 1}