{"image": "b9066e74-2f03-11ee-9b47-d8bbc1768911.jpg", "bboxes": [0.399424703891709, 0.13950366610265086, 0.7885956006768189, 0.6865989847715737], "class": 1}