{"image": "b9066e74-2f03-11ee-9b47-d8bbc1768911.jpg", "bboxes": [0.35720248166948676, 0.26895657078398194, 0.7463733784545967, 0.8160518894529047], "class": 1}