{"image": "b9066e74-2f03-11ee-9b47-d8bbc1768911.jpg", "bboxes": [0.23362662154540326, 0.17061477721376198, 0.6227975183305132, 0.7177100958826848], "class": 1}