{"image": "b9066e74-2f03-11ee-9b47-d8bbc1768911.jpg", "bboxes": [0.2838691483361534, 0.17728144388042863, 0.6730400451212634, 0.7243767625493513], "class": 1}