{"image": "b9066e74-2f03-11ee-9b47-d8bbc1768911.jpg", "bboxes": [0.14251551043429223, 0.19728144388042865, 0.5316864072194021, 0.7443767625493514], "class": 1}