{"image": "b9066e74-2f03-11ee-9b47-d8bbc1768911.jpg", "bboxes": [0.49942470389170895, 0.31340101522842634, 0.888595600676819, 0.8604963338973491], "class": 1}