{"image": "b9066e74-2f03-11ee-9b47-d8bbc1768911.jpg", "bboxes": [0.36609137055837565, 0.18617033276931752, 0.7552622673434856, 0.7332656514382403], "class": 1}