{"image": "b9066e74-2f03-11ee-9b47-d8bbc1768911.jpg", "bboxes": [0.2936266215454033, 0.17950366610265087, 0.6827975183305133, 0.7265989847715736], "class": 1}