{"image": "b9066e74-2f03-11ee-9b47-d8bbc1768911.jpg", "bboxes": [0.15584884376762553, 0.19950366610265086, 0.5450197405527355, 0.7465989847715736], "class": 1}