{"image": "b9066e74-2f03-11ee-9b47-d8bbc1768911.jpg", "bboxes": [0.3958488437676255, 0.30228990411731527, 0.7850197405527355, 0.849385222786238], "class": 1}