{"image": "b9066e74-2f03-11ee-9b47-d8bbc1768911.jpg", "bboxes": [0.33362662154540335, 0.1439481105470953, 0.7227975183305133, 0.691043429216018], "class": 1}