{"image": "b9066e74-2f03-11ee-9b47-d8bbc1768911.jpg", "bboxes": [0.29942470389170894, 0.29340101522842643, 0.6885956006768189, 0.8404963338973491], "class": 1}