{"image": "b9066e74-2f03-11ee-9b47-d8bbc1768911.jpg", "bboxes": [0.10251551043429219, 0.2978454596728708, 0.49168640721940216, 0.8449407783417936], "class": 1}