{"image": "b9066e74-2f03-11ee-9b47-d8bbc1768911.jpg", "bboxes": [0.37942470389170896, 0.16172588832487308, 0.768595600676819, 0.7088212069937958], "class": 1}