{"image": "b9066e74-2f03-11ee-9b47-d8bbc1768911.jpg", "bboxes": [0.24386914833615342, 0.1417258883248731, 0.6330400451212633, 0.6888212069937958], "class": 1}