{"image": "b9066e74-2f03-11ee-9b47-d8bbc1768911.jpg", "bboxes": [0.13942470389170897, 0.15061477721376199, 0.5285956006768189, 0.6977100958826847], "class": 1}