{"image": "b9066e74-2f03-11ee-9b47-d8bbc1768911.jpg", "bboxes": [0.33584884376762547, 0.308956570783982, 0.7250197405527354, 0.8560518894529047], "class": 1}