{"image": "b9066e74-2f03-11ee-9b47-d8bbc1768911.jpg", "bboxes": [0.2705358150028201, 0.15728144388042864, 0.6597067117879301, 0.7043767625493514], "class": 1}