{"image": "b9066e74-2f03-11ee-9b47-d8bbc1768911.jpg", "bboxes": [0.4336266215454033, 0.28228990411731525, 0.8227975183305133, 0.829385222786238], "class": 1}