{"image": "b9066e74-2f03-11ee-9b47-d8bbc1768911.jpg", "bboxes": [0.2936266215454033, 0.18839255499153976, 0.6827975183305133, 0.7354878736604625], "class": 1}