{"image": "b9066e74-2f03-11ee-9b47-d8bbc1768911.jpg", "bboxes": [0.17584884376762555, 0.27562323745064865, 0.5650197405527355, 0.8227185561195713], "class": 1}