{"image": "b9066e74-2f03-11ee-9b47-d8bbc1768911.jpg", "bboxes": [0.12473773265651444, 0.25784545967287087, 0.5139086294416244, 0.8049407783417936], "class": 1}