{"image": "b9066e74-2f03-11ee-9b47-d8bbc1768911.jpg", "bboxes": [0.2669599548787366, 0.3111787930062042, 0.6561308516638467, 0.8582741116751269], "class": 1}