{"image": "b9066e74-2f03-11ee-9b47-d8bbc1768911.jpg", "bboxes": [0.459424703891709, 0.2845121263395375, 0.8485956006768189, 0.8316074450084603], "class": 1}