{"image": "b9066e74-2f03-11ee-9b47-d8bbc1768911.jpg", "bboxes": [0.33275803722504227, 0.19728144388042865, 0.7219289340101522, 0.7443767625493514], "class": 1}