{"image": "b9066e74-2f03-11ee-9b47-d8bbc1768911.jpg", "bboxes": [0.30609137055837565, 0.18172588832487307, 0.6952622673434856, 0.7288212069937958], "class": 1}