{"image": "b9066e74-2f03-11ee-9b47-d8bbc1768911.jpg", "bboxes": [0.5349802594472646, 0.2978454596728708, 0.9241511562323745, 0.8449407783417936], "class": 1}