{"image": "b9066e74-2f03-11ee-9b47-d8bbc1768911.jpg", "bboxes": [0.3438691483361534, 0.1528369994359842, 0.7330400451212634, 0.699932318104907], "class": 1}