{"image": "b9066e74-2f03-11ee-9b47-d8bbc1768911.jpg", "bboxes": [0.10473773265651443, 0.2711787930062042, 0.4939086294416244, 0.8182741116751269], "class": 1}