{"image": "b9066e74-2f03-11ee-9b47-d8bbc1768911.jpg", "bboxes": [0.34609137055837563, 0.16839255499153974, 0.7352622673434855, 0.7154878736604625], "class": 1}