{"image": "b9066e74-2f03-11ee-9b47-d8bbc1768911.jpg", "bboxes": [0.2869599548787366, 0.1439481105470953, 0.6761308516638467, 0.691043429216018], "class": 1}