{"image": "b9066e74-2f03-11ee-9b47-d8bbc1768911.jpg", "bboxes": [0.46609137055837563, 0.31340101522842634, 0.8552622673434856, 0.8604963338973491], "class": 1}