{"image": "b9066e74-2f03-11ee-9b47-d8bbc1768911.jpg", "bboxes": [0.2536266215454033, 0.2667343485617597, 0.6427975183305132, 0.8138296672306825], "class": 1}