{"image": "b95696a6-2f03-11ee-a998-d8bbc1768911.jpg", "bboxes": [0.0920473773265652, 0.2880654258319233, 0.5398759165256628, 0.8385448392554992], "class": 1}