{"image": "b95696a6-2f03-11ee-a998-d8bbc1768911.jpg", "bboxes": [0.1290129723632261, 0.2769543147208122, 0.5768415115623238, 0.827433728144388], "class": 1}