{"image": "b95696a6-2f03-11ee-a998-d8bbc1768911.jpg", "bboxes": [0.37345741680767053, 0.14812182741116753, 0.8212859560067681, 0.6986012408347434], "class": 1}