{"image": "b95696a6-2f03-11ee-a998-d8bbc1768911.jpg", "bboxes": [0.30234630569655946, 0.16367738296672307, 0.7501748448956571, 0.7141567963902989], "class": 1}