{"image": "b95696a6-2f03-11ee-a998-d8bbc1768911.jpg", "bboxes": [0.2690129723632261, 0.2880654258319233, 0.7168415115623237, 0.8385448392554992], "class": 1}