{"image": "b95696a6-2f03-11ee-a998-d8bbc1768911.jpg", "bboxes": [0.24538071065989853, 0.15923293852227863, 0.6932092498589961, 0.7097123519458545], "class": 1}