{"image": "b95696a6-2f03-11ee-a998-d8bbc1768911.jpg", "bboxes": [0.36234630569655946, 0.3013987591652566, 0.810174844895657, 0.8518781725888325], "class": 1}