{"image": "b95696a6-2f03-11ee-a998-d8bbc1768911.jpg", "bboxes": [0.1601240834743372, 0.1836773829667231, 0.6079526226734349, 0.734156796390299], "class": 1}