{"image": "b95696a6-2f03-11ee-a998-d8bbc1768911.jpg", "bboxes": [0.3290129723632261, 0.29250987027636777, 0.7768415115623237, 0.8429892836999435], "class": 1}