{"image": "b95696a6-2f03-11ee-a998-d8bbc1768911.jpg", "bboxes": [0.042346305696559436, 0.3080654258319233, 0.49017484489565705, 0.8585448392554992], "class": 1}