{"image": "b95696a6-2f03-11ee-a998-d8bbc1768911.jpg", "bboxes": [0.10093626621545404, 0.12145516074450086, 0.5487648054145517, 0.6719345741680767], "class": 1}