{"image": "b95696a6-2f03-11ee-a998-d8bbc1768911.jpg", "bboxes": [0.24234630569655943, 0.15034404963338974, 0.6901748448956571, 0.7008234630569656], "class": 1}