{"image": "b95696a6-2f03-11ee-a998-d8bbc1768911.jpg", "bboxes": [0.10012408347433721, 0.30362098138747884, 0.5479526226734348, 0.8541003948110547], "class": 1}