{"image": "b95696a6-2f03-11ee-a998-d8bbc1768911.jpg", "bboxes": [0.3831584884376763, 0.12812182741116754, 0.8309870276367739, 0.6786012408347434], "class": 1}