{"image": "b95696a6-2f03-11ee-a998-d8bbc1768911.jpg", "bboxes": [0.257901861252115, 0.3080654258319233, 0.7057304004512126, 0.8585448392554992], "class": 1}