{"image": "b95696a6-2f03-11ee-a998-d8bbc1768911.jpg", "bboxes": [0.4112351945854483, 0.1347884940778342, 0.8590637337845459, 0.6852679075014101], "class": 1}