{"image": "b95696a6-2f03-11ee-a998-d8bbc1768911.jpg", "bboxes": [0.18982515510434295, 0.1836773829667231, 0.6376536943034405, 0.734156796390299], "class": 1}