{"image": "b95696a6-2f03-11ee-a998-d8bbc1768911.jpg", "bboxes": [0.12760293288212077, 0.17923293852227865, 0.5754314720812184, 0.7297123519458545], "class": 1}