{"image": "b95696a6-2f03-11ee-a998-d8bbc1768911.jpg", "bboxes": [0.5120473773265651, 0.12145516074450086, 0.9598759165256627, 0.6719345741680767], "class": 1}