{"image": "b95696a6-2f03-11ee-a998-d8bbc1768911.jpg", "bboxes": [0.1690129723632261, 0.1858996051889453, 0.6168415115623237, 0.7363790186125212], "class": 1}