{"image": "b95696a6-2f03-11ee-a998-d8bbc1768911.jpg", "bboxes": [0.5142695995487874, 0.16812182741116752, 0.962098138747885, 0.7186012408347434], "class": 1}