{"image": "b95696a6-2f03-11ee-a998-d8bbc1768911.jpg", "bboxes": [0.28538071065989845, 0.15256627185561197, 0.7332092498589962, 0.7030456852791878], "class": 1}