{"image": "b95696a6-2f03-11ee-a998-d8bbc1768911.jpg", "bboxes": [0.22234630569655944, 0.29473209249859, 0.670174844895657, 0.8452115059221659], "class": 1}