{"image": "b95696a6-2f03-11ee-a998-d8bbc1768911.jpg", "bboxes": [0.3187140439932318, 0.12812182741116754, 0.7665425831923295, 0.6786012408347434], "class": 1}