{"image": "b95696a6-2f03-11ee-a998-d8bbc1768911.jpg", "bboxes": [0.4453807106598985, 0.33028764805414557, 0.8932092498589961, 0.8807670614777213], "class": 1}