{"image": "b95696a6-2f03-11ee-a998-d8bbc1768911.jpg", "bboxes": [0.12012408347433721, 0.14812182741116753, 0.5679526226734348, 0.6986012408347434], "class": 1}