{"image": "b95696a6-2f03-11ee-a998-d8bbc1768911.jpg", "bboxes": [0.3356796390298928, 0.17256627185561196, 0.7835081782289904, 0.7230456852791878], "class": 1}