{"image": "b95696a6-2f03-11ee-a998-d8bbc1768911.jpg", "bboxes": [0.18234630569655944, 0.32362098138747886, 0.6301748448956571, 0.8741003948110547], "class": 1}