{"image": "b95696a6-2f03-11ee-a998-d8bbc1768911.jpg", "bboxes": [0.31345741680767053, 0.13256627185561198, 0.7612859560067682, 0.6830456852791879], "class": 1}