{"image": "b95696a6-2f03-11ee-a998-d8bbc1768911.jpg", "bboxes": [0.2623463056965594, 0.12367738296672308, 0.7101748448956571, 0.6741567963902989], "class": 1}