{"image": "b95696a6-2f03-11ee-a998-d8bbc1768911.jpg", "bboxes": [0.3276029328821207, 0.1770107163000564, 0.7754314720812183, 0.7274901297236323], "class": 1}