{"image": "b95696a6-2f03-11ee-a998-d8bbc1768911.jpg", "bboxes": [0.24012408347433722, 0.31695431472081215, 0.6879526226734348, 0.867433728144388], "class": 1}