{"image": "b95696a6-2f03-11ee-a998-d8bbc1768911.jpg", "bboxes": [0.40234630569655944, 0.28584320360970106, 0.8501748448956571, 0.8363226170332769], "class": 1}