{"image": "b95696a6-2f03-11ee-a998-d8bbc1768911.jpg", "bboxes": [0.06012408347433721, 0.27473209249859, 0.5079526226734349, 0.8252115059221659], "class": 1}