{"image": "b95696a6-2f03-11ee-a998-d8bbc1768911.jpg", "bboxes": [0.4987140439932318, 0.15923293852227863, 0.9465425831923294, 0.7097123519458545], "class": 1}