{"image": "b95696a6-2f03-11ee-a998-d8bbc1768911.jpg", "bboxes": [0.1498251551043429, 0.26584320360970104, 0.5976536943034405, 0.8163226170332769], "class": 1}