{"image": "b95696a6-2f03-11ee-a998-d8bbc1768911.jpg", "bboxes": [0.3490129723632261, 0.29473209249859, 0.7968415115623237, 0.8452115059221659], "class": 1}