{"image": "b95696a6-2f03-11ee-a998-d8bbc1768911.jpg", "bboxes": [0.30982515510434294, 0.3058432036097011, 0.7576536943034405, 0.856322617033277], "class": 1}