{"image": "b95696a6-2f03-11ee-a998-d8bbc1768911.jpg", "bboxes": [0.27204737732656514, 0.14367738296672308, 0.7198759165256627, 0.6941567963902989], "class": 1}