{"image": "b95696a6-2f03-11ee-a998-d8bbc1768911.jpg", "bboxes": [0.4853807106598985, 0.1747884940778342, 0.9332092498589961, 0.72526790750141], "class": 1}