{"image": "b95696a6-2f03-11ee-a998-d8bbc1768911.jpg", "bboxes": [0.44982515510434296, 0.3258432036097011, 0.8976536943034406, 0.876322617033277], "class": 1}