{"image": "b95696a6-2f03-11ee-a998-d8bbc1768911.jpg", "bboxes": [0.300936266215454, 0.1858996051889453, 0.7487648054145517, 0.7363790186125212], "class": 1}