{"image": "b95696a6-2f03-11ee-a998-d8bbc1768911.jpg", "bboxes": [0.3956796390298928, 0.12367738296672308, 0.8435081782289904, 0.6741567963902989], "class": 1}