{"image": "b95696a6-2f03-11ee-a998-d8bbc1768911.jpg", "bboxes": [0.32456852791878166, 0.17256627185561196, 0.7723970671178793, 0.7230456852791878], "class": 1}