{"image": "b95696a6-2f03-11ee-a998-d8bbc1768911.jpg", "bboxes": [0.4720473773265652, 0.29695431472081224, 0.9198759165256628, 0.847433728144388], "class": 1}