{"image": "b95696a6-2f03-11ee-a998-d8bbc1768911.jpg", "bboxes": [0.1298251551043429, 0.29473209249859, 0.5776536943034405, 0.8452115059221659], "class": 1}