{"image": "b95696a6-2f03-11ee-a998-d8bbc1768911.jpg", "bboxes": [0.12538071065989853, 0.15478849407783418, 0.5732092498589961, 0.70526790750141], "class": 1}