{"image": "b95696a6-2f03-11ee-a998-d8bbc1768911.jpg", "bboxes": [0.45426959954878743, 0.3147320924985899, 0.902098138747885, 0.8652115059221658], "class": 1}