{"image": "b95696a6-2f03-11ee-a998-d8bbc1768911.jpg", "bboxes": [0.09567963902989277, 0.12812182741116754, 0.5435081782289904, 0.6786012408347434], "class": 1}