{"image": "b95696a6-2f03-11ee-a998-d8bbc1768911.jpg", "bboxes": [0.40234630569655944, 0.1747884940778342, 0.8501748448956571, 0.72526790750141], "class": 1}