{"image": "b95696a6-2f03-11ee-a998-d8bbc1768911.jpg", "bboxes": [0.3631584884376763, 0.29473209249859, 0.8109870276367739, 0.8452115059221659], "class": 1}