{"image": "b95696a6-2f03-11ee-a998-d8bbc1768911.jpg", "bboxes": [0.32456852791878166, 0.13256627185561198, 0.7723970671178793, 0.6830456852791879], "class": 1}