{"image": "b95696a6-2f03-11ee-a998-d8bbc1768911.jpg", "bboxes": [0.10538071065989851, 0.1458996051889453, 0.5532092498589961, 0.6963790186125212], "class": 1}