{"image": "b95696a6-2f03-11ee-a998-d8bbc1768911.jpg", "bboxes": [0.0920473773265652, 0.29917653694303437, 0.5398759165256628, 0.8496559503666102], "class": 1}