{"image": "b9a8ff75-2f03-11ee-99fa-d8bbc1768911.jpg", "bboxes": [0.4319571347997743, 0.34183869148336143, 0.8786576424139874, 0.8426847151720248], "class": 1}