{"image": "b9a8ff75-2f03-11ee-99fa-d8bbc1768911.jpg", "bboxes": [0.20529046813310767, 0.3529498025944725, 0.6519909757473208, 0.8537958262831359], "class": 1}