{"image": "b9a8ff75-2f03-11ee-99fa-d8bbc1768911.jpg", "bboxes": [0.4235645798082348, 0.29739424703891704, 0.8702650874224479, 0.7982402707275804], "class": 1}