{"image": "b9a8ff75-2f03-11ee-99fa-d8bbc1768911.jpg", "bboxes": [0.245786802030457, 0.17953750705019741, 0.6924873096446701, 0.6803835307388608], "class": 1}