{"image": "b9a8ff75-2f03-11ee-99fa-d8bbc1768911.jpg", "bboxes": [0.1475126903553299, 0.3196164692611392, 0.594213197969543, 0.8204624929498026], "class": 1}