{"image": "b9a8ff75-2f03-11ee-99fa-d8bbc1768911.jpg", "bboxes": [0.3413423575860126, 0.3218386914833614, 0.7880428652002256, 0.8226847151720248], "class": 1}