{"image": "b9a8ff75-2f03-11ee-99fa-d8bbc1768911.jpg", "bboxes": [0.3991201353637903, 0.17287084038353076, 0.8458206429780034, 0.6737168640721941], "class": 1}