{"image": "b9a8ff75-2f03-11ee-99fa-d8bbc1768911.jpg", "bboxes": [0.45245346869712366, 0.3151720248166948, 0.8991539763113368, 0.8160180485053581], "class": 1}