{"image": "b9a8ff75-2f03-11ee-99fa-d8bbc1768911.jpg", "bboxes": [0.28084602368866324, 0.2951720248166948, 0.7275465313028763, 0.7960180485053582], "class": 1}