{"image": "b9a8ff75-2f03-11ee-99fa-d8bbc1768911.jpg", "bboxes": [0.26800902425267925, 0.33072758037225036, 0.7147095318668923, 0.8315736040609136], "class": 1}