{"image": "b9a8ff75-2f03-11ee-99fa-d8bbc1768911.jpg", "bboxes": [0.4746756909193459, 0.19287084038353075, 0.921376198533559, 0.6937168640721941], "class": 1}