{"image": "b9a8ff75-2f03-11ee-99fa-d8bbc1768911.jpg", "bboxes": [0.18306824591088544, 0.3596164692611392, 0.6297687535250985, 0.8604624929498026], "class": 1}