{"image": "b9a8ff75-2f03-11ee-99fa-d8bbc1768911.jpg", "bboxes": [0.24529046813310768, 0.1573152848279752, 0.6919909757473207, 0.6581613085166386], "class": 1}