{"image": "b9a8ff75-2f03-11ee-99fa-d8bbc1768911.jpg", "bboxes": [0.19640157924421878, 0.357394247038917, 0.6431020868584318, 0.8582402707275804], "class": 1}