{"image": "b9a8ff75-2f03-11ee-99fa-d8bbc1768911.jpg", "bboxes": [0.3719571347997743, 0.29739424703891704, 0.8186576424139874, 0.7982402707275804], "class": 1}