{"image": "b9a8ff75-2f03-11ee-99fa-d8bbc1768911.jpg", "bboxes": [0.1675126903553299, 0.3085053581500281, 0.614213197969543, 0.8093513818386915], "class": 1}