{"image": "b9a8ff75-2f03-11ee-99fa-d8bbc1768911.jpg", "bboxes": [0.358623801466441, 0.3507275803722504, 0.8053243090806541, 0.8515736040609136], "class": 1}