{"image": "b9a8ff75-2f03-11ee-99fa-d8bbc1768911.jpg", "bboxes": [0.4413423575860126, 0.34406091370558367, 0.8880428652002257, 0.844906937394247], "class": 1}