{"image": "b9a8ff75-2f03-11ee-99fa-d8bbc1768911.jpg", "bboxes": [0.298623801466441, 0.34406091370558367, 0.7453243090806541, 0.844906937394247], "class": 1}