{"image": "b9a8ff75-2f03-11ee-99fa-d8bbc1768911.jpg", "bboxes": [0.33195713479977434, 0.19064861816130854, 0.7786576424139874, 0.6914946418499719], "class": 1}