{"image": "b9a8ff75-2f03-11ee-99fa-d8bbc1768911.jpg", "bboxes": [0.4097349125775521, 0.1973152848279752, 0.8564354201917652, 0.6981613085166386], "class": 1}