{"image": "b9a8ff75-2f03-11ee-99fa-d8bbc1768911.jpg", "bboxes": [0.258623801466441, 0.33072758037225036, 0.705324309080654, 0.8315736040609136], "class": 1}