{"image": "b9a8ff75-2f03-11ee-99fa-d8bbc1768911.jpg", "bboxes": [0.25417935702199657, 0.16842639593908632, 0.7008798646362097, 0.6692724196277496], "class": 1}