{"image": "b9a8ff75-2f03-11ee-99fa-d8bbc1768911.jpg", "bboxes": [0.43245346869712376, 0.15064861816130853, 0.8791539763113367, 0.6514946418499719], "class": 1}