{"image": "b9a8ff75-2f03-11ee-99fa-d8bbc1768911.jpg", "bboxes": [0.28973491257755213, 0.1395375070501974, 0.7364354201917652, 0.6403835307388608], "class": 1}