{"image": "b9a8ff75-2f03-11ee-99fa-d8bbc1768911.jpg", "bboxes": [0.27640157924421876, 0.29294980259447256, 0.7231020868584318, 0.7937958262831359], "class": 1}