{"image": "b9a8ff75-2f03-11ee-99fa-d8bbc1768911.jpg", "bboxes": [0.3252904681331077, 0.31739424703891705, 0.7719909757473208, 0.8182402707275803], "class": 1}