{"image": "b9a8ff75-2f03-11ee-99fa-d8bbc1768911.jpg", "bboxes": [0.31912013536379036, 0.3018386914833614, 0.7658206429780035, 0.8026847151720248], "class": 1}