{"image": "b9a8ff75-2f03-11ee-99fa-d8bbc1768911.jpg", "bboxes": [0.2968979131415681, 0.16175972927241963, 0.7435984207557812, 0.662605752961083], "class": 1}