{"image": "b9a8ff75-2f03-11ee-99fa-d8bbc1768911.jpg", "bboxes": [0.09195713479977434, 0.20398195149464185, 0.5386576424139874, 0.7048279751833052], "class": 1}