{"image": "b9a8ff75-2f03-11ee-99fa-d8bbc1768911.jpg", "bboxes": [0.2608460236886632, 0.15509306260575298, 0.7075465313028763, 0.6559390862944163], "class": 1}