{"image": "b9a8ff75-2f03-11ee-99fa-d8bbc1768911.jpg", "bboxes": [0.198623801466441, 0.16398195149464187, 0.6453243090806541, 0.6648279751833053], "class": 1}