{"image": "b9a8ff75-2f03-11ee-99fa-d8bbc1768911.jpg", "bboxes": [0.06306824591088546, 0.3129498025944726, 0.5097687535250985, 0.813795826283136], "class": 1}