{"image": "b9a8ff75-2f03-11ee-99fa-d8bbc1768911.jpg", "bboxes": [0.22973491257755213, 0.3529498025944725, 0.6764354201917652, 0.8537958262831359], "class": 1}