{"image": "b9a8ff75-2f03-11ee-99fa-d8bbc1768911.jpg", "bboxes": [0.14134235758601255, 0.1484263959390863, 0.5880428652002256, 0.6492724196277496], "class": 1}