{"image": "b9a8ff75-2f03-11ee-99fa-d8bbc1768911.jpg", "bboxes": [0.17195713479977434, 0.1884263959390863, 0.6186576424139875, 0.6892724196277497], "class": 1}