{"image": "b9a8ff75-2f03-11ee-99fa-d8bbc1768911.jpg", "bboxes": [0.09417935702199656, 0.1995375070501974, 0.5408798646362096, 0.7003835307388607], "class": 1}