{"image": "b9a8ff75-2f03-11ee-99fa-d8bbc1768911.jpg", "bboxes": [0.18134235758601258, 0.3351720248166947, 0.6280428652002257, 0.8360180485053581], "class": 1}