{"image": "b9a8ff75-2f03-11ee-99fa-d8bbc1768911.jpg", "bboxes": [0.5102312464749015, 0.18175972927241965, 0.9569317540891146, 0.682605752961083], "class": 1}