{"image": "b9a8ff75-2f03-11ee-99fa-d8bbc1768911.jpg", "bboxes": [0.505786802030457, 0.1395375070501974, 0.9524873096446701, 0.6403835307388608], "class": 1}