{"image": "b9a8ff75-2f03-11ee-99fa-d8bbc1768911.jpg", "bboxes": [0.13195713479977433, 0.17509306260575297, 0.5786576424139874, 0.6759390862944163], "class": 1}