{"image": "b9a8ff75-2f03-11ee-99fa-d8bbc1768911.jpg", "bboxes": [0.04973491257755212, 0.3396164692611392, 0.4964354201917652, 0.8404624929498026], "class": 1}