{"image": "b9a8ff75-2f03-11ee-99fa-d8bbc1768911.jpg", "bboxes": [0.525786802030457, 0.14398195149464185, 0.9724873096446701, 0.6448279751833053], "class": 1}