{"image": "b9a8ff75-2f03-11ee-99fa-d8bbc1768911.jpg", "bboxes": [0.23467569091934593, 0.3285053581500281, 0.6813761985335589, 0.8293513818386915], "class": 1}