{"image": "b9a8ff75-2f03-11ee-99fa-d8bbc1768911.jpg", "bboxes": [0.24529046813310768, 0.3196164692611392, 0.6919909757473207, 0.8204624929498026], "class": 1}