{"image": "b9a8ff75-2f03-11ee-99fa-d8bbc1768911.jpg", "bboxes": [0.2013423575860126, 0.3529498025944725, 0.6480428652002257, 0.8537958262831359], "class": 1}