{"image": "b9a8ff75-2f03-11ee-99fa-d8bbc1768911.jpg", "bboxes": [0.36973491257755214, 0.34183869148336143, 0.8164354201917652, 0.8426847151720248], "class": 1}