{"image": "b9f96f11-2f03-11ee-b08d-d8bbc1768911.jpg", "bboxes": [0.4121489001692046, 0.32549351381838687, 0.7945516074450085, 0.8240834743372815], "class": 1}