{"image": "b9f96f11-2f03-11ee-b08d-d8bbc1768911.jpg", "bboxes": [0.4654822335025379, 0.33660462492949794, 0.8478849407783418, 0.8351945854483925], "class": 1}