{"image": "b9f96f11-2f03-11ee-b08d-d8bbc1768911.jpg", "bboxes": [0.38548223350253796, 0.17369430344049636, 0.7678849407783418, 0.672284263959391], "class": 1}