{"image": "b9f96f11-2f03-11ee-b08d-d8bbc1768911.jpg", "bboxes": [0.4076706147772138, 0.12480541455160746, 0.7900733220530176, 0.623395375070502], "class": 1}