{"image": "b9f96f11-2f03-11ee-b08d-d8bbc1768911.jpg", "bboxes": [0.11437112239142688, 0.14702763677382968, 0.4967738296672307, 0.6456175972927243], "class": 1}