{"image": "b9f96f11-2f03-11ee-b08d-d8bbc1768911.jpg", "bboxes": [0.3521150592216582, 0.16258319232938523, 0.734517766497462, 0.6611731528482798], "class": 1}