{"image": "b9f96f11-2f03-11ee-b08d-d8bbc1768911.jpg", "bboxes": [0.2010039481105471, 0.3143824027072757, 0.583406655386351, 0.8129723632261703], "class": 1}