{"image": "b9f96f11-2f03-11ee-b08d-d8bbc1768911.jpg", "bboxes": [0.40100394811054707, 0.17591652566271856, 0.7834066553863509, 0.6745064861816131], "class": 1}