{"image": "b9f96f11-2f03-11ee-b08d-d8bbc1768911.jpg", "bboxes": [0.46103778905809345, 0.12258319232938523, 0.8434404963338973, 0.6211731528482799], "class": 1}