{"image": "b9f96f11-2f03-11ee-b08d-d8bbc1768911.jpg", "bboxes": [0.11659334461364901, 0.31882684715172016, 0.49899605188945295, 0.8174168076706148], "class": 1}