{"image": "b9f96f11-2f03-11ee-b08d-d8bbc1768911.jpg", "bboxes": [0.2943711223914268, 0.33216018048505347, 0.6767738296672308, 0.8307501410039481], "class": 1}