{"image": "b9f96f11-2f03-11ee-b08d-d8bbc1768911.jpg", "bboxes": [0.3543711223914269, 0.1381387478849408, 0.7367738296672307, 0.6367287084038354], "class": 1}