{"image": "b9f96f11-2f03-11ee-b08d-d8bbc1768911.jpg", "bboxes": [0.2788155668358713, 0.1314720812182741, 0.6612182741116751, 0.6300620417371687], "class": 1}