{"image": "b9f96f11-2f03-11ee-b08d-d8bbc1768911.jpg", "bboxes": [0.31437112239142684, 0.3343824027072757, 0.6967738296672307, 0.8329723632261703], "class": 1}