{"image": "b9f96f11-2f03-11ee-b08d-d8bbc1768911.jpg", "bboxes": [0.3432261703327693, 0.36993795826283127, 0.7256288776085732, 0.8685279187817259], "class": 1}