{"image": "b9f96f11-2f03-11ee-b08d-d8bbc1768911.jpg", "bboxes": [0.309892836999436, 0.15813874788494078, 0.6922955442752399, 0.6567287084038353], "class": 1}