{"image": "b9f96f11-2f03-11ee-b08d-d8bbc1768911.jpg", "bboxes": [0.32767061477721376, 0.32549351381838687, 0.7100733220530177, 0.8240834743372815], "class": 1}