{"image": "b9f96f11-2f03-11ee-b08d-d8bbc1768911.jpg", "bboxes": [0.29878172588832486, 0.1692498589960519, 0.6811844331641287, 0.6678398195149465], "class": 1}