{"image": "b9f96f11-2f03-11ee-b08d-d8bbc1768911.jpg", "bboxes": [0.229892836999436, 0.14480541455160745, 0.6122955442752398, 0.643395375070502], "class": 1}