{"image": "b9f96f11-2f03-11ee-b08d-d8bbc1768911.jpg", "bboxes": [0.1032600112803157, 0.12480541455160746, 0.48566271855611953, 0.623395375070502], "class": 1}