{"image": "b9f96f11-2f03-11ee-b08d-d8bbc1768911.jpg", "bboxes": [0.16322617033276932, 0.15813874788494078, 0.5456288776085731, 0.6567287084038353], "class": 1}