{"image": "b9f96f11-2f03-11ee-b08d-d8bbc1768911.jpg", "bboxes": [0.4587817258883249, 0.38104906937394234, 0.8411844331641287, 0.8796390298928369], "class": 1}