{"image": "b9f96f11-2f03-11ee-b08d-d8bbc1768911.jpg", "bboxes": [0.1854822335025379, 0.36327129159616456, 0.5678849407783417, 0.8618612521150593], "class": 1}