{"image": "b9f96f11-2f03-11ee-b08d-d8bbc1768911.jpg", "bboxes": [0.35214890016920464, 0.3454935138183868, 0.7345516074450085, 0.8440834743372814], "class": 1}