{"image": "b9f96f11-2f03-11ee-b08d-d8bbc1768911.jpg", "bboxes": [0.22770445572476017, 0.376604624929498, 0.610107163000564, 0.8751945854483926], "class": 1}