{"image": "b9f96f11-2f03-11ee-b08d-d8bbc1768911.jpg", "bboxes": [0.449892836999436, 0.12702763677382967, 0.8322955442752399, 0.6256175972927243], "class": 1}