{"image": "b9f96f11-2f03-11ee-b08d-d8bbc1768911.jpg", "bboxes": [0.22544839255499155, 0.1314720812182741, 0.6078510998307954, 0.6300620417371687], "class": 1}