{"image": "b9f96f11-2f03-11ee-b08d-d8bbc1768911.jpg", "bboxes": [0.12326001128031572, 0.34327129159616465, 0.5056627185561196, 0.8418612521150592], "class": 1}