{"image": "b9f96f11-2f03-11ee-b08d-d8bbc1768911.jpg", "bboxes": [0.5210377890580935, 0.15591652566271857, 0.9034404963338973, 0.6545064861816132], "class": 1}