{"image": "b9f96f11-2f03-11ee-b08d-d8bbc1768911.jpg", "bboxes": [0.44767061477721376, 0.347715736040609, 0.8300733220530176, 0.8463056965595037], "class": 1}