{"image": "b9f96f11-2f03-11ee-b08d-d8bbc1768911.jpg", "bboxes": [0.2232261703327693, 0.31882684715172016, 0.6056288776085732, 0.8174168076706148], "class": 1}