{"image": "b9f96f11-2f03-11ee-b08d-d8bbc1768911.jpg", "bboxes": [0.25214890016920466, 0.3166046249294979, 0.6345516074450084, 0.8151945854483925], "class": 1}