{"image": "b9f96f11-2f03-11ee-b08d-d8bbc1768911.jpg", "bboxes": [0.3432261703327693, 0.1292498589960519, 0.7256288776085732, 0.6278398195149465], "class": 1}