{"image": "b9f96f11-2f03-11ee-b08d-d8bbc1768911.jpg", "bboxes": [0.35881556683587124, 0.3210490693739424, 0.7412182741116751, 0.819639029892837], "class": 1}