{"image": "b9f96f11-2f03-11ee-b08d-d8bbc1768911.jpg", "bboxes": [0.4210377890580935, 0.17591652566271856, 0.8034404963338974, 0.6745064861816131], "class": 1}