{"image": "b9f96f11-2f03-11ee-b08d-d8bbc1768911.jpg", "bboxes": [0.25214890016920466, 0.18702763677382966, 0.6345516074450084, 0.6856175972927243], "class": 1}