{"image": "b9f96f11-2f03-11ee-b08d-d8bbc1768911.jpg", "bboxes": [0.489892836999436, 0.1692498589960519, 0.8722955442752398, 0.6678398195149465], "class": 1}