{"image": "b9f96f11-2f03-11ee-b08d-d8bbc1768911.jpg", "bboxes": [0.2543711223914268, 0.14258319232938524, 0.6367738296672307, 0.6411731528482798], "class": 1}