{"image": "b9f96f11-2f03-11ee-b08d-d8bbc1768911.jpg", "bboxes": [0.37214890016920465, 0.16036097010716302, 0.7545516074450085, 0.6589509306260576], "class": 1}