{"image": "b9f96f11-2f03-11ee-b08d-d8bbc1768911.jpg", "bboxes": [0.4388155668358713, 0.1381387478849408, 0.8212182741116751, 0.6367287084038354], "class": 1}