{"image": "b9f96f11-2f03-11ee-b08d-d8bbc1768911.jpg", "bboxes": [0.26767061477721377, 0.3410490693739424, 0.6500733220530176, 0.839639029892837], "class": 1}