{"image": "b9f96f11-2f03-11ee-b08d-d8bbc1768911.jpg", "bboxes": [0.43878172588832487, 0.1492498589960519, 0.8211844331641287, 0.6478398195149465], "class": 1}