{"image": "b9f96f11-2f03-11ee-b08d-d8bbc1768911.jpg", "bboxes": [0.21437112239142686, 0.180360970107163, 0.5967738296672307, 0.6789509306260576], "class": 1}