{"image": "b9f96f11-2f03-11ee-b08d-d8bbc1768911.jpg", "bboxes": [0.2210039481105471, 0.17369430344049636, 0.603406655386351, 0.672284263959391], "class": 1}