{"image": "b9f96f11-2f03-11ee-b08d-d8bbc1768911.jpg", "bboxes": [0.3677044557247602, 0.3143824027072757, 0.750107163000564, 0.8129723632261703], "class": 1}