{"image": "b9f96f11-2f03-11ee-b08d-d8bbc1768911.jpg", "bboxes": [0.3121150592216582, 0.33660462492949794, 0.6945177664974621, 0.8351945854483925], "class": 1}