{"image": "b9f96f11-2f03-11ee-b08d-d8bbc1768911.jpg", "bboxes": [0.40992667794698234, 0.36327129159616456, 0.7923293852227862, 0.8618612521150593], "class": 1}