{"image": "b9f96f11-2f03-11ee-b08d-d8bbc1768911.jpg", "bboxes": [0.40989283699943596, 0.18258319232938522, 0.7922955442752398, 0.6811731528482798], "class": 1}