{"image": "b9f96f11-2f03-11ee-b08d-d8bbc1768911.jpg", "bboxes": [0.35881556683587124, 0.37438240270727574, 0.7412182741116751, 0.8729723632261703], "class": 1}