{"image": "ba4df57e-2f03-11ee-9e64-d8bbc1768911.jpg", "bboxes": [0.4623350253807107, 0.10679075014100395, 0.8594021432600113, 0.6933671742808799], "class": 1}