{"image": "ba4df57e-2f03-11ee-9e64-d8bbc1768911.jpg", "bboxes": [0.4112239142695996, 0.26663282571912017, 0.8082910321489002, 0.853209249858996], "class": 1}