{"image": "ba4df57e-2f03-11ee-9e64-d8bbc1768911.jpg", "bboxes": [0.10504230118443314, 0.10679075014100395, 0.5021094190637337, 0.6933671742808799], "class": 1}