{"image": "ba4df57e-2f03-11ee-9e64-d8bbc1768911.jpg", "bboxes": [0.43393119007332204, 0.24441060349689792, 0.8309983079526226, 0.8309870276367739], "class": 1}