{"image": "ba4df57e-2f03-11ee-9e64-d8bbc1768911.jpg", "bboxes": [0.48900169204737737, 0.27107727016356453, 0.886068809926678, 0.8576536943034405], "class": 1}