{"image": "ba4df57e-2f03-11ee-9e64-d8bbc1768911.jpg", "bboxes": [0.2672645234066553, 0.2821883812746757, 0.664331641285956, 0.8687648054145516], "class": 1}