{"image": "ba4df57e-2f03-11ee-9e64-d8bbc1768911.jpg", "bboxes": [0.27615341229554424, 0.10679075014100395, 0.6732205301748448, 0.6933671742808799], "class": 1}