{"image": "ba4df57e-2f03-11ee-9e64-d8bbc1768911.jpg", "bboxes": [0.12677946982515512, 0.2488550479413424, 0.5238465877044558, 0.8354314720812183], "class": 1}