{"image": "ba4df57e-2f03-11ee-9e64-d8bbc1768911.jpg", "bboxes": [0.43122391426959955, 0.12901297236322617, 0.8282910321489002, 0.715589396503102], "class": 1}