{"image": "ba4df57e-2f03-11ee-9e64-d8bbc1768911.jpg", "bboxes": [0.1472645234066553, 0.30441060349689797, 0.544331641285956, 0.8909870276367738], "class": 1}