{"image": "ba4df57e-2f03-11ee-9e64-d8bbc1768911.jpg", "bboxes": [0.44726452340665535, 0.10456852791878173, 0.844331641285956, 0.6911449520586577], "class": 1}