{"image": "ba4df57e-2f03-11ee-9e64-d8bbc1768911.jpg", "bboxes": [0.35789058093626624, 0.12012408347433727, 0.7549576988155668, 0.7067005076142132], "class": 1}