{"image": "ba4df57e-2f03-11ee-9e64-d8bbc1768911.jpg", "bboxes": [0.515668358714044, 0.29774393683023126, 0.9127354765933446, 0.8843203609701071], "class": 1}