{"image": "ba4df57e-2f03-11ee-9e64-d8bbc1768911.jpg", "bboxes": [0.48059785673998867, 0.2866328257191202, 0.8776649746192893, 0.8732092498589961], "class": 1}