{"image": "ba4df57e-2f03-11ee-9e64-d8bbc1768911.jpg", "bboxes": [0.2467794698251551, 0.27329949238578677, 0.6438465877044558, 0.8598759165256628], "class": 1}