{"image": "ba4df57e-2f03-11ee-9e64-d8bbc1768911.jpg", "bboxes": [0.18900169204737735, 0.2932994923857868, 0.586068809926678, 0.8798759165256628], "class": 1}