{"image": "ba4df57e-2f03-11ee-9e64-d8bbc1768911.jpg", "bboxes": [0.09170896785109983, 0.12012408347433727, 0.48877608573040043, 0.7067005076142132], "class": 1}