{"image": "ba4df57e-2f03-11ee-9e64-d8bbc1768911.jpg", "bboxes": [0.46011280315848846, 0.1112351945854484, 0.8571799210377891, 0.6978116187253243], "class": 1}