{"image": "ba4df57e-2f03-11ee-9e64-d8bbc1768911.jpg", "bboxes": [0.2094867456288776, 0.11790186125211505, 0.6065538635081782, 0.704478285391991], "class": 1}