{"image": "ba4df57e-2f03-11ee-9e64-d8bbc1768911.jpg", "bboxes": [0.435668358714044, 0.11567963902989284, 0.8327354765933447, 0.7022560631697687], "class": 1}