{"image": "ba4df57e-2f03-11ee-9e64-d8bbc1768911.jpg", "bboxes": [0.3361534122955442, 0.15567963902989282, 0.7332205301748449, 0.7422560631697688], "class": 1}