{"image": "ba4df57e-2f03-11ee-9e64-d8bbc1768911.jpg", "bboxes": [0.3601128031584885, 0.30441060349689797, 0.7571799210377891, 0.8909870276367738], "class": 1}