{"image": "ba4df57e-2f03-11ee-9e64-d8bbc1768911.jpg", "bboxes": [0.08282007896221089, 0.29774393683023126, 0.4798871968415116, 0.8843203609701071], "class": 1}