{"image": "ba4df57e-2f03-11ee-9e64-d8bbc1768911.jpg", "bboxes": [0.27789058093626623, 0.30885504794134233, 0.6749576988155669, 0.8954314720812183], "class": 1}