{"image": "ba4df57e-2f03-11ee-9e64-d8bbc1768911.jpg", "bboxes": [0.48677946982515513, 0.30441060349689797, 0.8838465877044558, 0.8909870276367738], "class": 1}