{"image": "ba4df57e-2f03-11ee-9e64-d8bbc1768911.jpg", "bboxes": [0.515668358714044, 0.11790186125211505, 0.9127354765933446, 0.704478285391991], "class": 1}