{"image": "ba4df57e-2f03-11ee-9e64-d8bbc1768911.jpg", "bboxes": [0.18282007896221086, 0.16679075014100395, 0.5798871968415116, 0.7533671742808798], "class": 1}