{"image": "ba4df57e-2f03-11ee-9e64-d8bbc1768911.jpg", "bboxes": [0.5045572476029329, 0.2488550479413424, 0.9016243654822336, 0.8354314720812183], "class": 1}