{"image": "ba4df57e-2f03-11ee-9e64-d8bbc1768911.jpg", "bboxes": [0.21789058093626623, 0.12679075014100394, 0.6149576988155668, 0.7133671742808798], "class": 1}