{"image": "ba4df57e-2f03-11ee-9e64-d8bbc1768911.jpg", "bboxes": [0.30726452340665533, 0.29107727016356455, 0.7043316412859559, 0.8776536943034405], "class": 1}