{"image": "ba4df57e-2f03-11ee-9e64-d8bbc1768911.jpg", "bboxes": [0.2805978567399887, 0.1423463056965595, 0.6776649746192893, 0.7289227298364355], "class": 1}