{"image": "ba4df57e-2f03-11ee-9e64-d8bbc1768911.jpg", "bboxes": [0.10726452340665538, 0.13790186125211507, 0.504331641285956, 0.724478285391991], "class": 1}