{"image": "ba4df57e-2f03-11ee-9e64-d8bbc1768911.jpg", "bboxes": [0.30948674562887757, 0.13345741680767062, 0.7065538635081783, 0.7200338409475465], "class": 1}