{"image": "ba4df57e-2f03-11ee-9e64-d8bbc1768911.jpg", "bboxes": [0.18011280315848846, 0.28441060349689795, 0.5771799210377891, 0.8709870276367738], "class": 1}