{"image": "ba4df57e-2f03-11ee-9e64-d8bbc1768911.jpg", "bboxes": [0.5067794698251551, 0.2510772701635646, 0.9038465877044558, 0.8376536943034405], "class": 1}