{"image": "ba4df57e-2f03-11ee-9e64-d8bbc1768911.jpg", "bboxes": [0.195668358714044, 0.13123519458544838, 0.5927354765933447, 0.7178116187253243], "class": 1}