{"image": "ba4df57e-2f03-11ee-9e64-d8bbc1768911.jpg", "bboxes": [0.16059785673998872, 0.27107727016356453, 0.5576649746192893, 0.8576536943034405], "class": 1}