{"image": "ba4df57e-2f03-11ee-9e64-d8bbc1768911.jpg", "bboxes": [0.42677946982515513, 0.15567963902989282, 0.8238465877044557, 0.7422560631697688], "class": 1}