{"image": "ba4df57e-2f03-11ee-9e64-d8bbc1768911.jpg", "bboxes": [0.2534461364918218, 0.275521714608009, 0.6505132543711224, 0.862098138747885], "class": 1}