{"image": "ba4df57e-2f03-11ee-9e64-d8bbc1768911.jpg", "bboxes": [0.29615341229554426, 0.275521714608009, 0.6932205301748449, 0.862098138747885], "class": 1}