{"image": "ba4df57e-2f03-11ee-9e64-d8bbc1768911.jpg", "bboxes": [0.1845572476029329, 0.10679075014100395, 0.5816243654822335, 0.6933671742808799], "class": 1}