{"image": "ba4df57e-2f03-11ee-9e64-d8bbc1768911.jpg", "bboxes": [0.11170896785109974, 0.15790186125211506, 0.5087760857304005, 0.744478285391991], "class": 1}