{"image": "ba4df57e-2f03-11ee-9e64-d8bbc1768911.jpg", "bboxes": [0.15615341229554425, 0.30441060349689797, 0.553220530174845, 0.8909870276367738], "class": 1}