{"image": "ba4df57e-2f03-11ee-9e64-d8bbc1768911.jpg", "bboxes": [0.09837563451776643, 0.2799661590524535, 0.49544275239706714, 0.8665425831923294], "class": 1}