{"image": "ba4df57e-2f03-11ee-9e64-d8bbc1768911.jpg", "bboxes": [0.41344613649182177, 0.15790186125211506, 0.8105132543711224, 0.744478285391991], "class": 1}