{"image": "ba4df57e-2f03-11ee-9e64-d8bbc1768911.jpg", "bboxes": [0.3178905809362662, 0.13567963902989283, 0.7149576988155669, 0.7222560631697688], "class": 1}