{"image": "ba4df57e-2f03-11ee-9e64-d8bbc1768911.jpg", "bboxes": [0.2294867456288776, 0.14679075014100396, 0.6265538635081782, 0.7333671742808798], "class": 1}