{"image": "ba4df57e-2f03-11ee-9e64-d8bbc1768911.jpg", "bboxes": [0.39170896785109977, 0.1645685279187817, 0.7887760857304005, 0.7511449520586576], "class": 1}