{"image": "ba4df57e-2f03-11ee-9e64-d8bbc1768911.jpg", "bboxes": [0.4250423011844331, 0.12012408347433727, 0.8221094190637338, 0.7067005076142132], "class": 1}