{"image": "ba4df57e-2f03-11ee-9e64-d8bbc1768911.jpg", "bboxes": [0.21837563451776643, 0.13790186125211507, 0.6154427523970671, 0.724478285391991], "class": 1}