{"image": "ba4df57e-2f03-11ee-9e64-d8bbc1768911.jpg", "bboxes": [0.5134461364918218, 0.29107727016356455, 0.9105132543711224, 0.8776536943034405], "class": 1}