{"image": "ba4df57e-2f03-11ee-9e64-d8bbc1768911.jpg", "bboxes": [0.18059785673998863, 0.295521714608009, 0.5776649746192893, 0.882098138747885], "class": 1}