{"image": "ba4df57e-2f03-11ee-9e64-d8bbc1768911.jpg", "bboxes": [0.2823350253807107, 0.3066328257191201, 0.6794021432600114, 0.8932092498589961], "class": 1}