{"image": "ba4df57e-2f03-11ee-9e64-d8bbc1768911.jpg", "bboxes": [0.07393119007332205, 0.2577439368302312, 0.47099830795262265, 0.8443203609701072], "class": 1}