{"image": "ba4df57e-2f03-11ee-9e64-d8bbc1768911.jpg", "bboxes": [0.23393119007332197, 0.16679075014100395, 0.6309983079526227, 0.7533671742808798], "class": 1}