{"image": "ba4df57e-2f03-11ee-9e64-d8bbc1768911.jpg", "bboxes": [0.3494867456288776, 0.13123519458544838, 0.7465538635081782, 0.7178116187253243], "class": 1}