{"image": "ba9e69ba-2f03-11ee-b7e9-d8bbc1768911.jpg", "bboxes": [0.3515623237450648, 0.28235758601240835, 0.7023801466441061, 0.8452453468697123], "class": 1}