{"image": "ba9e69ba-2f03-11ee-b7e9-d8bbc1768911.jpg", "bboxes": [0.5026734348561759, 0.15253243090806543, 0.8534912577552172, 0.7154201917653694], "class": 1}