{"image": "ba9e69ba-2f03-11ee-b7e9-d8bbc1768911.jpg", "bboxes": [0.13095318668922729, 0.16364354201917652, 0.4817710095882686, 0.7265313028764806], "class": 1}