{"image": "ba9e69ba-2f03-11ee-b7e9-d8bbc1768911.jpg", "bboxes": [0.4493401015228426, 0.2868020304568528, 0.8001579244218838, 0.8496897913141568], "class": 1}