{"image": "ba9e69ba-2f03-11ee-b7e9-d8bbc1768911.jpg", "bboxes": [0.5115623237450648, 0.2779131415679639, 0.8623801466441061, 0.840800902425268], "class": 1}