{"image": "ba9e69ba-2f03-11ee-b7e9-d8bbc1768911.jpg", "bboxes": [0.2976198533558939, 0.27124647490129716, 0.6484376762549352, 0.8341342357586012], "class": 1}