{"image": "ba9e69ba-2f03-11ee-b7e9-d8bbc1768911.jpg", "bboxes": [0.27600676818950926, 0.3179131415679639, 0.6268245910885505, 0.8808009024252679], "class": 1}