{"image": "ba9e69ba-2f03-11ee-b7e9-d8bbc1768911.jpg", "bboxes": [0.15317540891144943, 0.1814213197969543, 0.5039932318104907, 0.7443090806542584], "class": 1}