{"image": "ba9e69ba-2f03-11ee-b7e9-d8bbc1768911.jpg", "bboxes": [0.47095318668922725, 0.26902425267907504, 0.8217710095882685, 0.831912013536379], "class": 1}