{"image": "ba9e69ba-2f03-11ee-b7e9-d8bbc1768911.jpg", "bboxes": [0.4353976311336717, 0.13475465313028764, 0.786215454032713, 0.6976424139875916], "class": 1}