{"image": "ba9e69ba-2f03-11ee-b7e9-d8bbc1768911.jpg", "bboxes": [0.49378454596728705, 0.3001353637901861, 0.8446023688663283, 0.8630231246474902], "class": 1}