{"image": "ba9e69ba-2f03-11ee-b7e9-d8bbc1768911.jpg", "bboxes": [0.33156232374506484, 0.3001353637901861, 0.6823801466441061, 0.8630231246474902], "class": 1}