{"image": "ba9e69ba-2f03-11ee-b7e9-d8bbc1768911.jpg", "bboxes": [0.15378454596728702, 0.27124647490129716, 0.5046023688663283, 0.8341342357586012], "class": 1}