{"image": "ba9e69ba-2f03-11ee-b7e9-d8bbc1768911.jpg", "bboxes": [0.27984207557811613, 0.17253243090806542, 0.6306598984771574, 0.7354201917653694], "class": 1}