{"image": "ba9e69ba-2f03-11ee-b7e9-d8bbc1768911.jpg", "bboxes": [0.4782289904117315, 0.31346869712351944, 0.8290468133107728, 0.8763564579808235], "class": 1}