{"image": "ba9e69ba-2f03-11ee-b7e9-d8bbc1768911.jpg", "bboxes": [0.4226734348561759, 0.2534686971235194, 0.7734912577552172, 0.8163564579808235], "class": 1}