{"image": "ba9e69ba-2f03-11ee-b7e9-d8bbc1768911.jpg", "bboxes": [0.4153976311336717, 0.17475465313028762, 0.766215454032713, 0.7376424139875917], "class": 1}