{"image": "ba9e69ba-2f03-11ee-b7e9-d8bbc1768911.jpg", "bboxes": [0.43317540891144946, 0.12142131979695431, 0.7839932318104907, 0.6843090806542583], "class": 1}