{"image": "ba9e69ba-2f03-11ee-b7e9-d8bbc1768911.jpg", "bboxes": [0.5426734348561759, 0.12586576424139875, 0.8934912577552172, 0.6887535250987028], "class": 1}