{"image": "ba9e69ba-2f03-11ee-b7e9-d8bbc1768911.jpg", "bboxes": [0.1626734348561759, 0.26457980823463056, 0.5134912577552172, 0.8274675690919346], "class": 1}