{"image": "ba9e69ba-2f03-11ee-b7e9-d8bbc1768911.jpg", "bboxes": [0.20934010152284258, 0.3112464749012972, 0.5601579244218838, 0.8741342357586013], "class": 1}