{"image": "ba9e69ba-2f03-11ee-b7e9-d8bbc1768911.jpg", "bboxes": [0.28489565707839815, 0.15253243090806543, 0.6357134799774394, 0.7154201917653694], "class": 1}