{"image": "ba9e69ba-2f03-11ee-b7e9-d8bbc1768911.jpg", "bboxes": [0.30711787930062034, 0.25791314156796386, 0.6579357021996617, 0.8208009024252679], "class": 1}