{"image": "ba9e69ba-2f03-11ee-b7e9-d8bbc1768911.jpg", "bboxes": [0.5093401015228426, 0.2801353637901861, 0.8601579244218839, 0.8430231246474902], "class": 1}