{"image": "ba9e69ba-2f03-11ee-b7e9-d8bbc1768911.jpg", "bboxes": [0.2582289904117315, 0.28902425267907494, 0.6090468133107727, 0.851912013536379], "class": 1}