{"image": "ba9e69ba-2f03-11ee-b7e9-d8bbc1768911.jpg", "bboxes": [0.428730964467005, 0.28902425267907494, 0.7795487873660463, 0.851912013536379], "class": 1}