{"image": "ba9e69ba-2f03-11ee-b7e9-d8bbc1768911.jpg", "bboxes": [0.3026734348561759, 0.2934686971235194, 0.6534912577552172, 0.8563564579808235], "class": 1}