{"image": "ba9e69ba-2f03-11ee-b7e9-d8bbc1768911.jpg", "bboxes": [0.5493401015228426, 0.2601353637901861, 0.9001579244218839, 0.8230231246474902], "class": 1}