{"image": "ba9e69ba-2f03-11ee-b7e9-d8bbc1768911.jpg", "bboxes": [0.38711787930062036, 0.16364354201917652, 0.7379357021996616, 0.7265313028764806], "class": 1}