{"image": "ba9e69ba-2f03-11ee-b7e9-d8bbc1768911.jpg", "bboxes": [0.2576198533558939, 0.12586576424139875, 0.6084376762549352, 0.6887535250987028], "class": 1}