{"image": "ba9e69ba-2f03-11ee-b7e9-d8bbc1768911.jpg", "bboxes": [0.22711787930062036, 0.15919909757473208, 0.5779357021996616, 0.7220868584320361], "class": 1}