{"image": "ba9e69ba-2f03-11ee-b7e9-d8bbc1768911.jpg", "bboxes": [0.13600676818950924, 0.2734686971235194, 0.48682459108855053, 0.8363564579808235], "class": 1}