{"image": "ba9e69ba-2f03-11ee-b7e9-d8bbc1768911.jpg", "bboxes": [0.2776198533558939, 0.27569091934574164, 0.6284376762549352, 0.8385786802030457], "class": 1}