{"image": "ba9e69ba-2f03-11ee-b7e9-d8bbc1768911.jpg", "bboxes": [0.3404512126339537, 0.13697687535250985, 0.691269035532995, 0.6998646362098139], "class": 1}