{"image": "ba9e69ba-2f03-11ee-b7e9-d8bbc1768911.jpg", "bboxes": [0.4820642978003383, 0.3001353637901861, 0.8328821206993796, 0.8630231246474902], "class": 1}