{"image": "ba9e69ba-2f03-11ee-b7e9-d8bbc1768911.jpg", "bboxes": [0.31761985335589393, 0.14364354201917653, 0.6684376762549351, 0.7065313028764806], "class": 1}