{"image": "ba9e69ba-2f03-11ee-b7e9-d8bbc1768911.jpg", "bboxes": [0.2871178793006204, 0.2845798082346306, 0.6379357021996617, 0.8474675690919345], "class": 1}