{"image": "ba9e69ba-2f03-11ee-b7e9-d8bbc1768911.jpg", "bboxes": [0.1576198533558939, 0.2868020304568528, 0.5084376762549352, 0.8496897913141568], "class": 1}