{"image": "ba9e69ba-2f03-11ee-b7e9-d8bbc1768911.jpg", "bboxes": [0.31822899041173147, 0.1391990975747321, 0.6690468133107728, 0.7020868584320361], "class": 1}