{"image": "ba9e69ba-2f03-11ee-b7e9-d8bbc1768911.jpg", "bboxes": [0.20489565707839813, 0.2912464749012972, 0.5557134799774395, 0.8541342357586013], "class": 1}