{"image": "ba9e69ba-2f03-11ee-b7e9-d8bbc1768911.jpg", "bboxes": [0.30650874224478275, 0.2668020304568528, 0.657326565143824, 0.8296897913141568], "class": 1}