{"image": "ba9e69ba-2f03-11ee-b7e9-d8bbc1768911.jpg", "bboxes": [0.3893401015228426, 0.15475465313028763, 0.7401579244218839, 0.7176424139875917], "class": 1}