{"image": "ba9e69ba-2f03-11ee-b7e9-d8bbc1768911.jpg", "bboxes": [0.4626734348561759, 0.12142131979695431, 0.8134912577552172, 0.6843090806542583], "class": 1}