{"image": "ba9e69ba-2f03-11ee-b7e9-d8bbc1768911.jpg", "bboxes": [0.4620642978003383, 0.3112464749012972, 0.8128821206993796, 0.8741342357586013], "class": 1}