{"image": "ba9e69ba-2f03-11ee-b7e9-d8bbc1768911.jpg", "bboxes": [0.24711787930062037, 0.1503102086858432, 0.5979357021996616, 0.7131979695431472], "class": 1}