{"image": "ba9e69ba-2f03-11ee-b7e9-d8bbc1768911.jpg", "bboxes": [0.32428652002256053, 0.27124647490129716, 0.6751043429216019, 0.8341342357586012], "class": 1}