{"image": "ba9e69ba-2f03-11ee-b7e9-d8bbc1768911.jpg", "bboxes": [0.2871178793006204, 0.2534686971235194, 0.6379357021996617, 0.8163564579808235], "class": 1}