{"image": "ba9e69ba-2f03-11ee-b7e9-d8bbc1768911.jpg", "bboxes": [0.1442865200225606, 0.2934686971235194, 0.4951043429216019, 0.8563564579808235], "class": 1}