{"image": "ba9e69ba-2f03-11ee-b7e9-d8bbc1768911.jpg", "bboxes": [0.28934010152284256, 0.1414213197969543, 0.6401579244218839, 0.7043090806542583], "class": 1}