{"image": "ba9e69ba-2f03-11ee-b7e9-d8bbc1768911.jpg", "bboxes": [0.19984207557811617, 0.32013536379018614, 0.5506598984771574, 0.8830231246474901], "class": 1}