{"image": "ba9e69ba-2f03-11ee-b7e9-d8bbc1768911.jpg", "bboxes": [0.09317540891144949, 0.15919909757473208, 0.4439932318104908, 0.7220868584320361], "class": 1}