{"image": "ba9e69ba-2f03-11ee-b7e9-d8bbc1768911.jpg", "bboxes": [0.38267343485617594, 0.2979131415679639, 0.7334912577552172, 0.8608009024252679], "class": 1}