{"image": "ba9e69ba-2f03-11ee-b7e9-d8bbc1768911.jpg", "bboxes": [0.19984207557811617, 0.1391990975747321, 0.5506598984771574, 0.7020868584320361], "class": 1}