{"image": "ba9e69ba-2f03-11ee-b7e9-d8bbc1768911.jpg", "bboxes": [0.4109531866892272, 0.2979131415679639, 0.7617710095882685, 0.8608009024252679], "class": 1}