{"image": "baf38a72-2f03-11ee-9dc3-d8bbc1768911.jpg", "bboxes": [0.22274111675126898, 0.13472081218274112, 0.5566384658770446, 0.6648956570783983], "class": 1}