{"image": "baf38a72-2f03-11ee-9dc3-d8bbc1768911.jpg", "bboxes": [0.4649633389734912, 0.29065989847715734, 0.7988606880992668, 0.8208347433728145], "class": 1}