{"image": "baf38a72-2f03-11ee-9dc3-d8bbc1768911.jpg", "bboxes": [0.38051889452904675, 0.33510434292160174, 0.7144162436548224, 0.8652791878172589], "class": 1}