{"image": "baf38a72-2f03-11ee-9dc3-d8bbc1768911.jpg", "bboxes": [0.13669486745628878, 0.12805414551607444, 0.4705922165820644, 0.6582289904117316], "class": 1}