{"image": "baf38a72-2f03-11ee-9dc3-d8bbc1768911.jpg", "bboxes": [0.49163000564015785, 0.32177100958826843, 0.8255273547659334, 0.8519458544839256], "class": 1}