{"image": "baf38a72-2f03-11ee-9dc3-d8bbc1768911.jpg", "bboxes": [0.4338522278623801, 0.3262154540327128, 0.7677495769881557, 0.85639029892837], "class": 1}