{"image": "baf38a72-2f03-11ee-9dc3-d8bbc1768911.jpg", "bboxes": [0.19891708967851096, 0.32177100958826843, 0.5328144388042866, 0.8519458544839256], "class": 1}