{"image": "baf38a72-2f03-11ee-9dc3-d8bbc1768911.jpg", "bboxes": [0.1633615341229554, 0.15916525662718556, 0.497258883248731, 0.6893401015228428], "class": 1}