{"image": "baf38a72-2f03-11ee-9dc3-d8bbc1768911.jpg", "bboxes": [0.16940778341793564, 0.3195487873660462, 0.5033051325437112, 0.8497236322617033], "class": 1}