{"image": "baf38a72-2f03-11ee-9dc3-d8bbc1768911.jpg", "bboxes": [0.36113931190073323, 0.17916525662718555, 0.6950366610265089, 0.7093401015228427], "class": 1}