{"image": "baf38a72-2f03-11ee-9dc3-d8bbc1768911.jpg", "bboxes": [0.35669486745628876, 0.33065989847715727, 0.6905922165820644, 0.8608347433728144], "class": 1}