{"image": "baf38a72-2f03-11ee-9dc3-d8bbc1768911.jpg", "bboxes": [0.4278059785673999, 0.31065989847715725, 0.7617033276931755, 0.8408347433728145], "class": 1}