{"image": "baf38a72-2f03-11ee-9dc3-d8bbc1768911.jpg", "bboxes": [0.39829667230682453, 0.33065989847715727, 0.7321940214326002, 0.8608347433728144], "class": 1}