{"image": "baf38a72-2f03-11ee-9dc3-d8bbc1768911.jpg", "bboxes": [0.1700282007896221, 0.11916525662718555, 0.5039255499153976, 0.6493401015228427], "class": 1}