{"image": "baf38a72-2f03-11ee-9dc3-d8bbc1768911.jpg", "bboxes": [0.5011393119007332, 0.11916525662718555, 0.8350366610265088, 0.6493401015228427], "class": 1}