{"image": "baf38a72-2f03-11ee-9dc3-d8bbc1768911.jpg", "bboxes": [0.338917089678511, 0.15249858996051888, 0.6728144388042866, 0.682673434856176], "class": 1}