{"image": "baf38a72-2f03-11ee-9dc3-d8bbc1768911.jpg", "bboxes": [0.30558375634517765, 0.1147208121827411, 0.6394811054709533, 0.6448956570783982], "class": 1}