{"image": "baf38a72-2f03-11ee-9dc3-d8bbc1768911.jpg", "bboxes": [0.4878059785673998, 0.13694303440496333, 0.8217033276931754, 0.6671178793006205], "class": 1}