{"image": "baf38a72-2f03-11ee-9dc3-d8bbc1768911.jpg", "bboxes": [0.45669486745628873, 0.12583192329385223, 0.7905922165820644, 0.6560067681895094], "class": 1}