{"image": "baf38a72-2f03-11ee-9dc3-d8bbc1768911.jpg", "bboxes": [0.3738522278623801, 0.337326565143824, 0.7077495769881557, 0.8675014100394811], "class": 1}