{"image": "baf38a72-2f03-11ee-9dc3-d8bbc1768911.jpg", "bboxes": [0.28940778341793566, 0.3528821206993795, 0.6233051325437112, 0.8830569655950367], "class": 1}