{"image": "baf38a72-2f03-11ee-9dc3-d8bbc1768911.jpg", "bboxes": [0.4382966723068245, 0.34843767625493505, 0.7721940214326002, 0.8786125211505922], "class": 1}