{"image": "baf38a72-2f03-11ee-9dc3-d8bbc1768911.jpg", "bboxes": [0.2538522278623801, 0.34177100958826845, 0.5877495769881557, 0.8719458544839256], "class": 1}