{"image": "baf38a72-2f03-11ee-9dc3-d8bbc1768911.jpg", "bboxes": [0.4855837563451776, 0.337326565143824, 0.8194811054709532, 0.8675014100394811], "class": 1}