{"image": "baf38a72-2f03-11ee-9dc3-d8bbc1768911.jpg", "bboxes": [0.4300282007896221, 0.3528821206993795, 0.7639255499153976, 0.8830569655950367], "class": 1}