{"image": "baf38a72-2f03-11ee-9dc3-d8bbc1768911.jpg", "bboxes": [0.16274111675126898, 0.13027636773829668, 0.4966384658770446, 0.6604512126339538], "class": 1}