{"image": "baf38a72-2f03-11ee-9dc3-d8bbc1768911.jpg", "bboxes": [0.18274111675126897, 0.15027636773829667, 0.5166384658770445, 0.6804512126339538], "class": 1}