{"image": "baf38a72-2f03-11ee-9dc3-d8bbc1768911.jpg", "bboxes": [0.38940778341793564, 0.1724985899605189, 0.7233051325437112, 0.7026734348561761], "class": 1}