{"image": "baf38a72-2f03-11ee-9dc3-d8bbc1768911.jpg", "bboxes": [0.44558375634517766, 0.15694303440496332, 0.7794811054709533, 0.6871178793006205], "class": 1}