{"image": "baf38a72-2f03-11ee-9dc3-d8bbc1768911.jpg", "bboxes": [0.4360744500846023, 0.1547208121827411, 0.769971799210378, 0.6848956570783983], "class": 1}