{"image": "baf38a72-2f03-11ee-9dc3-d8bbc1768911.jpg", "bboxes": [0.4649633389734912, 0.31065989847715725, 0.7988606880992668, 0.8408347433728145], "class": 1}