{"image": "baf38a72-2f03-11ee-9dc3-d8bbc1768911.jpg", "bboxes": [0.358917089678511, 0.17916525662718555, 0.6928144388042865, 0.7093401015228427], "class": 1}