{"image": "baf38a72-2f03-11ee-9dc3-d8bbc1768911.jpg", "bboxes": [0.358917089678511, 0.15694303440496332, 0.6928144388042865, 0.6871178793006205], "class": 1}