{"image": "baf38a72-2f03-11ee-9dc3-d8bbc1768911.jpg", "bboxes": [0.2582966723068245, 0.16138747884940777, 0.5921940214326001, 0.691562323745065], "class": 1}