{"image": "baf38a72-2f03-11ee-9dc3-d8bbc1768911.jpg", "bboxes": [0.1878059785673999, 0.15694303440496332, 0.5217033276931755, 0.6871178793006205], "class": 1}