{"image": "baf38a72-2f03-11ee-9dc3-d8bbc1768911.jpg", "bboxes": [0.2633615341229554, 0.13916525662718557, 0.5972588832487311, 0.6693401015228427], "class": 1}