{"image": "baf38a72-2f03-11ee-9dc3-d8bbc1768911.jpg", "bboxes": [0.4033615341229554, 0.15694303440496332, 0.737258883248731, 0.6871178793006205], "class": 1}