{"image": "baf38a72-2f03-11ee-9dc3-d8bbc1768911.jpg", "bboxes": [0.4922504230118443, 0.3062154540327129, 0.8261477721376199, 0.83639029892837], "class": 1}