{"image": "baf38a72-2f03-11ee-9dc3-d8bbc1768911.jpg", "bboxes": [0.1766948674562887, 0.32399323181049067, 0.5105922165820644, 0.8541680767061478], "class": 1}