{"image": "baf38a72-2f03-11ee-9dc3-d8bbc1768911.jpg", "bboxes": [0.22113931190073322, 0.14360970107163, 0.5550366610265087, 0.6737845459672872], "class": 1}