{"image": "baf38a72-2f03-11ee-9dc3-d8bbc1768911.jpg", "bboxes": [0.5560744500846023, 0.31732656514382396, 0.889971799210378, 0.8475014100394811], "class": 1}