{"image": "baf38a72-2f03-11ee-9dc3-d8bbc1768911.jpg", "bboxes": [0.4811393119007332, 0.1147208121827411, 0.8150366610265088, 0.6448956570783982], "class": 1}