{"image": "baf38a72-2f03-11ee-9dc3-d8bbc1768911.jpg", "bboxes": [0.5449633389734911, 0.1547208121827411, 0.8788606880992668, 0.6848956570783983], "class": 1}