{"image": "baf38a72-2f03-11ee-9dc3-d8bbc1768911.jpg", "bboxes": [0.118917089678511, 0.30399323181049065, 0.4528144388042866, 0.8341680767061478], "class": 1}