{"image": "baf38a72-2f03-11ee-9dc3-d8bbc1768911.jpg", "bboxes": [0.45002820078962213, 0.35510434292160176, 0.7839255499153976, 0.8852791878172589], "class": 1}