{"image": "baf38a72-2f03-11ee-9dc3-d8bbc1768911.jpg", "bboxes": [0.39829667230682453, 0.12360970107163, 0.7321940214326002, 0.6537845459672872], "class": 1}