{"image": "baf38a72-2f03-11ee-9dc3-d8bbc1768911.jpg", "bboxes": [0.48718556119571343, 0.31732656514382396, 0.8210829103214891, 0.8475014100394811], "class": 1}