{"image": "baf38a72-2f03-11ee-9dc3-d8bbc1768911.jpg", "bboxes": [0.4160744500846023, 0.16805414551607445, 0.7499717992103779, 0.6982289904117316], "class": 1}