{"image": "d2b46c7d-2f03-11ee-912f-d8bbc1768911.jpg", "bboxes": [0.42152284263959383, 0.19768753525098703, 0.7802368866328256, 0.6477721376198533], "class": 1}