{"image": "d2b46c7d-2f03-11ee-912f-d8bbc1768911.jpg", "bboxes": [0.5175408911449522, 0.21102086858432037, 0.876254935138184, 0.6611054709531867], "class": 1}