{"image": "d2b46c7d-2f03-11ee-912f-d8bbc1768911.jpg", "bboxes": [0.3997631133671743, 0.20879864636209813, 0.7584771573604061, 0.6588832487309645], "class": 1}