{"image": "d2b46c7d-2f03-11ee-912f-d8bbc1768911.jpg", "bboxes": [0.5486520022560633, 0.17768753525098702, 0.9073660462492951, 0.6277721376198533], "class": 1}