{"image": "d2b46c7d-2f03-11ee-912f-d8bbc1768911.jpg", "bboxes": [0.23263395375070495, 0.21546531302876482, 0.5913479977439368, 0.6655499153976311], "class": 1}