{"image": "d2b46c7d-2f03-11ee-912f-d8bbc1768911.jpg", "bboxes": [0.5730964467005077, 0.3588945290468133, 0.9318104906937394, 0.8089791314156797], "class": 1}