{"image": "d2b46c7d-2f03-11ee-912f-d8bbc1768911.jpg", "bboxes": [0.22374506486181606, 0.34333897349125775, 0.5824591088550479, 0.793423575860124], "class": 1}