{"image": "d2b46c7d-2f03-11ee-912f-d8bbc1768911.jpg", "bboxes": [0.1908742244782854, 0.22879864636209812, 0.5495882684715172, 0.6788832487309644], "class": 1}