{"image": "d2b46c7d-2f03-11ee-912f-d8bbc1768911.jpg", "bboxes": [0.4819853355893966, 0.3411167512690355, 0.8406993795826284, 0.7912013536379019], "class": 1}