{"image": "d2b46c7d-2f03-11ee-912f-d8bbc1768911.jpg", "bboxes": [0.546429780033841, 0.19768753525098703, 0.9051438240270728, 0.6477721376198533], "class": 1}