{"image": "d2b46c7d-2f03-11ee-912f-d8bbc1768911.jpg", "bboxes": [0.1770783981951494, 0.17768753525098702, 0.5357924421883812, 0.6277721376198533], "class": 1}