{"image": "d2b46c7d-2f03-11ee-912f-d8bbc1768911.jpg", "bboxes": [0.28865200225606324, 0.3766723068245911, 0.6473660462492951, 0.8267569091934575], "class": 1}