{"image": "d2b46c7d-2f03-11ee-912f-d8bbc1768911.jpg", "bboxes": [0.5642075578116188, 0.38556119571348, 0.9229216018048506, 0.8356457980823463], "class": 1}