{"image": "d2b46c7d-2f03-11ee-912f-d8bbc1768911.jpg", "bboxes": [0.23485617597292718, 0.16657642413987592, 0.593570219966159, 0.6166610265087422], "class": 1}