{"image": "d2b46c7d-2f03-11ee-912f-d8bbc1768911.jpg", "bboxes": [0.3108742244782854, 0.1954653130287648, 0.6695882684715173, 0.6455499153976311], "class": 1}