{"image": "d2b46c7d-2f03-11ee-912f-d8bbc1768911.jpg", "bboxes": [0.46642978003384095, 0.16657642413987592, 0.8251438240270728, 0.6166610265087422], "class": 1}