{"image": "d2b46c7d-2f03-11ee-912f-d8bbc1768911.jpg", "bboxes": [0.3175408911449521, 0.34333897349125775, 0.6762549351381839, 0.793423575860124], "class": 1}