{"image": "d2b46c7d-2f03-11ee-912f-d8bbc1768911.jpg", "bboxes": [0.0859672870840383, 0.35000564015792446, 0.4446813310772701, 0.8000902425267907], "class": 1}