{"image": "d2b46c7d-2f03-11ee-912f-d8bbc1768911.jpg", "bboxes": [0.22642978003384095, 0.1754653130287648, 0.5851438240270728, 0.6255499153976312], "class": 1}