{"image": "d2b46c7d-2f03-11ee-912f-d8bbc1768911.jpg", "bboxes": [0.23041173152848274, 0.19768753525098703, 0.5891257755217145, 0.6477721376198533], "class": 1}