{"image": "d2b46c7d-2f03-11ee-912f-d8bbc1768911.jpg", "bboxes": [0.33041173152848274, 0.16435420191765368, 0.6891257755217146, 0.61443880428652], "class": 1}