{"image": "d2b46c7d-2f03-11ee-912f-d8bbc1768911.jpg", "bboxes": [0.38420755781161875, 0.34556119571348, 0.7429216018048506, 0.7956457980823464], "class": 1}