{"image": "d2b46c7d-2f03-11ee-912f-d8bbc1768911.jpg", "bboxes": [0.3819853355893965, 0.36556119571348, 0.7406993795826284, 0.8156457980823463], "class": 1}