{"image": "d2b46c7d-2f03-11ee-912f-d8bbc1768911.jpg", "bboxes": [0.4508742244782854, 0.20657642413987592, 0.8095882684715172, 0.6566610265087423], "class": 1}