{"image": "d2b46c7d-2f03-11ee-912f-d8bbc1768911.jpg", "bboxes": [0.3504117315284827, 0.21324309080654258, 0.7091257755217145, 0.6633276931754089], "class": 1}