{"image": "d2b46c7d-2f03-11ee-912f-d8bbc1768911.jpg", "bboxes": [0.4886520022560632, 0.17768753525098702, 0.847366046249295, 0.6277721376198533], "class": 1}