{"image": "d2b46c7d-2f03-11ee-912f-d8bbc1768911.jpg", "bboxes": [0.13485617597292718, 0.34333897349125775, 0.493570219966159, 0.793423575860124], "class": 1}