{"image": "d2b46c7d-2f03-11ee-912f-d8bbc1768911.jpg", "bboxes": [0.42865200225606326, 0.38111675126903555, 0.7873660462492951, 0.8312013536379019], "class": 1}