{"image": "d2b46c7d-2f03-11ee-912f-d8bbc1768911.jpg", "bboxes": [0.38420755781161875, 0.17990975747320925, 0.7429216018048506, 0.6299943598420755], "class": 1}