{"image": "d2b46c7d-2f03-11ee-912f-d8bbc1768911.jpg", "bboxes": [0.4619853355893966, 0.22213197969543147, 0.8206993795826284, 0.6722165820642978], "class": 1}