{"image": "d2b46c7d-2f03-11ee-912f-d8bbc1768911.jpg", "bboxes": [0.32596728708403827, 0.22657642413987591, 0.6846813310772701, 0.6766610265087423], "class": 1}