{"image": "d2b46c7d-2f03-11ee-912f-d8bbc1768911.jpg", "bboxes": [0.35754089114495213, 0.1865764241398759, 0.716254935138184, 0.6366610265087422], "class": 1}