{"image": "d2b46c7d-2f03-11ee-912f-d8bbc1768911.jpg", "bboxes": [0.31531866892272986, 0.35445008460236893, 0.6740327129159618, 0.8045346869712352], "class": 1}