{"image": "d2b46c7d-2f03-11ee-912f-d8bbc1768911.jpg", "bboxes": [0.3553186689227299, 0.3700056401579245, 0.7140327129159617, 0.8200902425267907], "class": 1}