{"image": "d2b46c7d-2f03-11ee-912f-d8bbc1768911.jpg", "bboxes": [0.4437450648618161, 0.3722278623801467, 0.8024591088550479, 0.822312464749013], "class": 1}