{"image": "d2b46c7d-2f03-11ee-912f-d8bbc1768911.jpg", "bboxes": [0.2730964467005077, 0.21768753525098702, 0.6318104906937395, 0.6677721376198533], "class": 1}