{"image": "d2b46c7d-2f03-11ee-912f-d8bbc1768911.jpg", "bboxes": [0.06596728708403829, 0.38111675126903555, 0.42468133107727013, 0.8312013536379019], "class": 1}