{"image": "d2b46c7d-2f03-11ee-912f-d8bbc1768911.jpg", "bboxes": [0.25087422447828545, 0.3522278623801467, 0.6095882684715173, 0.802312464749013], "class": 1}