{"image": "d2b46c7d-2f03-11ee-912f-d8bbc1768911.jpg", "bboxes": [0.39754089114495206, 0.16435420191765368, 0.756254935138184, 0.61443880428652], "class": 1}