{"image": "d2b46c7d-2f03-11ee-912f-d8bbc1768911.jpg", "bboxes": [0.14818950930626051, 0.18879864636209814, 0.5069035532994923, 0.6388832487309645], "class": 1}