{"image": "d2b46c7d-2f03-11ee-912f-d8bbc1768911.jpg", "bboxes": [0.42865200225606326, 0.19102086858432035, 0.7873660462492951, 0.6411054709531867], "class": 1}