{"image": "d2b46c7d-2f03-11ee-912f-d8bbc1768911.jpg", "bboxes": [0.31976311336717433, 0.19990975747320924, 0.6784771573604061, 0.6499943598420755], "class": 1}