{"image": "d2b46c7d-2f03-11ee-912f-d8bbc1768911.jpg", "bboxes": [0.3504117315284827, 0.3411167512690355, 0.7091257755217145, 0.7912013536379019], "class": 1}