{"image": "d2b46c7d-2f03-11ee-912f-d8bbc1768911.jpg", "bboxes": [0.39930062041737163, 0.35667230682459106, 0.7580146644106035, 0.8067569091934574], "class": 1}