{"image": "d2b46c7d-2f03-11ee-912f-d8bbc1768911.jpg", "bboxes": [0.22152284263959385, 0.19990975747320924, 0.5802368866328257, 0.6499943598420755], "class": 1}