{"image": "d2b46c7d-2f03-11ee-912f-d8bbc1768911.jpg", "bboxes": [0.3148561759729272, 0.33000564015792444, 0.673570219966159, 0.7800902425267907], "class": 1}