{"image": "d2b46c7d-2f03-11ee-912f-d8bbc1768911.jpg", "bboxes": [0.46374506486181605, 0.22435420191765368, 0.8224591088550479, 0.67443880428652], "class": 1}