{"image": "d2b46c7d-2f03-11ee-912f-d8bbc1768911.jpg", "bboxes": [0.4886520022560632, 0.38111675126903555, 0.847366046249295, 0.8312013536379019], "class": 1}