{"image": "d2b46c7d-2f03-11ee-912f-d8bbc1768911.jpg", "bboxes": [0.27531866892272994, 0.3322278623801467, 0.6340327129159617, 0.782312464749013], "class": 1}