{"image": "d2b46c7d-2f03-11ee-912f-d8bbc1768911.jpg", "bboxes": [0.42374506486181607, 0.22213197969543147, 0.7824591088550479, 0.6722165820642978], "class": 1}