{"image": "d2b46c7d-2f03-11ee-912f-d8bbc1768911.jpg", "bboxes": [0.30865200225606326, 0.22435420191765368, 0.667366046249295, 0.67443880428652], "class": 1}