{"image": "d308c2a5-2f03-11ee-b946-d8bbc1768911.jpg", "bboxes": [0.14622673434856173, 0.31072758037225034, 0.5478059785673999, 0.7416356457980824], "class": 1}