{"image": "d308c2a5-2f03-11ee-b946-d8bbc1768911.jpg", "bboxes": [0.09956006768189506, 0.24947546531302875, 0.5011393119007332, 0.6803835307388608], "class": 1}