{"image": "d308c2a5-2f03-11ee-b946-d8bbc1768911.jpg", "bboxes": [0.29441624365482233, 0.24058657642413986, 0.6959954878736605, 0.6714946418499719], "class": 1}