{"image": "d308c2a5-2f03-11ee-b946-d8bbc1768911.jpg", "bboxes": [0.601082910321489, 0.24058657642413986, 1.0, 0.6714946418499719], "class": 1}