{"image": "d308c2a5-2f03-11ee-b946-d8bbc1768911.jpg", "bboxes": [0.017337845459672836, 0.21836435420191763, 0.418917089678511, 0.6492724196277496], "class": 1}