{"image": "d308c2a5-2f03-11ee-b946-d8bbc1768911.jpg", "bboxes": [0.5144162436548223, 0.29294980259447256, 0.9159954878736605, 0.7238578680203046], "class": 1}