{"image": "d308c2a5-2f03-11ee-b946-d8bbc1768911.jpg", "bboxes": [0.2417822899041173, 0.22280879864636208, 0.6433615341229554, 0.6537168640721941], "class": 1}