{"image": "d308c2a5-2f03-11ee-b946-d8bbc1768911.jpg", "bboxes": [0.17956006768189506, 0.22058657642413987, 0.5811393119007332, 0.6514946418499719], "class": 1}