{"image": "d308c2a5-2f03-11ee-b946-d8bbc1768911.jpg", "bboxes": [0.0, 0.2672532430908065, 0.3722504230118443, 0.6981613085166386], "class": 1}