{"image": "d308c2a5-2f03-11ee-b946-d8bbc1768911.jpg", "bboxes": [0.40997179921037796, 0.3129498025944726, 0.811551043429216, 0.7438578680203045], "class": 1}