{"image": "d308c2a5-2f03-11ee-b946-d8bbc1768911.jpg", "bboxes": [0.521082910321489, 0.34406091370558367, 0.9226621545403272, 0.7749689791314157], "class": 1}