{"image": "d308c2a5-2f03-11ee-b946-d8bbc1768911.jpg", "bboxes": [0.43441624365482234, 0.2628087986463621, 0.8359954878736605, 0.6937168640721941], "class": 1}