{"image": "d308c2a5-2f03-11ee-b946-d8bbc1768911.jpg", "bboxes": [0.06622673434856173, 0.20947546531302874, 0.46780597856739986, 0.6403835307388608], "class": 1}