{"image": "d308c2a5-2f03-11ee-b946-d8bbc1768911.jpg", "bboxes": [0.2544162436548224, 0.26058657642413985, 0.6559954878736605, 0.6914946418499719], "class": 1}