{"image": "d308c2a5-2f03-11ee-b946-d8bbc1768911.jpg", "bboxes": [0.14844895657078394, 0.21169768753525098, 0.5500282007896221, 0.642605752961083], "class": 1}