{"image": "d308c2a5-2f03-11ee-b946-d8bbc1768911.jpg", "bboxes": [0.09289340101522839, 0.33739424703891696, 0.49447264523406653, 0.768302312464749], "class": 1}