{"image": "d308c2a5-2f03-11ee-b946-d8bbc1768911.jpg", "bboxes": [0.1528934010152284, 0.23169768753525097, 0.5544726452340665, 0.662605752961083], "class": 1}