{"image": "d308c2a5-2f03-11ee-b946-d8bbc1768911.jpg", "bboxes": [0.25956006768189505, 0.22947546531302876, 0.6611393119007332, 0.6603835307388608], "class": 1}