{"image": "d308c2a5-2f03-11ee-b946-d8bbc1768911.jpg", "bboxes": [0.5921940214326001, 0.3507275803722504, 0.9937732656514383, 0.7816356457980824], "class": 1}