{"image": "d308c2a5-2f03-11ee-b946-d8bbc1768911.jpg", "bboxes": [0.28330513254371126, 0.3396164692611392, 0.6848843767625494, 0.7705245346869712], "class": 1}