{"image": "d308c2a5-2f03-11ee-b946-d8bbc1768911.jpg", "bboxes": [0.4366384658770446, 0.31739424703891705, 0.8382177100958828, 0.748302312464749], "class": 1}