{"image": "d308c2a5-2f03-11ee-b946-d8bbc1768911.jpg", "bboxes": [0.5744162436548224, 0.31072758037225034, 0.9759954878736605, 0.7416356457980824], "class": 1}