{"image": "d308c2a5-2f03-11ee-b946-d8bbc1768911.jpg", "bboxes": [0.4366384658770446, 0.29739424703891704, 0.8382177100958828, 0.728302312464749], "class": 1}