{"image": "d308c2a5-2f03-11ee-b946-d8bbc1768911.jpg", "bboxes": [0.20178228990411728, 0.23169768753525097, 0.6033615341229555, 0.662605752961083], "class": 1}