{"image": "d308c2a5-2f03-11ee-b946-d8bbc1768911.jpg", "bboxes": [0.0, 0.33072758037225036, 0.338917089678511, 0.7616356457980824], "class": 1}