{"image": "d308c2a5-2f03-11ee-b946-d8bbc1768911.jpg", "bboxes": [0.3151156232374506, 0.21169768753525098, 0.7166948674562887, 0.642605752961083], "class": 1}