{"image": "d308c2a5-2f03-11ee-b946-d8bbc1768911.jpg", "bboxes": [0.3699717992103779, 0.2450310208685843, 0.7715510434292161, 0.6759390862944163], "class": 1}