{"image": "d308c2a5-2f03-11ee-b946-d8bbc1768911.jpg", "bboxes": [0.28844895657078395, 0.3196164692611392, 0.6900282007896221, 0.7505245346869712], "class": 1}