{"image": "d308c2a5-2f03-11ee-b946-d8bbc1768911.jpg", "bboxes": [0.3121940214326001, 0.3196164692611392, 0.7137732656514383, 0.7505245346869712], "class": 1}