{"image": "d308c2a5-2f03-11ee-b946-d8bbc1768911.jpg", "bboxes": [0.5699717992103779, 0.357394247038917, 0.971551043429216, 0.788302312464749], "class": 1}