{"image": "d308c2a5-2f03-11ee-b946-d8bbc1768911.jpg", "bboxes": [0.6233051325437112, 0.3018386914833614, 1.0, 0.7327467569091934], "class": 1}