{"image": "d308c2a5-2f03-11ee-b946-d8bbc1768911.jpg", "bboxes": [0.28844895657078395, 0.2672532430908065, 0.6900282007896221, 0.6981613085166386], "class": 1}