{"image": "d308c2a5-2f03-11ee-b946-d8bbc1768911.jpg", "bboxes": [0.02178228990411728, 0.2951720248166948, 0.4233615341229554, 0.7260800902425268], "class": 1}