{"image": "d308c2a5-2f03-11ee-b946-d8bbc1768911.jpg", "bboxes": [0.07067117879300618, 0.2628087986463621, 0.4722504230118443, 0.6937168640721941], "class": 1}