{"image": "d308c2a5-2f03-11ee-b946-d8bbc1768911.jpg", "bboxes": [0.030671178793006168, 0.30406091370558364, 0.4322504230118443, 0.7349689791314157], "class": 1}