{"image": "d308c2a5-2f03-11ee-b946-d8bbc1768911.jpg", "bboxes": [0.4499717992103779, 0.2650310208685843, 0.8515510434292161, 0.6959390862944164], "class": 1}