{"image": "d308c2a5-2f03-11ee-b946-d8bbc1768911.jpg", "bboxes": [0.47886068809926685, 0.33072758037225036, 0.8804399323181049, 0.7616356457980824], "class": 1}