{"image": "d308c2a5-2f03-11ee-b946-d8bbc1768911.jpg", "bboxes": [0.581082910321489, 0.2250310208685843, 0.9826621545403271, 0.6559390862944163], "class": 1}