{"image": "d308c2a5-2f03-11ee-b946-d8bbc1768911.jpg", "bboxes": [0.3188606880992668, 0.33739424703891696, 0.720439932318105, 0.768302312464749], "class": 1}