{"image": "d308c2a5-2f03-11ee-b946-d8bbc1768911.jpg", "bboxes": [0.052893401015228395, 0.22058657642413987, 0.45447264523406655, 0.6514946418499719], "class": 1}