{"image": "d308c2a5-2f03-11ee-b946-d8bbc1768911.jpg", "bboxes": [0.32774957698815566, 0.3329498025944726, 0.7293288212069938, 0.7638578680203045], "class": 1}