{"image": "d308c2a5-2f03-11ee-b946-d8bbc1768911.jpg", "bboxes": [0.4433051325437113, 0.357394247038917, 0.8448843767625493, 0.788302312464749], "class": 1}