{"image": "d308c2a5-2f03-11ee-b946-d8bbc1768911.jpg", "bboxes": [0.5344162436548223, 0.2139199097574732, 0.9359954878736605, 0.6448279751833053], "class": 1}