{"image": "d308c2a5-2f03-11ee-b946-d8bbc1768911.jpg", "bboxes": [0.38552735476593347, 0.3151720248166948, 0.7871065989847716, 0.7460800902425269], "class": 1}