{"image": "d308c2a5-2f03-11ee-b946-d8bbc1768911.jpg", "bboxes": [0.361082910321489, 0.3262831359278059, 0.7626621545403272, 0.7571912013536379], "class": 1}