{"image": "d308c2a5-2f03-11ee-b946-d8bbc1768911.jpg", "bboxes": [0.23956006768189506, 0.3151720248166948, 0.6411393119007331, 0.7460800902425269], "class": 1}