{"image": "d308c2a5-2f03-11ee-b946-d8bbc1768911.jpg", "bboxes": [0.3433051325437112, 0.30628313592780587, 0.7448843767625494, 0.7371912013536379], "class": 1}