{"image": "d308c2a5-2f03-11ee-b946-d8bbc1768911.jpg", "bboxes": [0.0, 0.3529498025944725, 0.39447264523406655, 0.7838578680203045], "class": 1}