{"image": "d308c2a5-2f03-11ee-b946-d8bbc1768911.jpg", "bboxes": [0.27663846587704455, 0.3329498025944726, 0.6782177100958827, 0.7638578680203045], "class": 1}