{"image": "d308c2a5-2f03-11ee-b946-d8bbc1768911.jpg", "bboxes": [0.0, 0.26947546531302874, 0.3611393119007332, 0.7003835307388607], "class": 1}