{"image": "d308c2a5-2f03-11ee-b946-d8bbc1768911.jpg", "bboxes": [0.3440045121263395, 0.24058657642413986, 0.7455837563451776, 0.6714946418499719], "class": 1}