{"image": "d35720ba-2f03-11ee-9ab5-d8bbc1768911.jpg", "bboxes": [0.16585448392554988, 0.35455160744500847, 0.5764579808234631, 0.742594472645234], "class": 1}