{"image": "d35720ba-2f03-11ee-9ab5-d8bbc1768911.jpg", "bboxes": [0.0, 0.25740552735476596, 0.3586802030456853, 0.6454483925549915], "class": 1}