{"image": "d35720ba-2f03-11ee-9ab5-d8bbc1768911.jpg", "bboxes": [0.18141003948110546, 0.23740552735476594, 0.5920135363790187, 0.6254483925549915], "class": 1}