{"image": "d35720ba-2f03-11ee-9ab5-d8bbc1768911.jpg", "bboxes": [0.2058544839255499, 0.21962774957698816, 0.616457980823463, 0.6076706147772137], "class": 1}