{"image": "d35720ba-2f03-11ee-9ab5-d8bbc1768911.jpg", "bboxes": [0.03252115059221656, 0.2640721940214326, 0.44312464749012975, 0.6521150592216582], "class": 1}