{"image": "d35720ba-2f03-11ee-9ab5-d8bbc1768911.jpg", "bboxes": [0.3036322617033277, 0.3367738296672307, 0.7142357586012409, 0.7248166948674563], "class": 1}