{"image": "d35720ba-2f03-11ee-9ab5-d8bbc1768911.jpg", "bboxes": [0.17252115059221657, 0.370107163000564, 0.5831246474901297, 0.7581500282007896], "class": 1}