{"image": "d35720ba-2f03-11ee-9ab5-d8bbc1768911.jpg", "bboxes": [0.47243090806542576, 0.2240721940214326, 0.883034404963339, 0.6121150592216582], "class": 1}