{"image": "d35720ba-2f03-11ee-9ab5-d8bbc1768911.jpg", "bboxes": [0.09252115059221656, 0.24851663846587707, 0.5031246474901298, 0.6365595036661027], "class": 1}