{"image": "d35720ba-2f03-11ee-9ab5-d8bbc1768911.jpg", "bboxes": [0.4435420191765369, 0.35455160744500847, 0.8541455160744501, 0.742594472645234], "class": 1}