{"image": "d35720ba-2f03-11ee-9ab5-d8bbc1768911.jpg", "bboxes": [0.1458544839255499, 0.3634404963338973, 0.5564579808234631, 0.751483361534123], "class": 1}