{"image": "d35720ba-2f03-11ee-9ab5-d8bbc1768911.jpg", "bboxes": [0.0, 0.2729610829103215, 0.3520135363790186, 0.6610039481105471], "class": 1}