{"image": "d35720ba-2f03-11ee-9ab5-d8bbc1768911.jpg", "bboxes": [0.3924309080654258, 0.2329610829103215, 0.803034404963339, 0.621003948110547], "class": 1}