{"image": "d35720ba-2f03-11ee-9ab5-d8bbc1768911.jpg", "bboxes": [0.6124309080654258, 0.3812182741116751, 1.0, 0.7692611393119007], "class": 1}