{"image": "d35720ba-2f03-11ee-9ab5-d8bbc1768911.jpg", "bboxes": [0.03252115059221656, 0.22851663846587705, 0.44312464749012975, 0.6165595036661027], "class": 1}