{"image": "d35720ba-2f03-11ee-9ab5-d8bbc1768911.jpg", "bboxes": [0.3146531302876481, 0.21962774957698816, 0.7252566271855612, 0.6076706147772137], "class": 1}