{"image": "d35720ba-2f03-11ee-9ab5-d8bbc1768911.jpg", "bboxes": [0.03252115059221656, 0.25962774957698814, 0.44312464749012975, 0.6476706147772138], "class": 1}