{"image": "d35720ba-2f03-11ee-9ab5-d8bbc1768911.jpg", "bboxes": [0.4568753525098702, 0.38566271855611955, 0.8674788494077834, 0.7737055837563451], "class": 1}