{"image": "d35720ba-2f03-11ee-9ab5-d8bbc1768911.jpg", "bboxes": [0.03918781725888323, 0.23740552735476594, 0.4497913141567964, 0.6254483925549915], "class": 1}