{"image": "d35720ba-2f03-11ee-9ab5-d8bbc1768911.jpg", "bboxes": [0.4502086858432036, 0.38566271855611955, 0.8608121827411168, 0.7737055837563451], "class": 1}