{"image": "d35720ba-2f03-11ee-9ab5-d8bbc1768911.jpg", "bboxes": [0.0, 0.3323293852227862, 0.325346869712352, 0.7203722504230119], "class": 1}