{"image": "d35720ba-2f03-11ee-9ab5-d8bbc1768911.jpg", "bboxes": [0.11029892836999435, 0.2618499717992104, 0.5209024252679075, 0.649892836999436], "class": 1}