{"image": "d35720ba-2f03-11ee-9ab5-d8bbc1768911.jpg", "bboxes": [0.15918781725888323, 0.2329610829103215, 0.5697913141567964, 0.621003948110547], "class": 1}