{"image": "d35720ba-2f03-11ee-9ab5-d8bbc1768911.jpg", "bboxes": [0.40131979695431474, 0.2307388606880993, 0.8119232938522278, 0.6187817258883249], "class": 1}