{"image": "d35720ba-2f03-11ee-9ab5-d8bbc1768911.jpg", "bboxes": [0.27029892836999436, 0.38566271855611955, 0.6809024252679076, 0.7737055837563451], "class": 1}