{"image": "d35720ba-2f03-11ee-9ab5-d8bbc1768911.jpg", "bboxes": [0.25918781725888324, 0.22629441624365484, 0.6697913141567964, 0.6143372814438804], "class": 1}