{"image": "d35720ba-2f03-11ee-9ab5-d8bbc1768911.jpg", "bboxes": [0.14807670614777213, 0.3878849407783418, 0.5586802030456853, 0.7759278059785674], "class": 1}