{"image": "d35720ba-2f03-11ee-9ab5-d8bbc1768911.jpg", "bboxes": [0.0, 0.2774055273547659, 0.3897913141567964, 0.6654483925549916], "class": 1}