{"image": "d35720ba-2f03-11ee-9ab5-d8bbc1768911.jpg", "bboxes": [0.3102086858432036, 0.39010716300056403, 0.7208121827411167, 0.7781500282007896], "class": 1}