{"image": "d35720ba-2f03-11ee-9ab5-d8bbc1768911.jpg", "bboxes": [0.14363226170332768, 0.2529610829103215, 0.5542357586012409, 0.6410039481105471], "class": 1}