{"image": "d35720ba-2f03-11ee-9ab5-d8bbc1768911.jpg", "bboxes": [0.3279864636209814, 0.28407219402143263, 0.7385899605188946, 0.6721150592216583], "class": 1}