{"image": "d35720ba-2f03-11ee-9ab5-d8bbc1768911.jpg", "bboxes": [0.08141003948110545, 0.35899605188945294, 0.4920135363790186, 0.7470389170896785], "class": 1}