{"image": "d35720ba-2f03-11ee-9ab5-d8bbc1768911.jpg", "bboxes": [0.0, 0.3834404963338973, 0.3609024252679075, 0.771483361534123], "class": 1}