{"image": "d35720ba-2f03-11ee-9ab5-d8bbc1768911.jpg", "bboxes": [0.06585448392554989, 0.3456627185561195, 0.4764579808234631, 0.7337055837563451], "class": 1}