{"image": "d35720ba-2f03-11ee-9ab5-d8bbc1768911.jpg", "bboxes": [0.354653130287648, 0.3767738296672307, 0.7652566271855612, 0.7648166948674563], "class": 1}