{"image": "d35720ba-2f03-11ee-9ab5-d8bbc1768911.jpg", "bboxes": [0.33909757473209245, 0.24629441624365483, 0.7497010716300057, 0.6343372814438805], "class": 1}