{"image": "d35720ba-2f03-11ee-9ab5-d8bbc1768911.jpg", "bboxes": [0.02141003948110545, 0.2218499717992104, 0.4320135363790186, 0.609892836999436], "class": 1}