{"image": "d35720ba-2f03-11ee-9ab5-d8bbc1768911.jpg", "bboxes": [0.6235420191765368, 0.2818499717992104, 1.0, 0.669892836999436], "class": 1}