{"image": "d35720ba-2f03-11ee-9ab5-d8bbc1768911.jpg", "bboxes": [0.09029892836999434, 0.37899605188945296, 0.5009024252679075, 0.7670389170896785], "class": 1}