{"image": "d35720ba-2f03-11ee-9ab5-d8bbc1768911.jpg", "bboxes": [0.09474337281443879, 0.3612182741116752, 0.505346869712352, 0.7492611393119006], "class": 1}