{"image": "d35720ba-2f03-11ee-9ab5-d8bbc1768911.jpg", "bboxes": [0.31918781725888323, 0.26851663846587703, 0.7297913141567964, 0.6565595036661026], "class": 1}