{"image": "d35720ba-2f03-11ee-9ab5-d8bbc1768911.jpg", "bboxes": [0.3125211505922166, 0.2862944162436548, 0.7231246474901297, 0.6743372814438804], "class": 1}