{"image": "d35720ba-2f03-11ee-9ab5-d8bbc1768911.jpg", "bboxes": [0.6324309080654258, 0.3634404963338973, 1.0, 0.751483361534123], "class": 1}