{"image": "d35720ba-2f03-11ee-9ab5-d8bbc1768911.jpg", "bboxes": [0.5524309080654258, 0.23518330513254374, 0.963034404963339, 0.6232261703327693], "class": 1}