{"image": "d35720ba-2f03-11ee-9ab5-d8bbc1768911.jpg", "bboxes": [0.334653130287648, 0.3434404963338974, 0.7452566271855612, 0.731483361534123], "class": 1}