{"image": "d35720ba-2f03-11ee-9ab5-d8bbc1768911.jpg", "bboxes": [0.6813197969543148, 0.32788494077834174, 1.0, 0.7159278059785674], "class": 1}