{"image": "d35720ba-2f03-11ee-9ab5-d8bbc1768911.jpg", "bboxes": [0.03029892836999434, 0.2418499717992104, 0.4409024252679075, 0.629892836999436], "class": 1}