{"image": "d35720ba-2f03-11ee-9ab5-d8bbc1768911.jpg", "bboxes": [0.15252115059221658, 0.34788494077834176, 0.5631246474901297, 0.7359278059785674], "class": 1}