{"image": "d35720ba-2f03-11ee-9ab5-d8bbc1768911.jpg", "bboxes": [0.4990975747320925, 0.23518330513254374, 0.9097010716300057, 0.6232261703327693], "class": 1}