{"image": "d35720ba-2f03-11ee-9ab5-d8bbc1768911.jpg", "bboxes": [0.6235420191765368, 0.23740552735476594, 1.0, 0.6254483925549915], "class": 1}