{"image": "d35720ba-2f03-11ee-9ab5-d8bbc1768911.jpg", "bboxes": [0.176965595036661, 0.3367738296672307, 0.5875690919345742, 0.7248166948674563], "class": 1}