{"image": "d35720ba-2f03-11ee-9ab5-d8bbc1768911.jpg", "bboxes": [0.0, 0.21962774957698816, 0.34534686971235196, 0.6076706147772137], "class": 1}