{"image": "d3a76859-2f03-11ee-9d4a-d8bbc1768911.jpg", "bboxes": [0.28010152284263956, 0.3363338973491258, 0.6343034404963338, 0.8202594472645234], "class": 1}