{"image": "d3a76859-2f03-11ee-9d4a-d8bbc1768911.jpg", "bboxes": [0.4534348561759729, 0.3252227862380146, 0.8076367738296671, 0.8091483361534123], "class": 1}