{"image": "d3a76859-2f03-11ee-9d4a-d8bbc1768911.jpg", "bboxes": [0.26791878172588846, 0.1797405527354766, 0.6221206993795827, 0.6636661026508742], "class": 1}