{"image": "d3a76859-2f03-11ee-9d4a-d8bbc1768911.jpg", "bboxes": [0.25787930062041736, 0.2197405527354766, 0.6120812182741115, 0.7036661026508743], "class": 1}