{"image": "d3a76859-2f03-11ee-9d4a-d8bbc1768911.jpg", "bboxes": [0.19902989283699957, 0.2108516638465877, 0.5532318104906937, 0.6947772137619854], "class": 1}