{"image": "d3a76859-2f03-11ee-9d4a-d8bbc1768911.jpg", "bboxes": [0.3101410039481106, 0.18418499717992104, 0.6643429216018049, 0.6681105470953187], "class": 1}