{"image": "d3a76859-2f03-11ee-9d4a-d8bbc1768911.jpg", "bboxes": [0.143474337281444, 0.16418499717992105, 0.49767625493513823, 0.6481105470953187], "class": 1}