{"image": "d3a76859-2f03-11ee-9d4a-d8bbc1768911.jpg", "bboxes": [0.364545967287084, 0.3585561195713479, 0.7187478849407782, 0.8424816694867456], "class": 1}