{"image": "d3a76859-2f03-11ee-9d4a-d8bbc1768911.jpg", "bboxes": [0.19680767061477733, 0.19751833051325438, 0.5510095882684716, 0.681443880428652], "class": 1}