{"image": "d3a76859-2f03-11ee-9d4a-d8bbc1768911.jpg", "bboxes": [0.26791878172588846, 0.3052227862380146, 0.6221206993795827, 0.7891483361534123], "class": 1}