{"image": "d3a76859-2f03-11ee-9d4a-d8bbc1768911.jpg", "bboxes": [0.5823237450648618, 0.20418499717992103, 0.936525662718556, 0.6881105470953187], "class": 1}