{"image": "d3a76859-2f03-11ee-9d4a-d8bbc1768911.jpg", "bboxes": [0.403474337281444, 0.33411167512690354, 0.7576762549351382, 0.8180372250423011], "class": 1}