{"image": "d3a76859-2f03-11ee-9d4a-d8bbc1768911.jpg", "bboxes": [0.19787930062041736, 0.19529610829103214, 0.5520812182741116, 0.6792216582064298], "class": 1}