{"image": "d3a76859-2f03-11ee-9d4a-d8bbc1768911.jpg", "bboxes": [0.15458544839255506, 0.21307388606880992, 0.5087873660462493, 0.6969994359842075], "class": 1}