{"image": "d3a76859-2f03-11ee-9d4a-d8bbc1768911.jpg", "bboxes": [0.5712126339537507, 0.17751833051325439, 0.9254145516074449, 0.661443880428652], "class": 1}