{"image": "d3a76859-2f03-11ee-9d4a-d8bbc1768911.jpg", "bboxes": [0.5623237450648618, 0.3563338973491258, 0.916525662718556, 0.8402594472645234], "class": 1}