{"image": "d3a76859-2f03-11ee-9d4a-d8bbc1768911.jpg", "bboxes": [0.2079187817258884, 0.338556119571348, 0.5621206993795826, 0.8224816694867456], "class": 1}