{"image": "d3a76859-2f03-11ee-9d4a-d8bbc1768911.jpg", "bboxes": [0.4590298928369996, 0.29633389734912574, 0.8132318104906937, 0.7802594472645235], "class": 1}