{"image": "d3a76859-2f03-11ee-9d4a-d8bbc1768911.jpg", "bboxes": [0.3756570783981951, 0.32077834179357023, 0.7298589960518893, 0.8047038917089678], "class": 1}