{"image": "d3a76859-2f03-11ee-9d4a-d8bbc1768911.jpg", "bboxes": [0.27236322617033293, 0.32077834179357023, 0.6265651438240272, 0.8047038917089678], "class": 1}