{"image": "d3a76859-2f03-11ee-9d4a-d8bbc1768911.jpg", "bboxes": [0.19343485617597292, 0.3318894529046813, 0.5476367738296671, 0.815815002820079], "class": 1}