{"image": "d3a76859-2f03-11ee-9d4a-d8bbc1768911.jpg", "bboxes": [0.5489904117315285, 0.16640721940214326, 0.9031923293852226, 0.6503327693175409], "class": 1}