{"image": "d3a76859-2f03-11ee-9d4a-d8bbc1768911.jpg", "bboxes": [0.20232374506486178, 0.32744500846023683, 0.556525662718556, 0.8113705583756345], "class": 1}