{"image": "d3a76859-2f03-11ee-9d4a-d8bbc1768911.jpg", "bboxes": [0.4312126339537507, 0.32300056401579236, 0.7854145516074449, 0.8069261139311901], "class": 1}