{"image": "d3a76859-2f03-11ee-9d4a-d8bbc1768911.jpg", "bboxes": [0.3112126339537507, 0.30300056401579245, 0.6654145516074449, 0.78692611393119], "class": 1}