{"image": "d3a76859-2f03-11ee-9d4a-d8bbc1768911.jpg", "bboxes": [0.2790298928369995, 0.3496672306824591, 0.6332318104906938, 0.8335927805978567], "class": 1}