{"image": "d3a76859-2f03-11ee-9d4a-d8bbc1768911.jpg", "bboxes": [0.513434856175973, 0.18862944162436548, 0.8676367738296671, 0.6725549915397632], "class": 1}