{"image": "d3a76859-2f03-11ee-9d4a-d8bbc1768911.jpg", "bboxes": [0.4489904117315285, 0.1908516638465877, 0.8031923293852227, 0.6747772137619854], "class": 1}