{"image": "d3a76859-2f03-11ee-9d4a-d8bbc1768911.jpg", "bboxes": [0.08347433728144404, 0.3052227862380146, 0.4376762549351382, 0.7891483361534123], "class": 1}