{"image": "d3a76859-2f03-11ee-9d4a-d8bbc1768911.jpg", "bboxes": [0.22676818950930624, 0.338556119571348, 0.5809701071630005, 0.8224816694867456], "class": 1}