{"image": "d3a76859-2f03-11ee-9d4a-d8bbc1768911.jpg", "bboxes": [0.3656965595036662, 0.18196277495769883, 0.7198984771573604, 0.6658883248730965], "class": 1}