{"image": "d3a76859-2f03-11ee-9d4a-d8bbc1768911.jpg", "bboxes": [0.1568076706147773, 0.3141116751269035, 0.5110095882684715, 0.7980372250423011], "class": 1}