{"image": "d3a76859-2f03-11ee-9d4a-d8bbc1768911.jpg", "bboxes": [0.24454596728708403, 0.19974055273547658, 0.5987478849407782, 0.6836661026508742], "class": 1}