{"image": "d3a76859-2f03-11ee-9d4a-d8bbc1768911.jpg", "bboxes": [0.16791878172588848, 0.19307388606880993, 0.5221206993795826, 0.6769994359842076], "class": 1}