{"image": "d3a76859-2f03-11ee-9d4a-d8bbc1768911.jpg", "bboxes": [0.4734348561759729, 0.3363338973491258, 0.8276367738296672, 0.8202594472645234], "class": 1}