{"image": "d3a76859-2f03-11ee-9d4a-d8bbc1768911.jpg", "bboxes": [0.2323632261703329, 0.3452227862380146, 0.5865651438240271, 0.8291483361534123], "class": 1}