{"image": "d3a76859-2f03-11ee-9d4a-d8bbc1768911.jpg", "bboxes": [0.05680767061477732, 0.1908516638465877, 0.41100958826847156, 0.6747772137619854], "class": 1}