{"image": "d3a76859-2f03-11ee-9d4a-d8bbc1768911.jpg", "bboxes": [0.19014100394811062, 0.318556119571348, 0.5443429216018049, 0.8024816694867456], "class": 1}