{"image": "d3a76859-2f03-11ee-9d4a-d8bbc1768911.jpg", "bboxes": [0.31902989283699956, 0.3452227862380146, 0.6732318104906938, 0.8291483361534123], "class": 1}