{"image": "d3a76859-2f03-11ee-9d4a-d8bbc1768911.jpg", "bboxes": [0.5801015228426396, 0.34077834179357014, 0.9343034404963337, 0.8247038917089679], "class": 1}