{"image": "d3a76859-2f03-11ee-9d4a-d8bbc1768911.jpg", "bboxes": [0.25458544839255515, 0.20418499717992103, 0.6087873660462493, 0.6881105470953187], "class": 1}