{"image": "d3a76859-2f03-11ee-9d4a-d8bbc1768911.jpg", "bboxes": [0.5667681895093062, 0.19974055273547658, 0.9209701071630004, 0.6836661026508742], "class": 1}