{"image": "d3a76859-2f03-11ee-9d4a-d8bbc1768911.jpg", "bboxes": [0.23458544839255513, 0.3363338973491258, 0.5887873660462493, 0.8202594472645234], "class": 1}