{"image": "d3a76859-2f03-11ee-9d4a-d8bbc1768911.jpg", "bboxes": [0.45565707839819514, 0.18418499717992104, 0.8098589960518894, 0.6681105470953187], "class": 1}