{"image": "d3a76859-2f03-11ee-9d4a-d8bbc1768911.jpg", "bboxes": [0.2523632261703329, 0.15307388606880992, 0.6065651438240272, 0.6369994359842076], "class": 1}