{"image": "d3a76859-2f03-11ee-9d4a-d8bbc1768911.jpg", "bboxes": [0.48899041173152846, 0.1597405527354766, 0.8431923293852227, 0.6436661026508742], "class": 1}