{"image": "d3a76859-2f03-11ee-9d4a-d8bbc1768911.jpg", "bboxes": [0.3768076706147774, 0.19529610829103214, 0.7310095882684715, 0.6792216582064298], "class": 1}