{"image": "d3a76859-2f03-11ee-9d4a-d8bbc1768911.jpg", "bboxes": [0.5178793006204173, 0.338556119571348, 0.8720812182741116, 0.8224816694867456], "class": 1}