{"image": "d3a76859-2f03-11ee-9d4a-d8bbc1768911.jpg", "bboxes": [0.33121263395375067, 0.3252227862380146, 0.6854145516074449, 0.8091483361534123], "class": 1}