{"image": "d3a76859-2f03-11ee-9d4a-d8bbc1768911.jpg", "bboxes": [0.07680767061477733, 0.3052227862380146, 0.4310095882684716, 0.7891483361534123], "class": 1}