{"image": "d3a76859-2f03-11ee-9d4a-d8bbc1768911.jpg", "bboxes": [0.19565707839819513, 0.3585561195713479, 0.5498589960518894, 0.8424816694867456], "class": 1}