{"image": "d3a76859-2f03-11ee-9d4a-d8bbc1768911.jpg", "bboxes": [0.3345854483925551, 0.3430005640157924, 0.6887873660462493, 0.8269261139311901], "class": 1}