{"image": "d3a76859-2f03-11ee-9d4a-d8bbc1768911.jpg", "bboxes": [0.3734348561759729, 0.32744500846023683, 0.7276367738296671, 0.8113705583756345], "class": 1}