{"image": "d3f7aae3-2f03-11ee-a235-d8bbc1768911.jpg", "bboxes": [0.0, 0.2967174280879864, 0.32265087422447825, 0.8201240834743373], "class": 1}