{"image": "d3f7aae3-2f03-11ee-a235-d8bbc1768911.jpg", "bboxes": [0.6195713479977439, 0.29227298364354193, 1.0, 0.8156796390298928], "class": 1}