{"image": "d3f7aae3-2f03-11ee-a235-d8bbc1768911.jpg", "bboxes": [0.23687535250987035, 0.2900507614213197, 0.6959842075578115, 0.8134574168076706], "class": 1}