{"image": "d3f7aae3-2f03-11ee-a235-d8bbc1768911.jpg", "bboxes": [0.04576424139875923, 0.3100507614213197, 0.5048730964467005, 0.8334574168076706], "class": 1}