{"image": "d3f7aae3-2f03-11ee-a235-d8bbc1768911.jpg", "bboxes": [0.0, 0.26782853919909755, 0.3382064297800338, 0.7912351945854483], "class": 1}