{"image": "d3f7aae3-2f03-11ee-a235-d8bbc1768911.jpg", "bboxes": [0.0, 0.16209813874788495, 0.42265087422447833, 0.6855047941342358], "class": 1}