{"image": "d3f7aae3-2f03-11ee-a235-d8bbc1768911.jpg", "bboxes": [0.0, 0.1976536943034405, 0.32931754089114496, 0.7210603496897914], "class": 1}