{"image": "d3f7aae3-2f03-11ee-a235-d8bbc1768911.jpg", "bboxes": [0.3262380146644106, 0.1687648054145516, 0.7853468697123518, 0.6921714608009025], "class": 1}