{"image": "d3f7aae3-2f03-11ee-a235-d8bbc1768911.jpg", "bboxes": [0.5062380146644107, 0.19543147208121828, 0.9653468697123518, 0.7188381274675691], "class": 1}