{"image": "d3f7aae3-2f03-11ee-a235-d8bbc1768911.jpg", "bboxes": [0.2213197969543148, 0.18432036097010718, 0.680428652002256, 0.7077270163564581], "class": 1}