{"image": "d3f7aae3-2f03-11ee-a235-d8bbc1768911.jpg", "bboxes": [0.3529046813310773, 0.28116187253243086, 0.8120135363790185, 0.8045685279187818], "class": 1}