{"image": "d3f7aae3-2f03-11ee-a235-d8bbc1768911.jpg", "bboxes": [0.02131979695431485, 0.2633840947546531, 0.48042865200225604, 0.786790750141004], "class": 1}