{"image": "d3f7aae3-2f03-11ee-a235-d8bbc1768911.jpg", "bboxes": [0.5951269035532994, 0.2589396503102086, 1.0, 0.7823463056965595], "class": 1}