{"image": "d3f7aae3-2f03-11ee-a235-d8bbc1768911.jpg", "bboxes": [0.40846023688663285, 0.1665425831923294, 0.8675690919345741, 0.6899492385786803], "class": 1}