{"image": "d3f7aae3-2f03-11ee-a235-d8bbc1768911.jpg", "bboxes": [0.5706824591088551, 0.19098702763677383, 1.0, 0.7143936830231247], "class": 1}