{"image": "d3f7aae3-2f03-11ee-a235-d8bbc1768911.jpg", "bboxes": [0.22354201917653704, 0.17987591652566273, 0.6826508742244783, 0.7032825719120136], "class": 1}