{"image": "d3f7aae3-2f03-11ee-a235-d8bbc1768911.jpg", "bboxes": [0.1568753525098704, 0.31227298364354195, 0.6159842075578117, 0.8356796390298928], "class": 1}