{"image": "d3f7aae3-2f03-11ee-a235-d8bbc1768911.jpg", "bboxes": [0.0, 0.28782853919909746, 0.43153976311336717, 0.8112351945854483], "class": 1}