{"image": "d3f7aae3-2f03-11ee-a235-d8bbc1768911.jpg", "bboxes": [0.510682459108855, 0.17987591652566273, 0.9697913141567963, 0.7032825719120136], "class": 1}