{"image": "d3f7aae3-2f03-11ee-a235-d8bbc1768911.jpg", "bboxes": [0.24131979695431482, 0.29893965031020864, 0.700428652002256, 0.8223463056965595], "class": 1}