{"image": "d3f7aae3-2f03-11ee-a235-d8bbc1768911.jpg", "bboxes": [0.4462380146644106, 0.18876480541455162, 0.9053468697123518, 0.7121714608009025], "class": 1}