{"image": "d3f7aae3-2f03-11ee-a235-d8bbc1768911.jpg", "bboxes": [0.3973491257755217, 0.25449520586576413, 0.8564579808234629, 0.777901861252115], "class": 1}