{"image": "d3f7aae3-2f03-11ee-a235-d8bbc1768911.jpg", "bboxes": [0.4040157924421884, 0.3033840947546531, 0.8631246474901296, 0.8267907501410039], "class": 1}