{"image": "d3f7aae3-2f03-11ee-a235-d8bbc1768911.jpg", "bboxes": [0.49068245910885505, 0.19987591652566272, 0.9497913141567963, 0.7232825719120136], "class": 1}