{"image": "d3f7aae3-2f03-11ee-a235-d8bbc1768911.jpg", "bboxes": [0.0, 0.2287648054145516, 0.32265087422447825, 0.7521714608009025], "class": 1}