{"image": "d3f7aae3-2f03-11ee-a235-d8bbc1768911.jpg", "bboxes": [0.4062380146644106, 0.19987591652566272, 0.8653468697123519, 0.7232825719120136], "class": 1}