{"image": "d3f7aae3-2f03-11ee-a235-d8bbc1768911.jpg", "bboxes": [0.4662380146644106, 0.3144952058657642, 0.9253468697123518, 0.8379018612521151], "class": 1}