{"image": "d3f7aae3-2f03-11ee-a235-d8bbc1768911.jpg", "bboxes": [0.0, 0.1776536943034405, 0.3893175408911449, 0.7010603496897914], "class": 1}