{"image": "d3f7aae3-2f03-11ee-a235-d8bbc1768911.jpg", "bboxes": [0.5284602368866328, 0.20654258319232938, 0.9875690919345741, 0.7299492385786803], "class": 1}