{"image": "d3f7aae3-2f03-11ee-a235-d8bbc1768911.jpg", "bboxes": [0.08576424139875927, 0.18209813874788494, 0.5448730964467006, 0.7055047941342358], "class": 1}