{"image": "d3f7aae3-2f03-11ee-a235-d8bbc1768911.jpg", "bboxes": [0.17243090806542594, 0.28116187253243086, 0.6315397631133672, 0.8045685279187818], "class": 1}