{"image": "d3f7aae3-2f03-11ee-a235-d8bbc1768911.jpg", "bboxes": [0.20354201917653703, 0.2287648054145516, 0.6626508742244783, 0.7521714608009025], "class": 1}