{"image": "d3f7aae3-2f03-11ee-a235-d8bbc1768911.jpg", "bboxes": [0.519571347997744, 0.1687648054145516, 0.9786802030456851, 0.6921714608009025], "class": 1}