{"image": "d3f7aae3-2f03-11ee-a235-d8bbc1768911.jpg", "bboxes": [0.4195713479977439, 0.17320924985899605, 0.8786802030456852, 0.6966159052453469], "class": 1}