{"image": "d3f7aae3-2f03-11ee-a235-d8bbc1768911.jpg", "bboxes": [0.0, 0.17320924985899605, 0.4137619853355894, 0.6966159052453469], "class": 1}