{"image": "d3f7aae3-2f03-11ee-a235-d8bbc1768911.jpg", "bboxes": [0.0, 0.25449520586576413, 0.3248730964467005, 0.777901861252115], "class": 1}