{"image": "d3f7aae3-2f03-11ee-a235-d8bbc1768911.jpg", "bboxes": [0.3151269035532995, 0.19543147208121828, 0.7742357586012407, 0.7188381274675691], "class": 1}