{"image": "d3f7aae3-2f03-11ee-a235-d8bbc1768911.jpg", "bboxes": [0.6773491257755218, 0.25005076142131977, 1.0, 0.7734574168076707], "class": 1}