{"image": "d3f7aae3-2f03-11ee-a235-d8bbc1768911.jpg", "bboxes": [0.42623801466441064, 0.2522729836435419, 0.8853468697123519, 0.7756796390298928], "class": 1}