{"image": "d3f7aae3-2f03-11ee-a235-d8bbc1768911.jpg", "bboxes": [0.7173491257755217, 0.16209813874788495, 1.0, 0.6855047941342358], "class": 1}