{"image": "d3f7aae3-2f03-11ee-a235-d8bbc1768911.jpg", "bboxes": [0.0813197969543148, 0.22209813874788495, 0.5404286520022561, 0.7455047941342359], "class": 1}