{"image": "d3f7aae3-2f03-11ee-a235-d8bbc1768911.jpg", "bboxes": [0.47068245910885503, 0.26782853919909755, 0.9297913141567963, 0.7912351945854483], "class": 1}