{"image": "d3f7aae3-2f03-11ee-a235-d8bbc1768911.jpg", "bboxes": [0.19020868584320372, 0.29227298364354193, 0.6493175408911449, 0.8156796390298928], "class": 1}