{"image": "d3f7aae3-2f03-11ee-a235-d8bbc1768911.jpg", "bboxes": [0.0, 0.3011618725324309, 0.3648730964467005, 0.8245685279187818], "class": 1}