{"image": "d3f7aae3-2f03-11ee-a235-d8bbc1768911.jpg", "bboxes": [0.023542019176537088, 0.2789396503102086, 0.4826508742244783, 0.8023463056965595], "class": 1}