{"image": "d3f7aae3-2f03-11ee-a235-d8bbc1768911.jpg", "bboxes": [0.5862380146644106, 0.19320924985899607, 1.0, 0.7166159052453469], "class": 1}