{"image": "d3f7aae3-2f03-11ee-a235-d8bbc1768911.jpg", "bboxes": [0.0, 0.2087648054145516, 0.4070953186689227, 0.7321714608009025], "class": 1}