{"image": "d3f7aae3-2f03-11ee-a235-d8bbc1768911.jpg", "bboxes": [0.0, 0.16432036097010716, 0.4448730964467005, 0.687727016356458], "class": 1}