{"image": "d3f7aae3-2f03-11ee-a235-d8bbc1768911.jpg", "bboxes": [0.0, 0.2265425831923294, 0.369317540891145, 0.7499492385786802], "class": 1}