{"image": "d3f7aae3-2f03-11ee-a235-d8bbc1768911.jpg", "bboxes": [0.3862380146644106, 0.2656063169768753, 0.8453468697123518, 0.7890129723632262], "class": 1}