{"image": "d447e24d-2f03-11ee-8d68-d8bbc1768911.jpg", "bboxes": [0.6349915397631134, 0.3080654258319233, 1.0, 0.810039481105471], "class": 1}