{"image": "d447e24d-2f03-11ee-8d68-d8bbc1768911.jpg", "bboxes": [0.24487309644670052, 0.3147320924985899, 0.6983417935702199, 0.8167061477721376], "class": 1}