{"image": "d447e24d-2f03-11ee-8d68-d8bbc1768911.jpg", "bboxes": [0.06931754089114495, 0.19218274111675127, 0.5227862380146644, 0.6941567963902989], "class": 1}