{"image": "d447e24d-2f03-11ee-8d68-d8bbc1768911.jpg", "bboxes": [0.49943598420755786, 0.2277382966723068, 0.9529046813310773, 0.7297123519458545], "class": 1}