{"image": "d447e24d-2f03-11ee-8d68-d8bbc1768911.jpg", "bboxes": [0.25376198533558936, 0.19440496333897347, 0.7072306824591088, 0.6963790186125212], "class": 1}