{"image": "d447e24d-2f03-11ee-8d68-d8bbc1768911.jpg", "bboxes": [0.6638804286520023, 0.2055160744500846, 1.0, 0.7074901297236322], "class": 1}