{"image": "d447e24d-2f03-11ee-8d68-d8bbc1768911.jpg", "bboxes": [0.6727693175408912, 0.3147320924985899, 1.0, 0.8167061477721376], "class": 1}