{"image": "d447e24d-2f03-11ee-8d68-d8bbc1768911.jpg", "bboxes": [0.0, 0.19440496333897347, 0.41389734912577547, 0.6963790186125212], "class": 1}