{"image": "d447e24d-2f03-11ee-8d68-d8bbc1768911.jpg", "bboxes": [0.6194359842075579, 0.2702876480541455, 1.0, 0.7722617033276932], "class": 1}