{"image": "d447e24d-2f03-11ee-8d68-d8bbc1768911.jpg", "bboxes": [0.10709531866892275, 0.20996051889452905, 0.5605640157924421, 0.7119345741680767], "class": 1}