{"image": "d447e24d-2f03-11ee-8d68-d8bbc1768911.jpg", "bboxes": [0.4349915397631134, 0.18329385222786237, 0.8884602368866328, 0.6852679075014101], "class": 1}