{"image": "d447e24d-2f03-11ee-8d68-d8bbc1768911.jpg", "bboxes": [0.0, 0.23218274111675125, 0.34945290468133106, 0.734156796390299], "class": 1}