{"image": "d447e24d-2f03-11ee-8d68-d8bbc1768911.jpg", "bboxes": [0.4461026508742245, 0.18551607445008458, 0.899571347997744, 0.6874901297236322], "class": 1}