{"image": "d447e24d-2f03-11ee-8d68-d8bbc1768911.jpg", "bboxes": [0.3949915397631134, 0.2769543147208122, 0.8484602368866329, 0.7789283699943599], "class": 1}