{"image": "d447e24d-2f03-11ee-8d68-d8bbc1768911.jpg", "bboxes": [0.12487309644670053, 0.29028764805414553, 0.57834179357022, 0.7922617033276932], "class": 1}