{"image": "d447e24d-2f03-11ee-8d68-d8bbc1768911.jpg", "bboxes": [0.21598420755781156, 0.18996051889452903, 0.6694529046813311, 0.6919345741680767], "class": 1}