{"image": "d447e24d-2f03-11ee-8d68-d8bbc1768911.jpg", "bboxes": [0.5683248730964467, 0.2836209813874788, 1.0, 0.7855950366610265], "class": 1}