{"image": "d447e24d-2f03-11ee-8d68-d8bbc1768911.jpg", "bboxes": [0.40610265087422454, 0.27250987027636775, 0.8595713479977439, 0.7744839255499154], "class": 1}