{"image": "d447e24d-2f03-11ee-8d68-d8bbc1768911.jpg", "bboxes": [0.1359842075578116, 0.22107163000564015, 0.589452904681331, 0.7230456852791878], "class": 1}