{"image": "d447e24d-2f03-11ee-8d68-d8bbc1768911.jpg", "bboxes": [0.2382064297800338, 0.27917653694303446, 0.6916751269035533, 0.7811505922165821], "class": 1}