{"image": "d447e24d-2f03-11ee-8d68-d8bbc1768911.jpg", "bboxes": [0.0, 0.18551607445008458, 0.37611957134799767, 0.6874901297236322], "class": 1}