{"image": "d447e24d-2f03-11ee-8d68-d8bbc1768911.jpg", "bboxes": [0.3261026508742245, 0.31695431472081215, 0.779571347997744, 0.8189283699943599], "class": 1}