{"image": "d447e24d-2f03-11ee-8d68-d8bbc1768911.jpg", "bboxes": [0.5105470953186689, 0.18773829667230682, 0.9640157924421884, 0.6897123519458545], "class": 1}