{"image": "d447e24d-2f03-11ee-8d68-d8bbc1768911.jpg", "bboxes": [0.1359842075578116, 0.1677382966723068, 0.589452904681331, 0.6697123519458544], "class": 1}