{"image": "d447e24d-2f03-11ee-8d68-d8bbc1768911.jpg", "bboxes": [0.3616582064297801, 0.18107163000564014, 0.8151269035532995, 0.6830456852791879], "class": 1}