{"image": "d447e24d-2f03-11ee-8d68-d8bbc1768911.jpg", "bboxes": [0.5372137619853357, 0.29473209249859, 0.9906824591088551, 0.7967061477721377], "class": 1}