{"image": "d447e24d-2f03-11ee-8d68-d8bbc1768911.jpg", "bboxes": [0.0, 0.27250987027636775, 0.34945290468133106, 0.7744839255499154], "class": 1}