{"image": "d447e24d-2f03-11ee-8d68-d8bbc1768911.jpg", "bboxes": [0.690547095318669, 0.3058432036097011, 1.0, 0.8078172588832487], "class": 1}