{"image": "d447e24d-2f03-11ee-8d68-d8bbc1768911.jpg", "bboxes": [0.5194359842075579, 0.26584320360970104, 0.9729046813310773, 0.7678172588832488], "class": 1}