{"image": "d447e24d-2f03-11ee-8d68-d8bbc1768911.jpg", "bboxes": [0.18487309644670047, 0.23218274111675125, 0.6383417935702199, 0.734156796390299], "class": 1}