{"image": "d447e24d-2f03-11ee-8d68-d8bbc1768911.jpg", "bboxes": [0.5127693175408912, 0.20996051889452905, 0.9662380146644106, 0.7119345741680767], "class": 1}