{"image": "d447e24d-2f03-11ee-8d68-d8bbc1768911.jpg", "bboxes": [0.0, 0.23440496333897348, 0.40500846023688664, 0.7363790186125212], "class": 1}