{"image": "d447e24d-2f03-11ee-8d68-d8bbc1768911.jpg", "bboxes": [0.4083248730964467, 0.27473209249859, 0.8617935702199662, 0.7767061477721376], "class": 1}