{"image": "d447e24d-2f03-11ee-8d68-d8bbc1768911.jpg", "bboxes": [0.0, 0.2836209813874788, 0.4027862380146644, 0.7855950366610265], "class": 1}