{"image": "d447e24d-2f03-11ee-8d68-d8bbc1768911.jpg", "bboxes": [0.0, 0.17218274111675125, 0.4027862380146644, 0.6741567963902989], "class": 1}