{"image": "d447e24d-2f03-11ee-8d68-d8bbc1768911.jpg", "bboxes": [0.0, 0.2166271855611957, 0.32500846023688656, 0.7186012408347434], "class": 1}