{"image": "d447e24d-2f03-11ee-8d68-d8bbc1768911.jpg", "bboxes": [0.5061026508742245, 0.2880654258319233, 0.9595713479977439, 0.790039481105471], "class": 1}