{"image": "d447e24d-2f03-11ee-8d68-d8bbc1768911.jpg", "bboxes": [0.0, 0.20107163000564016, 0.29834179357021995, 0.7030456852791878], "class": 1}