{"image": "d447e24d-2f03-11ee-8d68-d8bbc1768911.jpg", "bboxes": [0.0, 0.27250987027636775, 0.31167512690355326, 0.7744839255499154], "class": 1}