{"image": "d447e24d-2f03-11ee-8d68-d8bbc1768911.jpg", "bboxes": [0.0, 0.2255160744500846, 0.37389734912577544, 0.7274901297236323], "class": 1}