{"image": "d447e24d-2f03-11ee-8d68-d8bbc1768911.jpg", "bboxes": [0.0, 0.30362098138747884, 0.3827862380146644, 0.8055950366610265], "class": 1}