{"image": "d447e24d-2f03-11ee-8d68-d8bbc1768911.jpg", "bboxes": [0.3238804286520023, 0.3147320924985899, 0.7773491257755217, 0.8167061477721376], "class": 1}