{"image": "d447e24d-2f03-11ee-8d68-d8bbc1768911.jpg", "bboxes": [0.5216582064297801, 0.3058432036097011, 0.9751269035532995, 0.8078172588832487], "class": 1}