{"image": "d447e24d-2f03-11ee-8d68-d8bbc1768911.jpg", "bboxes": [0.3061026508742245, 0.31028764805414555, 0.759571347997744, 0.8122617033276932], "class": 1}