{"image": "d447e24d-2f03-11ee-8d68-d8bbc1768911.jpg", "bboxes": [0.0, 0.18773829667230682, 0.3783417935702199, 0.6897123519458545], "class": 1}