{"image": "d447e24d-2f03-11ee-8d68-d8bbc1768911.jpg", "bboxes": [0.6105470953186689, 0.18996051889452903, 1.0, 0.6919345741680767], "class": 1}