{"image": "d447e24d-2f03-11ee-8d68-d8bbc1768911.jpg", "bboxes": [0.02487309644670055, 0.3013987591652566, 0.4783417935702199, 0.8033728144388043], "class": 1}