{"image": "d447e24d-2f03-11ee-8d68-d8bbc1768911.jpg", "bboxes": [0.0, 0.22107163000564015, 0.4427862380146643, 0.7230456852791878], "class": 1}