{"image": "d447e24d-2f03-11ee-8d68-d8bbc1768911.jpg", "bboxes": [0.6549915397631134, 0.30362098138747884, 1.0, 0.8055950366610265], "class": 1}