{"image": "d447e24d-2f03-11ee-8d68-d8bbc1768911.jpg", "bboxes": [0.0, 0.2188494077834179, 0.35389734912577553, 0.7208234630569655], "class": 1}