{"image": "d447e24d-2f03-11ee-8d68-d8bbc1768911.jpg", "bboxes": [0.3483248730964467, 0.27917653694303446, 0.8017935702199661, 0.7811505922165821], "class": 1}