{"image": "d4982481-2f03-11ee-ab5e-d8bbc1768911.jpg", "bboxes": [0.21132543711223917, 0.2970896785109983, 0.5959842075578117, 0.8092160180485053], "class": 1}