{"image": "d4982481-2f03-11ee-ab5e-d8bbc1768911.jpg", "bboxes": [0.14243654822335028, 0.15745064861816133, 0.5270953186689227, 0.6695769881556684], "class": 1}