{"image": "d4982481-2f03-11ee-ab5e-d8bbc1768911.jpg", "bboxes": [0.3551269035532995, 0.31708967851099823, 0.739785673998872, 0.8292160180485053], "class": 1}