{"image": "d4982481-2f03-11ee-ab5e-d8bbc1768911.jpg", "bboxes": [0.4062380146644106, 0.27486745628877607, 0.7908967851099831, 0.7869937958262831], "class": 1}