{"image": "d4982481-2f03-11ee-ab5e-d8bbc1768911.jpg", "bboxes": [0.5151269035532995, 0.21522842639593912, 0.899785673998872, 0.7273547659334462], "class": 1}