{"image": "d4982481-2f03-11ee-ab5e-d8bbc1768911.jpg", "bboxes": [0.19132543711223915, 0.27931190073322054, 0.5759842075578117, 0.7914382402707276], "class": 1}