{"image": "d4982481-2f03-11ee-ab5e-d8bbc1768911.jpg", "bboxes": [0.30465877044557244, 0.15300620417371688, 0.6893175408911449, 0.665132543711224], "class": 1}