{"image": "d4982481-2f03-11ee-ab5e-d8bbc1768911.jpg", "bboxes": [0.6017935702199662, 0.20633953750705022, 0.9864523406655387, 0.7184658770445572], "class": 1}