{"image": "d4982481-2f03-11ee-ab5e-d8bbc1768911.jpg", "bboxes": [0.0, 0.33708967851099825, 0.3448730964467005, 0.8492160180485053], "class": 1}