{"image": "d4982481-2f03-11ee-ab5e-d8bbc1768911.jpg", "bboxes": [0.3951269035532995, 0.27931190073322054, 0.779785673998872, 0.7914382402707276], "class": 1}