{"image": "d4982481-2f03-11ee-ab5e-d8bbc1768911.jpg", "bboxes": [0.6084602368866329, 0.2815341229554428, 0.9931190073322053, 0.7936604624929497], "class": 1}