{"image": "d4982481-2f03-11ee-ab5e-d8bbc1768911.jpg", "bboxes": [0.3157698815566836, 0.20189509306260578, 0.700428652002256, 0.7140214326001129], "class": 1}