{"image": "d4982481-2f03-11ee-ab5e-d8bbc1768911.jpg", "bboxes": [0.6617935702199662, 0.21078398195149467, 1.0, 0.7229103214890017], "class": 1}