{"image": "d4982481-2f03-11ee-ab5e-d8bbc1768911.jpg", "bboxes": [0.07576988155668363, 0.15300620417371688, 0.460428652002256, 0.665132543711224], "class": 1}