{"image": "d4982481-2f03-11ee-ab5e-d8bbc1768911.jpg", "bboxes": [0.2268809926677947, 0.20856175972927243, 0.6115397631133672, 0.7206880992667795], "class": 1}