{"image": "d4982481-2f03-11ee-ab5e-d8bbc1768911.jpg", "bboxes": [0.5240157924421884, 0.16189509306260577, 0.9086745628877608, 0.6740214326001128], "class": 1}