{"image": "d4982481-2f03-11ee-ab5e-d8bbc1768911.jpg", "bboxes": [0.30179357021996617, 0.15078398195149464, 0.6864523406655386, 0.6629103214890018], "class": 1}