{"image": "d4982481-2f03-11ee-ab5e-d8bbc1768911.jpg", "bboxes": [0.6440157924421884, 0.27931190073322054, 1.0, 0.7914382402707276], "class": 1}