{"image": "d4982481-2f03-11ee-ab5e-d8bbc1768911.jpg", "bboxes": [0.3217935702199662, 0.19745064861816133, 0.7064523406655386, 0.7095769881556684], "class": 1}