{"image": "d4982481-2f03-11ee-ab5e-d8bbc1768911.jpg", "bboxes": [0.35957134799774393, 0.21300620417371688, 0.7442301184433164, 0.7251325437112239], "class": 1}