{"image": "d4982481-2f03-11ee-ab5e-d8bbc1768911.jpg", "bboxes": [0.6551269035532995, 0.15300620417371688, 1.0, 0.665132543711224], "class": 1}