{"image": "d4982481-2f03-11ee-ab5e-d8bbc1768911.jpg", "bboxes": [0.4551269035532995, 0.1863395375070502, 0.8397856739988719, 0.6984658770445573], "class": 1}