{"image": "d4982481-2f03-11ee-ab5e-d8bbc1768911.jpg", "bboxes": [0.0, 0.16411731528482798, 0.3115397631133672, 0.6762436548223351], "class": 1}