{"image": "d4982481-2f03-11ee-ab5e-d8bbc1768911.jpg", "bboxes": [0.4951269035532995, 0.2904230118443316, 0.879785673998872, 0.8025493513818387], "class": 1}