{"image": "d4982481-2f03-11ee-ab5e-d8bbc1768911.jpg", "bboxes": [0.1691032148900169, 0.20633953750705022, 0.5537619853355894, 0.7184658770445572], "class": 1}