{"image": "d4982481-2f03-11ee-ab5e-d8bbc1768911.jpg", "bboxes": [0.006880992667794739, 0.21300620417371688, 0.39153976311336713, 0.7251325437112239], "class": 1}