{"image": "d4982481-2f03-11ee-ab5e-d8bbc1768911.jpg", "bboxes": [0.48623801466441063, 0.27264523406655383, 0.870896785109983, 0.7847715736040609], "class": 1}