{"image": "d4982481-2f03-11ee-ab5e-d8bbc1768911.jpg", "bboxes": [0.3906824591088551, 0.18856175972927244, 0.7753412295544275, 0.7006880992667794], "class": 1}