{"image": "d4982481-2f03-11ee-ab5e-d8bbc1768911.jpg", "bboxes": [0.4329046813310773, 0.3393119007332205, 0.8175634517766498, 0.8514382402707276], "class": 1}