{"image": "d4982481-2f03-11ee-ab5e-d8bbc1768911.jpg", "bboxes": [0.5862380146644106, 0.19078398195149465, 0.9708967851099831, 0.7029103214890017], "class": 1}