{"image": "d4982481-2f03-11ee-ab5e-d8bbc1768911.jpg", "bboxes": [0.29957134799774393, 0.31931190073322047, 0.6842301184433164, 0.8314382402707275], "class": 1}