{"image": "d4982481-2f03-11ee-ab5e-d8bbc1768911.jpg", "bboxes": [0.0, 0.3215341229554427, 0.369317540891145, 0.8336604624929498], "class": 1}