{"image": "d4982481-2f03-11ee-ab5e-d8bbc1768911.jpg", "bboxes": [0.3773491257755217, 0.14856175972927244, 0.7620078962210942, 0.6606880992667795], "class": 1}