{"image": "d4982481-2f03-11ee-ab5e-d8bbc1768911.jpg", "bboxes": [0.05354765933446137, 0.17967287084038355, 0.4382064297800339, 0.6917992103778906], "class": 1}