{"image": "d4982481-2f03-11ee-ab5e-d8bbc1768911.jpg", "bboxes": [0.051325437112239136, 0.3082007896221094, 0.43598420755781164, 0.8203271291596165], "class": 1}