{"image": "d4982481-2f03-11ee-ab5e-d8bbc1768911.jpg", "bboxes": [0.22243654822335024, 0.30597856739988716, 0.6070953186689227, 0.8181049069373942], "class": 1}