{"image": "d4982481-2f03-11ee-ab5e-d8bbc1768911.jpg", "bboxes": [0.31068245910885506, 0.3082007896221094, 0.6953412295544276, 0.8203271291596165], "class": 1}