{"image": "d4982481-2f03-11ee-ab5e-d8bbc1768911.jpg", "bboxes": [0.45290468133107725, 0.3326452340665539, 0.8375634517766497, 0.8447715736040609], "class": 1}