{"image": "d4982481-2f03-11ee-ab5e-d8bbc1768911.jpg", "bboxes": [0.3351269035532995, 0.19967287084038354, 0.7197856739988719, 0.7117992103778906], "class": 1}