{"image": "d4982481-2f03-11ee-ab5e-d8bbc1768911.jpg", "bboxes": [0.1557698815566836, 0.17745064861816132, 0.5404286520022561, 0.6895769881556684], "class": 1}