{"image": "d4982481-2f03-11ee-ab5e-d8bbc1768911.jpg", "bboxes": [0.3157698815566836, 0.21300620417371688, 0.700428652002256, 0.7251325437112239], "class": 1}