{"image": "d4982481-2f03-11ee-ab5e-d8bbc1768911.jpg", "bboxes": [0.34179357021996615, 0.31264523406655387, 0.7264523406655387, 0.8247715736040608], "class": 1}