{"image": "d4982481-2f03-11ee-ab5e-d8bbc1768911.jpg", "bboxes": [0.19799210377890586, 0.16856175972927243, 0.5826508742244783, 0.6806880992667795], "class": 1}