{"image": "d4982481-2f03-11ee-ab5e-d8bbc1768911.jpg", "bboxes": [0.22910321489001695, 0.33042301184433165, 0.6137619853355893, 0.8425493513818387], "class": 1}