{"image": "d4982481-2f03-11ee-ab5e-d8bbc1768911.jpg", "bboxes": [0.43512690355329947, 0.16189509306260577, 0.8197856739988719, 0.6740214326001128], "class": 1}