{"image": "d4982481-2f03-11ee-ab5e-d8bbc1768911.jpg", "bboxes": [0.3091032148900169, 0.27486745628877607, 0.6937619853355894, 0.7869937958262831], "class": 1}