{"image": "d4982481-2f03-11ee-ab5e-d8bbc1768911.jpg", "bboxes": [0.6640157924421883, 0.33042301184433165, 1.0, 0.8425493513818387], "class": 1}