{"image": "d4982481-2f03-11ee-ab5e-d8bbc1768911.jpg", "bboxes": [0.5151269035532995, 0.31042301184433163, 0.899785673998872, 0.8225493513818387], "class": 1}