{"image": "d4982481-2f03-11ee-ab5e-d8bbc1768911.jpg", "bboxes": [0.28688099266779465, 0.2815341229554428, 0.6715397631133672, 0.7936604624929497], "class": 1}