{"image": "d4982481-2f03-11ee-ab5e-d8bbc1768911.jpg", "bboxes": [0.01799210377890581, 0.2815341229554428, 0.4026508742244783, 0.7936604624929497], "class": 1}