{"image": "d4982481-2f03-11ee-ab5e-d8bbc1768911.jpg", "bboxes": [0.6529046813310773, 0.334867456288776, 1.0, 0.8469937958262831], "class": 1}