{"image": "d4982481-2f03-11ee-ab5e-d8bbc1768911.jpg", "bboxes": [0.6151269035532995, 0.20633953750705022, 0.999785673998872, 0.7184658770445572], "class": 1}