{"image": "d4982481-2f03-11ee-ab5e-d8bbc1768911.jpg", "bboxes": [0.24021432600112802, 0.16189509306260577, 0.6248730964467005, 0.6740214326001128], "class": 1}