{"image": "d4e83465-2f03-11ee-be26-d8bbc1768911.jpg", "bboxes": [0.22952058657642405, 0.17888324873096448, 0.6220755781161873, 0.6537845459672872], "class": 1}