{"image": "d4e83465-2f03-11ee-be26-d8bbc1768911.jpg", "bboxes": [0.2006316976875352, 0.21666102650874225, 0.5931866892272983, 0.691562323745065], "class": 1}