{"image": "d4e83465-2f03-11ee-be26-d8bbc1768911.jpg", "bboxes": [0.3512577552171461, 0.308437676254935, 0.7438127467569092, 0.7833389734912577], "class": 1}