{"image": "d4e83465-2f03-11ee-be26-d8bbc1768911.jpg", "bboxes": [0.3334799774393683, 0.18110547095318671, 0.7260349689791314, 0.6560067681895094], "class": 1}