{"image": "d4e83465-2f03-11ee-be26-d8bbc1768911.jpg", "bboxes": [0.4917428087986463, 0.18999435984207558, 0.8842978003384094, 0.6648956570783983], "class": 1}