{"image": "d4e83465-2f03-11ee-be26-d8bbc1768911.jpg", "bboxes": [0.2312577552171461, 0.2951043429216017, 0.6238127467569092, 0.7700056401579244], "class": 1}