{"image": "d4e83465-2f03-11ee-be26-d8bbc1768911.jpg", "bboxes": [0.36681331077270163, 0.2011054709531867, 0.7593683023124648, 0.6760067681895093], "class": 1}