{"image": "d4e83465-2f03-11ee-be26-d8bbc1768911.jpg", "bboxes": [0.2206316976875352, 0.20777213761985336, 0.6131866892272984, 0.682673434856176], "class": 1}