{"image": "d4e83465-2f03-11ee-be26-d8bbc1768911.jpg", "bboxes": [0.3979244218838128, 0.23221658206429782, 0.7904794134235759, 0.7071178793006205], "class": 1}