{"image": "d4e83465-2f03-11ee-be26-d8bbc1768911.jpg", "bboxes": [0.24681331077270166, 0.21666102650874225, 0.6393683023124648, 0.691562323745065], "class": 1}