{"image": "d4e83465-2f03-11ee-be26-d8bbc1768911.jpg", "bboxes": [0.5268133107727017, 0.34843767625493505, 0.9193683023124648, 0.8233389734912577], "class": 1}