{"image": "d4e83465-2f03-11ee-be26-d8bbc1768911.jpg", "bboxes": [0.09174280879864627, 0.21888324873096449, 0.4842978003384094, 0.6937845459672871], "class": 1}