{"image": "d4e83465-2f03-11ee-be26-d8bbc1768911.jpg", "bboxes": [0.5245910885504794, 0.1699943598420756, 0.9171460800902426, 0.6448956570783982], "class": 1}