{"image": "d4e83465-2f03-11ee-be26-d8bbc1768911.jpg", "bboxes": [0.2517428087986463, 0.31732656514382396, 0.6442978003384094, 0.7922278623801466], "class": 1}