{"image": "d4e83465-2f03-11ee-be26-d8bbc1768911.jpg", "bboxes": [0.4406316976875352, 0.3017710095882684, 0.8331866892272983, 0.7766723068245911], "class": 1}