{"image": "d4e83465-2f03-11ee-be26-d8bbc1768911.jpg", "bboxes": [0.13396503102086854, 0.3462154540327128, 0.5265200225606317, 0.8211167512690355], "class": 1}