{"image": "d4e83465-2f03-11ee-be26-d8bbc1768911.jpg", "bboxes": [0.13792442188381276, 0.31065989847715725, 0.530479413423576, 0.7855611957134799], "class": 1}