{"image": "d4e83465-2f03-11ee-be26-d8bbc1768911.jpg", "bboxes": [0.11792442188381276, 0.29065989847715734, 0.510479413423576, 0.76556119571348], "class": 1}