{"image": "d4e83465-2f03-11ee-be26-d8bbc1768911.jpg", "bboxes": [0.45792442188381277, 0.35510434292160176, 0.8504794134235759, 0.8300056401579244], "class": 1}