{"image": "d4e83465-2f03-11ee-be26-d8bbc1768911.jpg", "bboxes": [0.19570219966159053, 0.31732656514382396, 0.5882571912013537, 0.7922278623801466], "class": 1}