{"image": "d4e83465-2f03-11ee-be26-d8bbc1768911.jpg", "bboxes": [0.27396503102086855, 0.3462154540327128, 0.6665200225606317, 0.8211167512690355], "class": 1}