{"image": "d4e83465-2f03-11ee-be26-d8bbc1768911.jpg", "bboxes": [0.22285391990975745, 0.2211054709531867, 0.6154089114495206, 0.6960067681895094], "class": 1}