{"image": "d4e83465-2f03-11ee-be26-d8bbc1768911.jpg", "bboxes": [0.20681331077270165, 0.30399323181049065, 0.5993683023124649, 0.7788945290468133], "class": 1}