{"image": "d4e83465-2f03-11ee-be26-d8bbc1768911.jpg", "bboxes": [0.13792442188381276, 0.3328821206993795, 0.530479413423576, 0.8077834179357022], "class": 1}