{"image": "d4e83465-2f03-11ee-be26-d8bbc1768911.jpg", "bboxes": [0.46903553299492384, 0.337326565143824, 0.861590524534687, 0.8122278623801467], "class": 1}