{"image": "d4e83465-2f03-11ee-be26-d8bbc1768911.jpg", "bboxes": [0.19125775521714608, 0.29065989847715734, 0.5838127467569092, 0.76556119571348], "class": 1}