{"image": "d4e83465-2f03-11ee-be26-d8bbc1768911.jpg", "bboxes": [0.40681331077270166, 0.32177100958826843, 0.7993683023124648, 0.7966723068245911], "class": 1}