{"image": "d4e83465-2f03-11ee-be26-d8bbc1768911.jpg", "bboxes": [0.11792442188381276, 0.3017710095882684, 0.510479413423576, 0.7766723068245911], "class": 1}