{"image": "d4e83465-2f03-11ee-be26-d8bbc1768911.jpg", "bboxes": [0.24063169768753523, 0.3262154540327128, 0.6331866892272984, 0.8011167512690356], "class": 1}