{"image": "d4e83465-2f03-11ee-be26-d8bbc1768911.jpg", "bboxes": [0.440146644106035, 0.29288212069937947, 0.8327016356457981, 0.7677834179357022], "class": 1}