{"image": "d4e83465-2f03-11ee-be26-d8bbc1768911.jpg", "bboxes": [0.3023688663282572, 0.29065989847715734, 0.6949238578680204, 0.76556119571348], "class": 1}