{"image": "d4e83465-2f03-11ee-be26-d8bbc1768911.jpg", "bboxes": [0.4095205865764241, 0.29065989847715734, 0.8020755781161872, 0.76556119571348], "class": 1}