{"image": "d4e83465-2f03-11ee-be26-d8bbc1768911.jpg", "bboxes": [0.21570219966159054, 0.3462154540327128, 0.6082571912013537, 0.8211167512690355], "class": 1}