{"image": "d4e83465-2f03-11ee-be26-d8bbc1768911.jpg", "bboxes": [0.2312577552171461, 0.1699943598420756, 0.6238127467569092, 0.6448956570783982], "class": 1}