{"image": "d4e83465-2f03-11ee-be26-d8bbc1768911.jpg", "bboxes": [0.40014664410603495, 0.3528821206993795, 0.7927016356457981, 0.8277834179357022], "class": 1}