{"image": "d4e83465-2f03-11ee-be26-d8bbc1768911.jpg", "bboxes": [0.3895205865764241, 0.32177100958826843, 0.7820755781161872, 0.7966723068245911], "class": 1}