{"image": "d4e83465-2f03-11ee-be26-d8bbc1768911.jpg", "bboxes": [0.2134799774393683, 0.22777213761985338, 0.6060349689791314, 0.7026734348561761], "class": 1}