{"image": "d4e83465-2f03-11ee-be26-d8bbc1768911.jpg", "bboxes": [0.40903553299492384, 0.2122165820642978, 0.801590524534687, 0.6871178793006205], "class": 1}