{"image": "d4e83465-2f03-11ee-be26-d8bbc1768911.jpg", "bboxes": [0.1534799774393683, 0.30399323181049065, 0.5460349689791315, 0.7788945290468133], "class": 1}