{"image": "d4e83465-2f03-11ee-be26-d8bbc1768911.jpg", "bboxes": [0.3023688663282572, 0.22554991539763114, 0.6949238578680204, 0.7004512126339538], "class": 1}