{"image": "d4e83465-2f03-11ee-be26-d8bbc1768911.jpg", "bboxes": [0.3223688663282572, 0.17666102650874227, 0.7149238578680204, 0.651562323745065], "class": 1}