{"image": "d4e83465-2f03-11ee-be26-d8bbc1768911.jpg", "bboxes": [0.44952058657642413, 0.29288212069937947, 0.8420755781161873, 0.7677834179357022], "class": 1}