{"image": "d4e83465-2f03-11ee-be26-d8bbc1768911.jpg", "bboxes": [0.278409475465313, 0.32399323181049067, 0.6709644670050761, 0.7988945290468132], "class": 1}