{"image": "d4e83465-2f03-11ee-be26-d8bbc1768911.jpg", "bboxes": [0.31347997743936834, 0.32399323181049067, 0.7060349689791314, 0.7988945290468132], "class": 1}