{"image": "d4e83465-2f03-11ee-be26-d8bbc1768911.jpg", "bboxes": [0.3139650310208686, 0.3528821206993795, 0.7065200225606316, 0.8277834179357022], "class": 1}