{"image": "d4e83465-2f03-11ee-be26-d8bbc1768911.jpg", "bboxes": [0.4223688663282572, 0.33510434292160174, 0.8149238578680204, 0.8100056401579244], "class": 1}