{"image": "d4e83465-2f03-11ee-be26-d8bbc1768911.jpg", "bboxes": [0.3757021996615905, 0.29288212069937947, 0.7682571912013537, 0.7677834179357022], "class": 1}