{"image": "d4e83465-2f03-11ee-be26-d8bbc1768911.jpg", "bboxes": [0.12459108855047943, 0.18777213761985337, 0.5171460800902425, 0.662673434856176], "class": 1}