{"image": "d4e83465-2f03-11ee-be26-d8bbc1768911.jpg", "bboxes": [0.0806316976875352, 0.35510434292160176, 0.47318668922729834, 0.8300056401579244], "class": 1}