{"image": "d4e83465-2f03-11ee-be26-d8bbc1768911.jpg", "bboxes": [0.31792442188381276, 0.21888324873096449, 0.7104794134235759, 0.6937845459672871], "class": 1}