{"image": "d4e83465-2f03-11ee-be26-d8bbc1768911.jpg", "bboxes": [0.09618725324309074, 0.3439932318104906, 0.4887422447828539, 0.8188945290468133], "class": 1}