{"image": "d4e83465-2f03-11ee-be26-d8bbc1768911.jpg", "bboxes": [0.30903553299492387, 0.22554991539763114, 0.7015905245346871, 0.7004512126339538], "class": 1}