{"image": "d4e83465-2f03-11ee-be26-d8bbc1768911.jpg", "bboxes": [0.20285391990975743, 0.18777213761985337, 0.5954089114495206, 0.662673434856176], "class": 1}