{"image": "d53951c6-2f03-11ee-b14d-d8bbc1768911.jpg", "bboxes": [0.44094754653130297, 0.23979695431472087, 0.9699943598420756, 0.6436322617033278], "class": 1}