{"image": "d53951c6-2f03-11ee-b14d-d8bbc1768911.jpg", "bboxes": [0.12111675126903548, 0.3230344049633389, 0.6501635645798082, 0.7268697123519459], "class": 1}