{"image": "d53951c6-2f03-11ee-b14d-d8bbc1768911.jpg", "bboxes": [0.12111675126903548, 0.25757473209249865, 0.6501635645798082, 0.6614100394811055], "class": 1}