{"image": "d53951c6-2f03-11ee-b14d-d8bbc1768911.jpg", "bboxes": [0.08556119571347993, 0.26201917653694307, 0.6146080090242526, 0.6658544839255499], "class": 1}