{"image": "d53951c6-2f03-11ee-b14d-d8bbc1768911.jpg", "bboxes": [0.4631697687535251, 0.3608121827411167, 0.9922165820642979, 0.7646474901297236], "class": 1}