{"image": "d53951c6-2f03-11ee-b14d-d8bbc1768911.jpg", "bboxes": [0.2898364354201918, 0.3097010716300056, 0.8188832487309645, 0.7135363790186124], "class": 1}