{"image": "d53951c6-2f03-11ee-b14d-d8bbc1768911.jpg", "bboxes": [0.0, 0.30081218274111676, 0.5123857868020304, 0.7046474901297236], "class": 1}