{"image": "d53951c6-2f03-11ee-b14d-d8bbc1768911.jpg", "bboxes": [0.16778341793570214, 0.3363677382966722, 0.6968302312464748, 0.7402030456852792], "class": 1}