{"image": "d53951c6-2f03-11ee-b14d-d8bbc1768911.jpg", "bboxes": [0.4253919909757474, 0.24646362098138752, 0.9544388042865201, 0.6502989283699944], "class": 1}