{"image": "d53951c6-2f03-11ee-b14d-d8bbc1768911.jpg", "bboxes": [0.6476142131979696, 0.2642413987591653, 1.0, 0.6680767061477721], "class": 1}