{"image": "d53951c6-2f03-11ee-b14d-d8bbc1768911.jpg", "bboxes": [0.10778341793570216, 0.2820191765369431, 0.6368302312464749, 0.6858544839255499], "class": 1}