{"image": "d53951c6-2f03-11ee-b14d-d8bbc1768911.jpg", "bboxes": [0.0, 0.27090806542583196, 0.4012746756909193, 0.6747433728144389], "class": 1}