{"image": "d53951c6-2f03-11ee-b14d-d8bbc1768911.jpg", "bboxes": [0.5431697687535251, 0.3274788494077834, 1.0, 0.7313141567963903], "class": 1}