{"image": "d53951c6-2f03-11ee-b14d-d8bbc1768911.jpg", "bboxes": [0.0, 0.2931302876480542, 0.36794134235758597, 0.6969655950366611], "class": 1}