{"image": "d53951c6-2f03-11ee-b14d-d8bbc1768911.jpg", "bboxes": [0.06556119571347993, 0.23757473209249863, 0.5946080090242526, 0.6414100394811055], "class": 1}