{"image": "d53951c6-2f03-11ee-b14d-d8bbc1768911.jpg", "bboxes": [0.5209475465313029, 0.2731302876480542, 1.0, 0.6769655950366611], "class": 1}