{"image": "d53951c6-2f03-11ee-b14d-d8bbc1768911.jpg", "bboxes": [0.532058657642414, 0.25979695431472083, 1.0, 0.6636322617033278], "class": 1}