{"image": "d53951c6-2f03-11ee-b14d-d8bbc1768911.jpg", "bboxes": [0.0, 0.34970107163000563, 0.33905245346869706, 0.7535363790186125], "class": 1}