{"image": "d53951c6-2f03-11ee-b14d-d8bbc1768911.jpg", "bboxes": [0.3342808798646363, 0.24201917653694308, 0.8633276931754089, 0.64585448392555], "class": 1}