{"image": "d53951c6-2f03-11ee-b14d-d8bbc1768911.jpg", "bboxes": [0.40761421319796964, 0.3030344049633389, 0.9366610265087423, 0.7068697123519458], "class": 1}