{"image": "d53951c6-2f03-11ee-b14d-d8bbc1768911.jpg", "bboxes": [0.2100056401579244, 0.3052566271855611, 0.7390524534686971, 0.709091934574168], "class": 1}