{"image": "d53951c6-2f03-11ee-b14d-d8bbc1768911.jpg", "bboxes": [0.5542808798646363, 0.2931302876480542, 1.0, 0.6969655950366611], "class": 1}