{"image": "d53951c6-2f03-11ee-b14d-d8bbc1768911.jpg", "bboxes": [0.18778341793570216, 0.26646362098138754, 0.7168302312464748, 0.6702989283699944], "class": 1}