{"image": "d53951c6-2f03-11ee-b14d-d8bbc1768911.jpg", "bboxes": [0.3720586576424141, 0.35414551607445, 0.9011054709531867, 0.757980823463057], "class": 1}