{"image": "d53951c6-2f03-11ee-b14d-d8bbc1768911.jpg", "bboxes": [0.2211167512690355, 0.25979695431472083, 0.7501635645798082, 0.6636322617033278], "class": 1}