{"image": "d53951c6-2f03-11ee-b14d-d8bbc1768911.jpg", "bboxes": [0.2965031020868585, 0.3274788494077834, 0.8255499153976311, 0.7313141567963903], "class": 1}