{"image": "d53951c6-2f03-11ee-b14d-d8bbc1768911.jpg", "bboxes": [0.047783417935702156, 0.27979695431472085, 0.5768302312464748, 0.6836322617033277], "class": 1}