{"image": "d53951c6-2f03-11ee-b14d-d8bbc1768911.jpg", "bboxes": [0.15445008460236884, 0.33192329385222785, 0.6834968979131415, 0.7357586012408347], "class": 1}