{"image": "d53951c6-2f03-11ee-b14d-d8bbc1768911.jpg", "bboxes": [0.22778341793570214, 0.35636773829667223, 0.7568302312464749, 0.7602030456852791], "class": 1}