{"image": "d53951c6-2f03-11ee-b14d-d8bbc1768911.jpg", "bboxes": [0.2542808798646362, 0.24868584320360973, 0.783327693175409, 0.6525211505922166], "class": 1}