{"image": "d53951c6-2f03-11ee-b14d-d8bbc1768911.jpg", "bboxes": [0.4187253243090807, 0.23313028764805419, 0.9477721376198533, 0.6369655950366611], "class": 1}