{"image": "d53951c6-2f03-11ee-b14d-d8bbc1768911.jpg", "bboxes": [0.05667230682459105, 0.23979695431472087, 0.5857191201353638, 0.6436322617033278], "class": 1}