{"image": "d53951c6-2f03-11ee-b14d-d8bbc1768911.jpg", "bboxes": [0.540947546531303, 0.35192329385222787, 1.0, 0.7557586012408347], "class": 1}