{"image": "d53951c6-2f03-11ee-b14d-d8bbc1768911.jpg", "bboxes": [0.05000564015792438, 0.290908065425832, 0.579052453468697, 0.6947433728144389], "class": 1}