{"image": "d53951c6-2f03-11ee-b14d-d8bbc1768911.jpg", "bboxes": [0.0, 0.2553525098702764, 0.4257191201353637, 0.6591878172588833], "class": 1}