{"image": "d53951c6-2f03-11ee-b14d-d8bbc1768911.jpg", "bboxes": [0.37650310208685844, 0.2864636209813875, 0.9055499153976312, 0.6902989283699944], "class": 1}