{"image": "d53951c6-2f03-11ee-b14d-d8bbc1768911.jpg", "bboxes": [0.0, 0.23313028764805419, 0.46794134235758594, 0.6369655950366611], "class": 1}