{"image": "d53951c6-2f03-11ee-b14d-d8bbc1768911.jpg", "bboxes": [0.0, 0.2842413987591653, 0.4857191201353637, 0.6880767061477722], "class": 1}