{"image": "d53951c6-2f03-11ee-b14d-d8bbc1768911.jpg", "bboxes": [0.3609475465313029, 0.35858996051889447, 0.8899943598420756, 0.7624252679075014], "class": 1}