{"image": "d53951c6-2f03-11ee-b14d-d8bbc1768911.jpg", "bboxes": [0.04111675126903549, 0.3163677382966723, 0.5701635645798082, 0.7202030456852792], "class": 1}