{"image": "d53951c6-2f03-11ee-b14d-d8bbc1768911.jpg", "bboxes": [0.16556119571347994, 0.31192329385222783, 0.6946080090242526, 0.7157586012408347], "class": 1}