{"image": "d53951c6-2f03-11ee-b14d-d8bbc1768911.jpg", "bboxes": [0.44761421319796957, 0.2686858432036097, 0.9766610265087423, 0.6725211505922166], "class": 1}