{"image": "d53951c6-2f03-11ee-b14d-d8bbc1768911.jpg", "bboxes": [0.0, 0.2686858432036097, 0.44127467569091927, 0.6725211505922166], "class": 1}