{"image": "d53951c6-2f03-11ee-b14d-d8bbc1768911.jpg", "bboxes": [0.02111675126903549, 0.31414551607445007, 0.5501635645798082, 0.7179808234630569], "class": 1}