{"image": "d53951c6-2f03-11ee-b14d-d8bbc1768911.jpg", "bboxes": [0.0, 0.28868584320360974, 0.39016356457980816, 0.6925211505922166], "class": 1}