{"image": "d53951c6-2f03-11ee-b14d-d8bbc1768911.jpg", "bboxes": [0.3342808798646363, 0.34525662718556116, 0.8633276931754089, 0.749091934574168], "class": 1}