{"image": "d53951c6-2f03-11ee-b14d-d8bbc1768911.jpg", "bboxes": [0.0522278623801466, 0.27535250987027643, 0.5812746756909193, 0.6791878172588833], "class": 1}