{"image": "d53951c6-2f03-11ee-b14d-d8bbc1768911.jpg", "bboxes": [0.6142808798646362, 0.2820191765369431, 1.0, 0.6858544839255499], "class": 1}