{"image": "d53951c6-2f03-11ee-b14d-d8bbc1768911.jpg", "bboxes": [0.5698364354201918, 0.33192329385222785, 1.0, 0.7357586012408347], "class": 1}