{"image": "d53951c6-2f03-11ee-b14d-d8bbc1768911.jpg", "bboxes": [0.0, 0.3408121827411167, 0.3790524534686971, 0.7446474901297235], "class": 1}