{"image": "d53951c6-2f03-11ee-b14d-d8bbc1768911.jpg", "bboxes": [0.6031697687535251, 0.3408121827411167, 1.0, 0.7446474901297235], "class": 1}