{"image": "d53951c6-2f03-11ee-b14d-d8bbc1768911.jpg", "bboxes": [0.5031697687535251, 0.26646362098138754, 1.0, 0.6702989283699944], "class": 1}