{"image": "d5895185-2f03-11ee-a9aa-d8bbc1768911.jpg", "bboxes": [0.436322617033277, 0.17874788494077834, 0.8762549351381839, 0.6750817822899042], "class": 1}