{"image": "d5895185-2f03-11ee-a9aa-d8bbc1768911.jpg", "bboxes": [0.3074337281443881, 0.2031923293852228, 0.747366046249295, 0.6995262267343486], "class": 1}