{"image": "d5895185-2f03-11ee-a9aa-d8bbc1768911.jpg", "bboxes": [0.6896559503666103, 0.327140439932318, 1.0, 0.8234743372814439], "class": 1}