{"image": "d5895185-2f03-11ee-a9aa-d8bbc1768911.jpg", "bboxes": [0.45187817258883256, 0.16985899605188945, 0.8918104906937394, 0.6661928934010153], "class": 1}