{"image": "d5895185-2f03-11ee-a9aa-d8bbc1768911.jpg", "bboxes": [0.13930062041737168, 0.29825155104342915, 0.5792329385222785, 0.794585448392555], "class": 1}