{"image": "d5895185-2f03-11ee-a9aa-d8bbc1768911.jpg", "bboxes": [0.0, 0.205414551607445, 0.3614551607445008, 0.7017484489565708], "class": 1}