{"image": "d5895185-2f03-11ee-a9aa-d8bbc1768911.jpg", "bboxes": [0.5474337281443882, 0.21874788494077835, 0.987366046249295, 0.7150817822899043], "class": 1}