{"image": "d5895185-2f03-11ee-a9aa-d8bbc1768911.jpg", "bboxes": [0.0, 0.28491821771009573, 0.35478849407783414, 0.7812521150592217], "class": 1}