{"image": "d5895185-2f03-11ee-a9aa-d8bbc1768911.jpg", "bboxes": [0.0, 0.3026959954878735, 0.2925662718556119, 0.7990298928369994], "class": 1}