{"image": "d5895185-2f03-11ee-a9aa-d8bbc1768911.jpg", "bboxes": [0.0, 0.2231923293852228, 0.30367738296672303, 0.7195262267343486], "class": 1}