{"image": "d5895185-2f03-11ee-a9aa-d8bbc1768911.jpg", "bboxes": [0.6518781725888325, 0.2031923293852228, 1.0, 0.6995262267343486], "class": 1}