{"image": "d5895185-2f03-11ee-a9aa-d8bbc1768911.jpg", "bboxes": [0.5629892836999437, 0.22541455160744503, 1.0, 0.7217484489565709], "class": 1}