{"image": "d5895185-2f03-11ee-a9aa-d8bbc1768911.jpg", "bboxes": [0.5541003948110548, 0.20097010716300057, 0.9940327129159616, 0.6973040045121265], "class": 1}