{"image": "d5895185-2f03-11ee-a9aa-d8bbc1768911.jpg", "bboxes": [0.21707839819514946, 0.18985899605188947, 0.6570107163000564, 0.6861928934010153], "class": 1}