{"image": "d5895185-2f03-11ee-a9aa-d8bbc1768911.jpg", "bboxes": [0.0904117315284828, 0.31602932882120693, 0.5303440496333897, 0.8123632261703327], "class": 1}