{"image": "d5895185-2f03-11ee-a9aa-d8bbc1768911.jpg", "bboxes": [0.6429892836999436, 0.21652566271855614, 1.0, 0.712859560067682], "class": 1}