{"image": "d5895185-2f03-11ee-a9aa-d8bbc1768911.jpg", "bboxes": [0.24596728708403834, 0.17874788494077834, 0.6858996051889452, 0.6750817822899042], "class": 1}