{"image": "d5895185-2f03-11ee-a9aa-d8bbc1768911.jpg", "bboxes": [0.19930062041737168, 0.3315848843767625, 0.6392329385222786, 0.8279187817258883], "class": 1}