{"image": "d5895185-2f03-11ee-a9aa-d8bbc1768911.jpg", "bboxes": [0.15707839819514946, 0.307140439932318, 0.5970107163000563, 0.8034743372814439], "class": 1}