{"image": "d5895185-2f03-11ee-a9aa-d8bbc1768911.jpg", "bboxes": [0.09485617597292724, 0.2120812182741117, 0.5347884940778341, 0.7084151156232376], "class": 1}