{"image": "d5895185-2f03-11ee-a9aa-d8bbc1768911.jpg", "bboxes": [0.4407670614777214, 0.3026959954878735, 0.8806993795826283, 0.7990298928369994], "class": 1}