{"image": "d5895185-2f03-11ee-a9aa-d8bbc1768911.jpg", "bboxes": [0.005967287084038352, 0.165414551607445, 0.4458996051889452, 0.6617484489565709], "class": 1}