{"image": "d5895185-2f03-11ee-a9aa-d8bbc1768911.jpg", "bboxes": [0.22596728708403835, 0.29825155104342915, 0.6658996051889452, 0.794585448392555], "class": 1}