{"image": "d5895185-2f03-11ee-a9aa-d8bbc1768911.jpg", "bboxes": [0.32521150592216586, 0.2760293288212069, 0.7651438240270727, 0.7723632261703328], "class": 1}