{"image": "d5895185-2f03-11ee-a9aa-d8bbc1768911.jpg", "bboxes": [0.32521150592216586, 0.19652566271855612, 0.7651438240270727, 0.692859560067682], "class": 1}