{"image": "d5895185-2f03-11ee-a9aa-d8bbc1768911.jpg", "bboxes": [0.5341003948110548, 0.18541455160744502, 0.9740327129159616, 0.6817484489565708], "class": 1}