{"image": "d5895185-2f03-11ee-a9aa-d8bbc1768911.jpg", "bboxes": [0.6785448392554991, 0.28047377326565137, 1.0, 0.7768076706147772], "class": 1}