{"image": "d5895185-2f03-11ee-a9aa-d8bbc1768911.jpg", "bboxes": [0.5429892836999437, 0.1943034404963339, 0.9829216018048506, 0.6906373378454598], "class": 1}