{"image": "d5895185-2f03-11ee-a9aa-d8bbc1768911.jpg", "bboxes": [0.43854483925549925, 0.18097010716300058, 0.8784771573604061, 0.6773040045121265], "class": 1}