{"image": "d5895185-2f03-11ee-a9aa-d8bbc1768911.jpg", "bboxes": [0.4874337281443881, 0.32491821771009577, 0.927366046249295, 0.8212521150592217], "class": 1}