{"image": "d5895185-2f03-11ee-a9aa-d8bbc1768911.jpg", "bboxes": [0.32521150592216586, 0.33602932882120684, 0.7651438240270727, 0.8323632261703328], "class": 1}