{"image": "d5895185-2f03-11ee-a9aa-d8bbc1768911.jpg", "bboxes": [0.0, 0.27825155104342914, 0.36589960518894526, 0.7745854483925549], "class": 1}