{"image": "d5895185-2f03-11ee-a9aa-d8bbc1768911.jpg", "bboxes": [0.5807670614777214, 0.1631923293852228, 1.0, 0.6595262267343487], "class": 1}