{"image": "d5895185-2f03-11ee-a9aa-d8bbc1768911.jpg", "bboxes": [0.4429892836999436, 0.20985899605188946, 0.8829216018048506, 0.7061928934010153], "class": 1}