{"image": "d5895185-2f03-11ee-a9aa-d8bbc1768911.jpg", "bboxes": [0.0, 0.31158488437676246, 0.4325662718556119, 0.8079187817258884], "class": 1}