{"image": "d5895185-2f03-11ee-a9aa-d8bbc1768911.jpg", "bboxes": [0.20596728708403836, 0.1943034404963339, 0.6458996051889453, 0.6906373378454598], "class": 1}