{"image": "d5895185-2f03-11ee-a9aa-d8bbc1768911.jpg", "bboxes": [0.7029892836999436, 0.16763677382966724, 1.0, 0.6639706711787932], "class": 1}