{"image": "d5895185-2f03-11ee-a9aa-d8bbc1768911.jpg", "bboxes": [0.6896559503666103, 0.17208121827411169, 1.0, 0.6684151156232375], "class": 1}