{"image": "d5895185-2f03-11ee-a9aa-d8bbc1768911.jpg", "bboxes": [0.0, 0.2120812182741117, 0.36812182741116745, 0.7084151156232376], "class": 1}