{"image": "d5895185-2f03-11ee-a9aa-d8bbc1768911.jpg", "bboxes": [0.1615228426395939, 0.1743034404963339, 0.6014551607445008, 0.6706373378454598], "class": 1}