{"image": "d5895185-2f03-11ee-a9aa-d8bbc1768911.jpg", "bboxes": [0.44521150592216585, 0.28047377326565137, 0.8851438240270728, 0.7768076706147772], "class": 1}