{"image": "d5895185-2f03-11ee-a9aa-d8bbc1768911.jpg", "bboxes": [0.0, 0.2893626621545402, 0.3347884940778341, 0.7856965595036661], "class": 1}