{"image": "d5895185-2f03-11ee-a9aa-d8bbc1768911.jpg", "bboxes": [0.5874337281443881, 0.28714043993231797, 1.0, 0.7834743372814439], "class": 1}