{"image": "d5895185-2f03-11ee-a9aa-d8bbc1768911.jpg", "bboxes": [0.0, 0.2143034404963339, 0.3125662718556119, 0.7106373378454598], "class": 1}