{"image": "d5895185-2f03-11ee-a9aa-d8bbc1768911.jpg", "bboxes": [0.7229892836999436, 0.29158488437676244, 1.0, 0.7879187817258884], "class": 1}