{"image": "d5895185-2f03-11ee-a9aa-d8bbc1768911.jpg", "bboxes": [0.20818950930626057, 0.2031923293852228, 0.6481218274111674, 0.6995262267343486], "class": 1}