{"image": "d5895185-2f03-11ee-a9aa-d8bbc1768911.jpg", "bboxes": [0.5274337281443882, 0.3338071065989847, 0.967366046249295, 0.8301410039481105], "class": 1}