{"image": "d5895185-2f03-11ee-a9aa-d8bbc1768911.jpg", "bboxes": [0.21485617597292725, 0.20763677382966725, 0.6547884940778341, 0.7039706711787931], "class": 1}