{"image": "d5895185-2f03-11ee-a9aa-d8bbc1768911.jpg", "bboxes": [0.07485617597292724, 0.3004737732656514, 0.5147884940778341, 0.7968076706147772], "class": 1}