{"image": "d5895185-2f03-11ee-a9aa-d8bbc1768911.jpg", "bboxes": [0.3585448392554992, 0.31825155104342917, 0.7984771573604061, 0.814585448392555], "class": 1}