{"image": "d5895185-2f03-11ee-a9aa-d8bbc1768911.jpg", "bboxes": [0.31187817258883255, 0.19652566271855612, 0.7518104906937394, 0.692859560067682], "class": 1}