{"image": "d5dbe7b7-2f03-11ee-b8e4-d8bbc1768911.jpg", "bboxes": [0.49800338409475464, 0.22851663846587705, 0.9965933446136491, 0.6707050197405529], "class": 1}