{"image": "d5dbe7b7-2f03-11ee-b8e4-d8bbc1768911.jpg", "bboxes": [0.0, 0.29151720248166946, 0.44866328257191196, 0.7337055837563451], "class": 1}