{"image": "d5dbe7b7-2f03-11ee-b8e4-d8bbc1768911.jpg", "bboxes": [0.0, 0.21962774957698816, 0.49532994923857865, 0.6618161308516639], "class": 1}