{"image": "d5dbe7b7-2f03-11ee-b8e4-d8bbc1768911.jpg", "bboxes": [0.0, 0.287072758037225, 0.42644106034968976, 0.7292611393119007], "class": 1}