{"image": "d5dbe7b7-2f03-11ee-b8e4-d8bbc1768911.jpg", "bboxes": [0.3380033840947547, 0.28407219402143263, 0.8365933446136492, 0.7262605752961083], "class": 1}