{"image": "d5dbe7b7-2f03-11ee-b8e4-d8bbc1768911.jpg", "bboxes": [0.4557811618725325, 0.3315172024816694, 0.954371122391427, 0.7737055837563451], "class": 1}