{"image": "d5dbe7b7-2f03-11ee-b8e4-d8bbc1768911.jpg", "bboxes": [0.5246700507614214, 0.28485053581500275, 1.0, 0.7270389170896785], "class": 1}