{"image": "d5dbe7b7-2f03-11ee-b8e4-d8bbc1768911.jpg", "bboxes": [0.0, 0.2218499717992104, 0.3731077270163564, 0.6640383530738861], "class": 1}