{"image": "d5dbe7b7-2f03-11ee-b8e4-d8bbc1768911.jpg", "bboxes": [0.005628877608573046, 0.27151720248166944, 0.5042188381274675, 0.7137055837563452], "class": 1}