{"image": "d5dbe7b7-2f03-11ee-b8e4-d8bbc1768911.jpg", "bboxes": [0.05673998871968416, 0.2529610829103215, 0.5553299492385786, 0.6951494641849972], "class": 1}