{"image": "d5dbe7b7-2f03-11ee-b8e4-d8bbc1768911.jpg", "bboxes": [0.6157811618725324, 0.3204060913705583, 1.0, 0.7625944726452341], "class": 1}