{"image": "d5dbe7b7-2f03-11ee-b8e4-d8bbc1768911.jpg", "bboxes": [0.5113367174280881, 0.2959616469261138, 1.0, 0.7381500282007896], "class": 1}