{"image": "d5dbe7b7-2f03-11ee-b8e4-d8bbc1768911.jpg", "bboxes": [0.6780033840947547, 0.2737394247038917, 1.0, 0.7159278059785674], "class": 1}