{"image": "d5dbe7b7-2f03-11ee-b8e4-d8bbc1768911.jpg", "bboxes": [0.0611844331641286, 0.2240721940214326, 0.5597743936830231, 0.6662605752961084], "class": 1}