{"image": "d5dbe7b7-2f03-11ee-b8e4-d8bbc1768911.jpg", "bboxes": [0.5846700507614213, 0.22851663846587705, 1.0, 0.6707050197405529], "class": 1}