{"image": "d5dbe7b7-2f03-11ee-b8e4-d8bbc1768911.jpg", "bboxes": [0.6402256063169769, 0.32929498025944715, 1.0, 0.771483361534123], "class": 1}