{"image": "d5dbe7b7-2f03-11ee-b8e4-d8bbc1768911.jpg", "bboxes": [0.13673998871968415, 0.28485053581500275, 0.6353299492385787, 0.7270389170896785], "class": 1}