{"image": "d5dbe7b7-2f03-11ee-b8e4-d8bbc1768911.jpg", "bboxes": [0.11229554427523972, 0.3381838691483361, 0.6108855047941342, 0.7803722504230118], "class": 1}