{"image": "d5dbe7b7-2f03-11ee-b8e4-d8bbc1768911.jpg", "bboxes": [0.6380033840947548, 0.23962774957698818, 1.0, 0.6818161308516639], "class": 1}