{"image": "d5dbe7b7-2f03-11ee-b8e4-d8bbc1768911.jpg", "bboxes": [0.15229554427523972, 0.2759616469261138, 0.6508855047941342, 0.7181500282007895], "class": 1}