{"image": "d5dbe7b7-2f03-11ee-b8e4-d8bbc1768911.jpg", "bboxes": [0.5957811618725325, 0.25740552735476596, 1.0, 0.6995939086294417], "class": 1}