{"image": "d5dbe7b7-2f03-11ee-b8e4-d8bbc1768911.jpg", "bboxes": [0.6446700507614214, 0.2329610829103215, 1.0, 0.6751494641849972], "class": 1}