{"image": "d5dbe7b7-2f03-11ee-b8e4-d8bbc1768911.jpg", "bboxes": [0.6691144952058659, 0.2759616469261138, 1.0, 0.7181500282007895], "class": 1}