{"image": "d5dbe7b7-2f03-11ee-b8e4-d8bbc1768911.jpg", "bboxes": [0.14785109983079528, 0.3270727580372249, 0.6464410603496897, 0.7692611393119007], "class": 1}