{"image": "d5dbe7b7-2f03-11ee-b8e4-d8bbc1768911.jpg", "bboxes": [0.6180033840947547, 0.3137394247038916, 1.0, 0.7559278059785673], "class": 1}