{"image": "d5dbe7b7-2f03-11ee-b8e4-d8bbc1768911.jpg", "bboxes": [0.0, 0.27818386914833604, 0.45755217146080085, 0.7203722504230119], "class": 1}