{"image": "d5dbe7b7-2f03-11ee-b8e4-d8bbc1768911.jpg", "bboxes": [0.4580033840947547, 0.2937394247038916, 0.9565933446136492, 0.7359278059785674], "class": 1}