{"image": "d5dbe7b7-2f03-11ee-b8e4-d8bbc1768911.jpg", "bboxes": [0.1500733220530175, 0.32262831359278055, 0.648663282571912, 0.7648166948674563], "class": 1}