{"image": "d5dbe7b7-2f03-11ee-b8e4-d8bbc1768911.jpg", "bboxes": [0.48467005076142133, 0.24851663846587707, 0.9832600112803158, 0.6907050197405529], "class": 1}