{"image": "d5dbe7b7-2f03-11ee-b8e4-d8bbc1768911.jpg", "bboxes": [0.21896221094190638, 0.2307388606880993, 0.7175521714608009, 0.6729272419627751], "class": 1}