{"image": "d5dbe7b7-2f03-11ee-b8e4-d8bbc1768911.jpg", "bboxes": [0.44911449520586577, 0.2218499717992104, 0.9477044557247603, 0.6640383530738861], "class": 1}