{"image": "d5dbe7b7-2f03-11ee-b8e4-d8bbc1768911.jpg", "bboxes": [0.0, 0.30262831359278053, 0.3619966159052453, 0.7448166948674563], "class": 1}