{"image": "d5dbe7b7-2f03-11ee-b8e4-d8bbc1768911.jpg", "bboxes": [0.6468922729836436, 0.3004060913705583, 1.0, 0.742594472645234], "class": 1}