{"image": "d5dbe7b7-2f03-11ee-b8e4-d8bbc1768911.jpg", "bboxes": [0.6646700507614214, 0.3092949802594471, 1.0, 0.751483361534123], "class": 1}