{"image": "d5dbe7b7-2f03-11ee-b8e4-d8bbc1768911.jpg", "bboxes": [0.17229554427523971, 0.25962774957698814, 0.6708855047941342, 0.7018161308516639], "class": 1}