{"image": "d5dbe7b7-2f03-11ee-b8e4-d8bbc1768911.jpg", "bboxes": [0.0, 0.2737394247038917, 0.45532994923857867, 0.7159278059785674], "class": 1}