{"image": "d5dbe7b7-2f03-11ee-b8e4-d8bbc1768911.jpg", "bboxes": [0.01896221094190638, 0.30485053581500277, 0.5175521714608009, 0.7470389170896785], "class": 1}