{"image": "d5dbe7b7-2f03-11ee-b8e4-d8bbc1768911.jpg", "bboxes": [0.0, 0.3204060913705583, 0.39755217146080085, 0.7625944726452341], "class": 1}