{"image": "d5dbe7b7-2f03-11ee-b8e4-d8bbc1768911.jpg", "bboxes": [0.291336717428088, 0.28407219402143263, 0.7899266779469825, 0.7262605752961083], "class": 1}