{"image": "d5dbe7b7-2f03-11ee-b8e4-d8bbc1768911.jpg", "bboxes": [0.34022560631697696, 0.2818499717992104, 0.8388155668358714, 0.7240383530738862], "class": 1}