{"image": "d5dbe7b7-2f03-11ee-b8e4-d8bbc1768911.jpg", "bboxes": [0.41578116187253245, 0.2818499717992104, 0.9143711223914269, 0.7240383530738862], "class": 1}