{"image": "d5dbe7b7-2f03-11ee-b8e4-d8bbc1768911.jpg", "bboxes": [0.5668922729836436, 0.2307388606880993, 1.0, 0.6729272419627751], "class": 1}