{"image": "d5dbe7b7-2f03-11ee-b8e4-d8bbc1768911.jpg", "bboxes": [0.41578116187253245, 0.23740552735476594, 0.9143711223914269, 0.6795939086294417], "class": 1}