{"image": "d5dbe7b7-2f03-11ee-b8e4-d8bbc1768911.jpg", "bboxes": [0.0, 0.2774055273547659, 0.45310772701635643, 0.7195939086294417], "class": 1}