{"image": "d5dbe7b7-2f03-11ee-b8e4-d8bbc1768911.jpg", "bboxes": [0.5246700507614214, 0.26851663846587703, 1.0, 0.7107050197405528], "class": 1}