{"image": "d5dbe7b7-2f03-11ee-b8e4-d8bbc1768911.jpg", "bboxes": [0.37800338409475465, 0.3181838691483361, 0.8765933446136491, 0.7603722504230118], "class": 1}