{"image": "d5dbe7b7-2f03-11ee-b8e4-d8bbc1768911.jpg", "bboxes": [0.4068922729836436, 0.3248505358150028, 0.9054822335025381, 0.7670389170896785], "class": 1}