{"image": "d5dbe7b7-2f03-11ee-b8e4-d8bbc1768911.jpg", "bboxes": [0.27133671742808807, 0.24629441624365483, 0.7699266779469824, 0.6884827975183306], "class": 1}