{"image": "d5dbe7b7-2f03-11ee-b8e4-d8bbc1768911.jpg", "bboxes": [0.0, 0.23518330513254374, 0.44866328257191196, 0.6773716864072195], "class": 1}