{"image": "d62c68f3-2f03-11ee-bb26-d8bbc1768911.jpg", "bboxes": [0.6733897349125775, 0.2764128595600677, 1.0, 0.7050648618161309], "class": 1}