{"image": "d62c68f3-2f03-11ee-bb26-d8bbc1768911.jpg", "bboxes": [0.5622786238014663, 0.28752397067117885, 1.0, 0.716175972927242], "class": 1}