{"image": "d62c68f3-2f03-11ee-bb26-d8bbc1768911.jpg", "bboxes": [0.4845008460236886, 0.28160180485053576, 0.9639142695995488, 0.7102538071065989], "class": 1}