{"image": "d62c68f3-2f03-11ee-bb26-d8bbc1768911.jpg", "bboxes": [0.18941906373378453, 0.2408573040045122, 0.6688324873096447, 0.6695093062605754], "class": 1}