{"image": "d62c68f3-2f03-11ee-bb26-d8bbc1768911.jpg", "bboxes": [0.18941906373378453, 0.33715736040609134, 0.6688324873096447, 0.7658093626621545], "class": 1}