{"image": "d62c68f3-2f03-11ee-bb26-d8bbc1768911.jpg", "bboxes": [0.43783417935702196, 0.2653017484489566, 0.9172476029328821, 0.6939537507050197], "class": 1}