{"image": "d62c68f3-2f03-11ee-bb26-d8bbc1768911.jpg", "bboxes": [0.02053017484489563, 0.28752397067117885, 0.4999435984207558, 0.716175972927242], "class": 1}