{"image": "d62c68f3-2f03-11ee-bb26-d8bbc1768911.jpg", "bboxes": [0.24941906373378453, 0.23641285956006775, 0.7288324873096447, 0.6650648618161309], "class": 1}