{"image": "d62c68f3-2f03-11ee-bb26-d8bbc1768911.jpg", "bboxes": [0.022752397067117854, 0.3282684715172024, 0.5021658206429781, 0.7569204737732655], "class": 1}