{"image": "d62c68f3-2f03-11ee-bb26-d8bbc1768911.jpg", "bboxes": [0.2471968415115623, 0.22752397067117885, 0.7266102650874225, 0.6561759729272421], "class": 1}