{"image": "d62c68f3-2f03-11ee-bb26-d8bbc1768911.jpg", "bboxes": [0.16497461928934007, 0.2808573040045122, 0.6443880428652002, 0.7095093062605753], "class": 1}