{"image": "d62c68f3-2f03-11ee-bb26-d8bbc1768911.jpg", "bboxes": [0.24275239706711785, 0.3216018048505358, 0.7221658206429781, 0.750253807106599], "class": 1}