{"image": "d62c68f3-2f03-11ee-bb26-d8bbc1768911.jpg", "bboxes": [0.44450084602368856, 0.33271291596164687, 0.9239142695995488, 0.76136491821771], "class": 1}