{"image": "d62c68f3-2f03-11ee-bb26-d8bbc1768911.jpg", "bboxes": [0.33116751269035527, 0.2408573040045122, 0.8105809362662155, 0.6695093062605754], "class": 1}