{"image": "d62c68f3-2f03-11ee-bb26-d8bbc1768911.jpg", "bboxes": [0.6333897349125774, 0.2541906373378455, 1.0, 0.6828426395939087], "class": 1}