{"image": "d62c68f3-2f03-11ee-bb26-d8bbc1768911.jpg", "bboxes": [0.0, 0.3149351381838691, 0.4532769317540892, 0.7435871404399323], "class": 1}