{"image": "d62c68f3-2f03-11ee-bb26-d8bbc1768911.jpg", "bboxes": [0.5689452904681331, 0.2608573040045122, 1.0, 0.6895093062605754], "class": 1}