{"image": "d62c68f3-2f03-11ee-bb26-d8bbc1768911.jpg", "bboxes": [0.36894529046813307, 0.3016018048505358, 0.8483587140439932, 0.7302538071065989], "class": 1}