{"image": "d62c68f3-2f03-11ee-bb26-d8bbc1768911.jpg", "bboxes": [0.26005640157924415, 0.2719684151156233, 0.7394698251551044, 0.7006204173716865], "class": 1}