{"image": "d62c68f3-2f03-11ee-bb26-d8bbc1768911.jpg", "bboxes": [0.0, 0.22974619289340106, 0.37772137619853363, 0.6583981951494642], "class": 1}