{"image": "d62c68f3-2f03-11ee-bb26-d8bbc1768911.jpg", "bboxes": [0.6156119571347998, 0.3260462492949803, 1.0, 0.7546982515510434], "class": 1}