{"image": "d62c68f3-2f03-11ee-bb26-d8bbc1768911.jpg", "bboxes": [0.0, 0.23863508178228995, 0.4154991539763114, 0.6672870840383531], "class": 1}