{"image": "d62c68f3-2f03-11ee-bb26-d8bbc1768911.jpg", "bboxes": [0.5267230682459108, 0.28604624929498024, 1.0, 0.7146982515510434], "class": 1}