{"image": "d62c68f3-2f03-11ee-bb26-d8bbc1768911.jpg", "bboxes": [0.08053017484489564, 0.33271291596164687, 0.5599435984207558, 0.76136491821771], "class": 1}