{"image": "d62c68f3-2f03-11ee-bb26-d8bbc1768911.jpg", "bboxes": [0.41116751269035523, 0.2771573604060913, 0.8905809362662155, 0.7058093626621544], "class": 1}