{"image": "d62c68f3-2f03-11ee-bb26-d8bbc1768911.jpg", "bboxes": [0.5045008460236886, 0.34382402707275794, 0.9839142695995489, 0.7724760293288211], "class": 1}