{"image": "d62c68f3-2f03-11ee-bb26-d8bbc1768911.jpg", "bboxes": [0.2867230682459109, 0.2971573604060913, 0.766136491821771, 0.7258093626621545], "class": 1}