{"image": "d62c68f3-2f03-11ee-bb26-d8bbc1768911.jpg", "bboxes": [0.0005301748448956308, 0.2941906373378455, 0.47994359842075585, 0.7228426395939087], "class": 1}