{"image": "d62c68f3-2f03-11ee-bb26-d8bbc1768911.jpg", "bboxes": [0.41783417935702194, 0.2830795262267344, 0.8972476029328822, 0.7117315284827975], "class": 1}