{"image": "d62c68f3-2f03-11ee-bb26-d8bbc1768911.jpg", "bboxes": [0.15608573040045118, 0.23641285956006775, 0.6354991539763114, 0.6650648618161309], "class": 1}