{"image": "d62c68f3-2f03-11ee-bb26-d8bbc1768911.jpg", "bboxes": [0.11608573040045118, 0.26974619289340107, 0.5954991539763114, 0.6983981951494642], "class": 1}