{"image": "d62c68f3-2f03-11ee-bb26-d8bbc1768911.jpg", "bboxes": [0.14053017484489563, 0.2408573040045122, 0.6199435984207559, 0.6695093062605754], "class": 1}