{"image": "d62c68f3-2f03-11ee-bb26-d8bbc1768911.jpg", "bboxes": [0.15164128595600673, 0.2608573040045122, 0.6310547095318669, 0.6895093062605754], "class": 1}