{"image": "d62c68f3-2f03-11ee-bb26-d8bbc1768911.jpg", "bboxes": [0.3467230682459108, 0.2771573604060913, 0.8261364918217711, 0.7058093626621544], "class": 1}