{"image": "d62c68f3-2f03-11ee-bb26-d8bbc1768911.jpg", "bboxes": [0.0, 0.31271291596164685, 0.3554991539763114, 0.74136491821771], "class": 1}