{"image": "d62c68f3-2f03-11ee-bb26-d8bbc1768911.jpg", "bboxes": [0.4222786238014664, 0.23641285956006775, 0.9016920473773266, 0.6650648618161309], "class": 1}