{"image": "d62c68f3-2f03-11ee-bb26-d8bbc1768911.jpg", "bboxes": [0.6511675126903553, 0.33049069373942463, 1.0, 0.7591426959954878], "class": 1}