{"image": "d62c68f3-2f03-11ee-bb26-d8bbc1768911.jpg", "bboxes": [0.5089452904681331, 0.26752397067117883, 0.9883587140439932, 0.696175972927242], "class": 1}