{"image": "d62c68f3-2f03-11ee-bb26-d8bbc1768911.jpg", "bboxes": [0.26053017484489566, 0.3393795826283136, 0.7399435984207559, 0.7680315848843767], "class": 1}