{"image": "d62c68f3-2f03-11ee-bb26-d8bbc1768911.jpg", "bboxes": [0.6356119571347998, 0.29493513818386907, 1.0, 0.7235871404399323], "class": 1}