{"image": "d62c68f3-2f03-11ee-bb26-d8bbc1768911.jpg", "bboxes": [0.6222786238014664, 0.2941906373378455, 1.0, 0.7228426395939087], "class": 1}