{"image": "d62c68f3-2f03-11ee-bb26-d8bbc1768911.jpg", "bboxes": [0.05164128595600674, 0.24530174844895664, 0.531054709531867, 0.6739537507050197], "class": 1}