{"image": "d62c68f3-2f03-11ee-bb26-d8bbc1768911.jpg", "bboxes": [0.0, 0.2808573040045122, 0.3843880428652003, 0.7095093062605753], "class": 1}