{"image": "d62c68f3-2f03-11ee-bb26-d8bbc1768911.jpg", "bboxes": [0.6089452904681331, 0.2904906937394247, 1.0, 0.7191426959954879], "class": 1}