{"image": "d62c68f3-2f03-11ee-bb26-d8bbc1768911.jpg", "bboxes": [0.0, 0.2971573604060913, 0.3577213761985336, 0.7258093626621545], "class": 1}