{"image": "d62c68f3-2f03-11ee-bb26-d8bbc1768911.jpg", "bboxes": [0.6733897349125775, 0.2793795826283135, 1.0, 0.7080315848843768], "class": 1}