{"image": "d62c68f3-2f03-11ee-bb26-d8bbc1768911.jpg", "bboxes": [0.4845008460236886, 0.2904906937394247, 0.9639142695995488, 0.7191426959954879], "class": 1}