{"image": "d62c68f3-2f03-11ee-bb26-d8bbc1768911.jpg", "bboxes": [0.5400564015792442, 0.31937958262831356, 1.0, 0.7480315848843767], "class": 1}