{"image": "d62c68f3-2f03-11ee-bb26-d8bbc1768911.jpg", "bboxes": [0.3711675126903553, 0.24530174844895664, 0.8505809362662154, 0.6739537507050197], "class": 1}