{"image": "d67c4614-2f03-11ee-997e-d8bbc1768911.jpg", "bboxes": [0.4716525662718555, 0.2331641285956007, 0.8924083474337282, 0.6550479413423576], "class": 1}