{"image": "d67c4614-2f03-11ee-997e-d8bbc1768911.jpg", "bboxes": [0.22943034404963325, 0.2842752397067118, 0.650186125211506, 0.7061590524534687], "class": 1}