{"image": "d67c4614-2f03-11ee-997e-d8bbc1768911.jpg", "bboxes": [0.3564805414551607, 0.2709419063733785, 0.7772363226170333, 0.6928257191201354], "class": 1}