{"image": "d67c4614-2f03-11ee-997e-d8bbc1768911.jpg", "bboxes": [0.0, 0.26649746192893403, 0.38390298928370004, 0.6883812746756909], "class": 1}