{"image": "d67c4614-2f03-11ee-997e-d8bbc1768911.jpg", "bboxes": [0.018702763677382942, 0.32495205865764243, 0.4394585448392556, 0.7468358714043992], "class": 1}