{"image": "d67c4614-2f03-11ee-997e-d8bbc1768911.jpg", "bboxes": [0.5294303440496333, 0.3093965031020869, 0.9501861252115059, 0.7312803158488437], "class": 1}