{"image": "d67c4614-2f03-11ee-997e-d8bbc1768911.jpg", "bboxes": [0.2853694303440496, 0.24871968415115628, 0.7061252115059222, 0.6706034968979131], "class": 1}