{"image": "d67c4614-2f03-11ee-997e-d8bbc1768911.jpg", "bboxes": [0.032036097010716275, 0.24649746192893404, 0.4527918781725889, 0.6683812746756909], "class": 1}