{"image": "d67c4614-2f03-11ee-997e-d8bbc1768911.jpg", "bboxes": [0.0, 0.34495205865764245, 0.3794585448392556, 0.7668358714043992], "class": 1}