{"image": "d67c4614-2f03-11ee-997e-d8bbc1768911.jpg", "bboxes": [0.43165256627185555, 0.2620530174844896, 0.8524083474337282, 0.6839368302312464], "class": 1}