{"image": "d67c4614-2f03-11ee-997e-d8bbc1768911.jpg", "bboxes": [0.0, 0.2798307952622674, 0.4194585448392556, 0.7017146080090242], "class": 1}