{"image": "d67c4614-2f03-11ee-997e-d8bbc1768911.jpg", "bboxes": [0.5627636773829666, 0.2709419063733785, 0.9835194585448392, 0.6928257191201354], "class": 1}