{"image": "d67c4614-2f03-11ee-997e-d8bbc1768911.jpg", "bboxes": [0.4294303440496333, 0.25538635081782296, 0.8501861252115059, 0.6772701635645798], "class": 1}