{"image": "d67c4614-2f03-11ee-997e-d8bbc1768911.jpg", "bboxes": [0.5605414551607444, 0.26871968415115627, 0.981297236322617, 0.6906034968979131], "class": 1}