{"image": "d67c4614-2f03-11ee-997e-d8bbc1768911.jpg", "bboxes": [0.487208121827411, 0.32717428087986467, 0.9079639029892838, 0.7490580936266216], "class": 1}