{"image": "d67c4614-2f03-11ee-997e-d8bbc1768911.jpg", "bboxes": [0.6094303440496333, 0.3182853919909757, 1.0, 0.7401692047377326], "class": 1}