{"image": "d67c4614-2f03-11ee-997e-d8bbc1768911.jpg", "bboxes": [0.6138747884940777, 0.29538635081782294, 1.0, 0.7172701635645797], "class": 1}