{"image": "d67c4614-2f03-11ee-997e-d8bbc1768911.jpg", "bboxes": [0.367208121827411, 0.32050761421319796, 0.7879639029892838, 0.7423914269599549], "class": 1}