{"image": "d67c4614-2f03-11ee-997e-d8bbc1768911.jpg", "bboxes": [0.3342583192329385, 0.3116187253243091, 0.7550141003948112, 0.733502538071066], "class": 1}