{"image": "d67c4614-2f03-11ee-997e-d8bbc1768911.jpg", "bboxes": [0.16759165256627184, 0.28649746192893405, 0.5883474337281445, 0.7083812746756909], "class": 1}