{"image": "d67c4614-2f03-11ee-997e-d8bbc1768911.jpg", "bboxes": [0.0, 0.2620530174844896, 0.3705696559503667, 0.6839368302312464], "class": 1}