{"image": "d67c4614-2f03-11ee-997e-d8bbc1768911.jpg", "bboxes": [0.41165256627185554, 0.340507614213198, 0.8324083474337282, 0.7623914269599549], "class": 1}