{"image": "d67c4614-2f03-11ee-997e-d8bbc1768911.jpg", "bboxes": [0.24720812182741103, 0.3093965031020869, 0.6679639029892837, 0.7312803158488437], "class": 1}