{"image": "d67c4614-2f03-11ee-997e-d8bbc1768911.jpg", "bboxes": [0.21203609701071627, 0.26427523970671185, 0.632791878172589, 0.6861590524534686], "class": 1}