{"image": "d67c4614-2f03-11ee-997e-d8bbc1768911.jpg", "bboxes": [0.2231472081218274, 0.2420530174844896, 0.6439029892837, 0.6639368302312465], "class": 1}