{"image": "d67c4614-2f03-11ee-997e-d8bbc1768911.jpg", "bboxes": [0.09870276367738294, 0.30050761421319794, 0.5194585448392556, 0.7223914269599548], "class": 1}