{"image": "d67c4614-2f03-11ee-997e-d8bbc1768911.jpg", "bboxes": [0.2694303440496333, 0.29983079526226736, 0.690186125211506, 0.7217146080090242], "class": 1}