{"image": "d67c4614-2f03-11ee-997e-d8bbc1768911.jpg", "bboxes": [0.36092498589960514, 0.24427523970671183, 0.7816807670614778, 0.6661590524534686], "class": 1}