{"image": "d67c4614-2f03-11ee-997e-d8bbc1768911.jpg", "bboxes": [0.04536943034404961, 0.3227298364354202, 0.4661252115059223, 0.7446136491821771], "class": 1}