{"image": "d67c4614-2f03-11ee-997e-d8bbc1768911.jpg", "bboxes": [0.24759165256627183, 0.2709419063733785, 0.6683474337281445, 0.6928257191201354], "class": 1}