{"image": "d67c4614-2f03-11ee-997e-d8bbc1768911.jpg", "bboxes": [0.1720360970107163, 0.2753863508178229, 0.5927918781725889, 0.6972701635645798], "class": 1}