{"image": "d67c4614-2f03-11ee-997e-d8bbc1768911.jpg", "bboxes": [0.2760970107163, 0.29384094754653134, 0.6968527918781726, 0.7157247602932881], "class": 1}