{"image": "d67c4614-2f03-11ee-997e-d8bbc1768911.jpg", "bboxes": [0.0942583192329385, 0.2976085730400452, 0.5150141003948112, 0.719492385786802], "class": 1}