{"image": "d67c4614-2f03-11ee-997e-d8bbc1768911.jpg", "bboxes": [0.24759165256627183, 0.27760857304004516, 0.6683474337281445, 0.6994923857868021], "class": 1}