{"image": "d67c4614-2f03-11ee-997e-d8bbc1768911.jpg", "bboxes": [0.2142583192329385, 0.30050761421319794, 0.6350141003948112, 0.7223914269599548], "class": 1}