{"image": "d67c4614-2f03-11ee-997e-d8bbc1768911.jpg", "bboxes": [0.4716525662718555, 0.2982853919909758, 0.8924083474337282, 0.7201692047377326], "class": 1}