{"image": "d67c4614-2f03-11ee-997e-d8bbc1768911.jpg", "bboxes": [0.2675916525662718, 0.32050761421319796, 0.6883474337281446, 0.7423914269599549], "class": 1}