{"image": "d67c4614-2f03-11ee-997e-d8bbc1768911.jpg", "bboxes": [0.5005414551607443, 0.2820530174844896, 0.9212972363226171, 0.7039368302312464], "class": 1}