{"image": "d67c4614-2f03-11ee-997e-d8bbc1768911.jpg", "bboxes": [0.40720812182741106, 0.3182853919909757, 0.8279639029892837, 0.7401692047377326], "class": 1}