{"image": "d67c4614-2f03-11ee-997e-d8bbc1768911.jpg", "bboxes": [0.2564805414551607, 0.23538635081782294, 0.6772363226170334, 0.6572701635645798], "class": 1}