{"image": "d67c4614-2f03-11ee-997e-d8bbc1768911.jpg", "bboxes": [0.4360970107162999, 0.2598307952622674, 0.8568527918781726, 0.6817146080090243], "class": 1}