{"image": "d67c4614-2f03-11ee-997e-d8bbc1768911.jpg", "bboxes": [0.5738747884940778, 0.26427523970671185, 0.9946305696559504, 0.6861590524534686], "class": 1}