{"image": "d67c4614-2f03-11ee-997e-d8bbc1768911.jpg", "bboxes": [0.1653694303440496, 0.2531641285956007, 0.5861252115059222, 0.6750479413423576], "class": 1}