{"image": "d67c4614-2f03-11ee-997e-d8bbc1768911.jpg", "bboxes": [0.5894303440496333, 0.29384094754653134, 1.0, 0.7157247602932881], "class": 1}