{"image": "d67c4614-2f03-11ee-997e-d8bbc1768911.jpg", "bboxes": [0.04314720812182739, 0.2753863508178229, 0.46390298928370005, 0.6972701635645798], "class": 1}