{"image": "d67c4614-2f03-11ee-997e-d8bbc1768911.jpg", "bboxes": [0.3272081218274111, 0.24649746192893404, 0.7479639029892837, 0.6683812746756909], "class": 1}