{"image": "d67c4614-2f03-11ee-997e-d8bbc1768911.jpg", "bboxes": [0.2253694303440496, 0.3427298364354202, 0.6461252115059223, 0.7646136491821771], "class": 1}