{"image": "d67c4614-2f03-11ee-997e-d8bbc1768911.jpg", "bboxes": [0.3538747884940777, 0.2420530174844896, 0.7746305696559503, 0.6639368302312465], "class": 1}