{"image": "d67c4614-2f03-11ee-997e-d8bbc1768911.jpg", "bboxes": [0.0, 0.28939650310208687, 0.3794585448392556, 0.7112803158488437], "class": 1}