{"image": "d67c4614-2f03-11ee-997e-d8bbc1768911.jpg", "bboxes": [0.6005414551607444, 0.29983079526226736, 1.0, 0.7217146080090242], "class": 1}