{"image": "d67c4614-2f03-11ee-997e-d8bbc1768911.jpg", "bboxes": [0.45831923293852217, 0.2331641285956007, 0.8790750141003948, 0.6550479413423576], "class": 1}