{"image": "d67c4614-2f03-11ee-997e-d8bbc1768911.jpg", "bboxes": [0.12092498589960517, 0.2731641285956007, 0.5416807670614778, 0.6950479413423576], "class": 1}