{"image": "d67c4614-2f03-11ee-997e-d8bbc1768911.jpg", "bboxes": [0.22054145516074442, 0.3338409475465314, 0.641297236322617, 0.7557247602932882], "class": 1}