{"image": "d6cc2eb4-2f03-11ee-bf11-d8bbc1768911.jpg", "bboxes": [0.3566610265087424, 0.20034968979131415, 0.7108629441624364, 0.6854032712915963], "class": 1}