{"image": "d6cc2eb4-2f03-11ee-bf11-d8bbc1768911.jpg", "bboxes": [0.1024703891708969, 0.27237450648618156, 0.45667230682459103, 0.7574280879864637], "class": 1}