{"image": "d6cc2eb4-2f03-11ee-bf11-d8bbc1768911.jpg", "bboxes": [0.5255499153976313, 0.3123745064861815, 0.8797518330513253, 0.7974280879864636], "class": 1}