{"image": "d6cc2eb4-2f03-11ee-bf11-d8bbc1768911.jpg", "bboxes": [0.0, 0.1936830231246475, 0.3144500846023688, 0.6787366046249296], "class": 1}