{"image": "d6cc2eb4-2f03-11ee-bf11-d8bbc1768911.jpg", "bboxes": [0.0, 0.2359052453468697, 0.2588945290468132, 0.7209588268471518], "class": 1}