{"image": "d6cc2eb4-2f03-11ee-bf11-d8bbc1768911.jpg", "bboxes": [0.16247038917089696, 0.21812746756909193, 0.516672306824591, 0.7031810490693741], "class": 1}