{"image": "d6cc2eb4-2f03-11ee-bf11-d8bbc1768911.jpg", "bboxes": [0.2469148336153414, 0.2634856175972926, 0.6011167512690354, 0.7485391990975747], "class": 1}