{"image": "d6cc2eb4-2f03-11ee-bf11-d8bbc1768911.jpg", "bboxes": [0.0646926113931191, 0.2025719120135364, 0.41889452904681324, 0.6876254935138185], "class": 1}