{"image": "d6cc2eb4-2f03-11ee-bf11-d8bbc1768911.jpg", "bboxes": [0.41666102650874237, 0.25812746756909194, 0.7708629441624364, 0.743181049069374], "class": 1}