{"image": "d6cc2eb4-2f03-11ee-bf11-d8bbc1768911.jpg", "bboxes": [0.0891370558375636, 0.2447941342357586, 0.4433389734912576, 0.7298477157360407], "class": 1}