{"image": "d6cc2eb4-2f03-11ee-bf11-d8bbc1768911.jpg", "bboxes": [0.5388832487309646, 0.2768189509306259, 0.8930851663846586, 0.7618725324309081], "class": 1}