{"image": "d6cc2eb4-2f03-11ee-bf11-d8bbc1768911.jpg", "bboxes": [0.01802594472645247, 0.2545967287084038, 0.3722278623801465, 0.7396503102086858], "class": 1}