{"image": "d6cc2eb4-2f03-11ee-bf11-d8bbc1768911.jpg", "bboxes": [0.5144388042865201, 0.2247941342357586, 0.8686407219402142, 0.7098477157360407], "class": 1}