{"image": "d6cc2eb4-2f03-11ee-bf11-d8bbc1768911.jpg", "bboxes": [0.6122165820642979, 0.20923857868020304, 0.966418499717992, 0.6942921601804851], "class": 1}