{"image": "d6cc2eb4-2f03-11ee-bf11-d8bbc1768911.jpg", "bboxes": [0.25135927805978575, 0.3212633953750704, 0.6055611957134799, 0.8063169768753525], "class": 1}