{"image": "d6cc2eb4-2f03-11ee-bf11-d8bbc1768911.jpg", "bboxes": [0.07135927805978581, 0.31681895093062595, 0.42556119571347983, 0.8018725324309081], "class": 1}