{"image": "d6cc2eb4-2f03-11ee-bf11-d8bbc1768911.jpg", "bboxes": [0.38777213761985346, 0.2701522842639593, 0.7419740552735475, 0.7552058657642414], "class": 1}