{"image": "d6cc2eb4-2f03-11ee-bf11-d8bbc1768911.jpg", "bboxes": [0.2980259447264525, 0.2025719120135364, 0.6522278623801465, 0.6876254935138185], "class": 1}