{"image": "d6cc2eb4-2f03-11ee-bf11-d8bbc1768911.jpg", "bboxes": [0.6544388042865201, 0.29681895093062594, 1.0, 0.781872532430908], "class": 1}