{"image": "d6cc2eb4-2f03-11ee-bf11-d8bbc1768911.jpg", "bboxes": [0.3944388042865201, 0.256818950930626, 0.7486407219402142, 0.7418725324309081], "class": 1}