{"image": "d6cc2eb4-2f03-11ee-bf11-d8bbc1768911.jpg", "bboxes": [0.6611054709531868, 0.2768189509306259, 1.0, 0.7618725324309081], "class": 1}