{"image": "d6cc2eb4-2f03-11ee-bf11-d8bbc1768911.jpg", "bboxes": [0.34554991539763125, 0.2812633953750704, 0.6997518330513253, 0.7663169768753525], "class": 1}