{"image": "d6cc2eb4-2f03-11ee-bf11-d8bbc1768911.jpg", "bboxes": [0.23802594472645244, 0.2834856175972926, 0.5922278623801465, 0.7685391990975747], "class": 1}