{"image": "d6cc2eb4-2f03-11ee-bf11-d8bbc1768911.jpg", "bboxes": [0.14469261139311917, 0.3057078398195149, 0.4988945290468132, 0.790761421319797], "class": 1}