{"image": "d6cc2eb4-2f03-11ee-bf11-d8bbc1768911.jpg", "bboxes": [0.0, 0.27904117315284815, 0.33000564015792433, 0.7640947546531303], "class": 1}