{"image": "d6cc2eb4-2f03-11ee-bf11-d8bbc1768911.jpg", "bboxes": [0.41666102650874237, 0.27237450648618156, 0.7708629441624364, 0.7574280879864637], "class": 1}