{"image": "d6cc2eb4-2f03-11ee-bf11-d8bbc1768911.jpg", "bboxes": [0.5877721376198535, 0.21146080090242528, 0.9419740552735475, 0.6965143824027074], "class": 1}