{"image": "d6cc2eb4-2f03-11ee-bf11-d8bbc1768911.jpg", "bboxes": [0.20024816694867464, 0.31015228426395924, 0.5544500846023688, 0.7952058657642413], "class": 1}