{"image": "d6cc2eb4-2f03-11ee-bf11-d8bbc1768911.jpg", "bboxes": [0.18691483361534134, 0.2336830231246475, 0.5411167512690354, 0.7187366046249296], "class": 1}