{"image": "d6cc2eb4-2f03-11ee-bf11-d8bbc1768911.jpg", "bboxes": [0.5366610265087424, 0.2923745064861816, 0.8908629441624364, 0.7774280879864637], "class": 1}