{"image": "d6cc2eb4-2f03-11ee-bf11-d8bbc1768911.jpg", "bboxes": [0.05580372250423027, 0.2047941342357586, 0.4100056401579243, 0.6898477157360408], "class": 1}