{"image": "d6cc2eb4-2f03-11ee-bf11-d8bbc1768911.jpg", "bboxes": [0.10691483361534138, 0.3012633953750704, 0.4611167512690354, 0.7863169768753525], "class": 1}