{"image": "d6cc2eb4-2f03-11ee-bf11-d8bbc1768911.jpg", "bboxes": [0.6855499153976312, 0.23812746756909192, 1.0, 0.7231810490693741], "class": 1}