{"image": "d6cc2eb4-2f03-11ee-bf11-d8bbc1768911.jpg", "bboxes": [0.18913705583756357, 0.2679300620417371, 0.5433389734912577, 0.7529836435420192], "class": 1}