{"image": "d6cc2eb4-2f03-11ee-bf11-d8bbc1768911.jpg", "bboxes": [0.6099943598420757, 0.2025719120135364, 0.9641962774957697, 0.6876254935138185], "class": 1}