{"image": "d6cc2eb4-2f03-11ee-bf11-d8bbc1768911.jpg", "bboxes": [0.4677721376198535, 0.3057078398195149, 0.8219740552735475, 0.790761421319797], "class": 1}