{"image": "d6cc2eb4-2f03-11ee-bf11-d8bbc1768911.jpg", "bboxes": [0.0958037225042302, 0.27237450648618156, 0.4500056401579243, 0.7574280879864637], "class": 1}