{"image": "d6cc2eb4-2f03-11ee-bf11-d8bbc1768911.jpg", "bboxes": [0.43443880428652015, 0.28570783981951486, 0.7886407219402142, 0.770761421319797], "class": 1}