{"image": "d6cc2eb4-2f03-11ee-bf11-d8bbc1768911.jpg", "bboxes": [0.044692611393119086, 0.2768189509306259, 0.3988945290468132, 0.7618725324309081], "class": 1}