{"image": "d6cc2eb4-2f03-11ee-bf11-d8bbc1768911.jpg", "bboxes": [0.11802594472645245, 0.24034968979131416, 0.4722278623801466, 0.7254032712915962], "class": 1}