{"image": "d6cc2eb4-2f03-11ee-bf11-d8bbc1768911.jpg", "bboxes": [0.18691483361534134, 0.3190411731528482, 0.5411167512690354, 0.8040947546531303], "class": 1}