{"image": "d6cc2eb4-2f03-11ee-bf11-d8bbc1768911.jpg", "bboxes": [0.24024816694867468, 0.3057078398195149, 0.5944500846023688, 0.790761421319797], "class": 1}