{"image": "d6cc2eb4-2f03-11ee-bf11-d8bbc1768911.jpg", "bboxes": [0.28247038917089695, 0.3079300620417371, 0.636672306824591, 0.7929836435420192], "class": 1}