{"image": "d6cc2eb4-2f03-11ee-bf11-d8bbc1768911.jpg", "bboxes": [0.5699943598420757, 0.20923857868020304, 0.9241962774957697, 0.6942921601804851], "class": 1}