{"image": "d6cc2eb4-2f03-11ee-bf11-d8bbc1768911.jpg", "bboxes": [0.11358150028200797, 0.2559052453468697, 0.4677834179357021, 0.7409588268471519], "class": 1}