{"image": "d6cc2eb4-2f03-11ee-bf11-d8bbc1768911.jpg", "bboxes": [0.5211054709531868, 0.25368302312464747, 0.8753073886068808, 0.7387366046249296], "class": 1}