{"image": "d6cc2eb4-2f03-11ee-bf11-d8bbc1768911.jpg", "bboxes": [0.5811054709531868, 0.2136830231246475, 0.9353073886068809, 0.6987366046249296], "class": 1}