{"image": "d6cc2eb4-2f03-11ee-bf11-d8bbc1768911.jpg", "bboxes": [0.35443880428652014, 0.26570783981951485, 0.7086407219402142, 0.750761421319797], "class": 1}