{"image": "d6cc2eb4-2f03-11ee-bf11-d8bbc1768911.jpg", "bboxes": [0.5411054709531868, 0.31681895093062595, 0.8953073886068809, 0.8018725324309081], "class": 1}