{"image": "d6cc2eb4-2f03-11ee-bf11-d8bbc1768911.jpg", "bboxes": [0.6566610265087424, 0.25368302312464747, 1.0, 0.7387366046249296], "class": 1}