{"image": "d7bd7a26-2f03-11ee-a123-d8bbc1768911.jpg", "bboxes": [0.8630569655950365, 0.24927036410352832, 1.0, 0.8086745628877609], "class": 1}