{"image": "d7bd7a26-2f03-11ee-a123-d8bbc1768911.jpg", "bboxes": [0.7830569655950366, 0.22704814188130618, 1.0, 0.7864523406655386], "class": 1}