{"image": "d7bd7a26-2f03-11ee-a123-d8bbc1768911.jpg", "bboxes": [0.9052791878172588, 0.1868809926677947, 1.0, 0.7462851914520272], "class": 1}