{"image": "d7bd7a26-2f03-11ee-a123-d8bbc1768911.jpg", "bboxes": [0.0, 0.23576988155668357, 0.23249858996051898, 0.7951740803409161], "class": 1}