{"image": "d7bd7a26-2f03-11ee-a123-d8bbc1768911.jpg", "bboxes": [0.8897236322617033, 0.22243654822335024, 1.0, 0.7818407470075828], "class": 1}