{"image": "d7bd7a26-2f03-11ee-a123-d8bbc1768911.jpg", "bboxes": [0.7519458544839255, 0.2179921037789058, 0.9977777777777778, 0.7773963025631383], "class": 1}