{"image": "d7bd7a26-2f03-11ee-a123-d8bbc1768911.jpg", "bboxes": [0.9208347433728143, 0.24243654822335026, 1.0, 0.8018407470075828], "class": 1}