{"image": "d7bd7a26-2f03-11ee-a123-d8bbc1768911.jpg", "bboxes": [0.0, 0.1891032148900169, 0.11694303440496345, 0.7485074136742494], "class": 1}