{"image": "d7bd7a26-2f03-11ee-a123-d8bbc1768911.jpg", "bboxes": [0.0, 0.2092703641035284, 0.18805414551607458, 0.7686745628877609], "class": 1}