{"image": "d7bd7a26-2f03-11ee-a123-d8bbc1768911.jpg", "bboxes": [0.0, 0.23815925299241725, 0.003609701071630056, 0.7975634517766498], "class": 1}