{"image": "d7bd7a26-2f03-11ee-a123-d8bbc1768911.jpg", "bboxes": [0.7763902989283699, 0.1891032148900169, 1.0, 0.7485074136742494], "class": 1}