{"image": "d7bd7a26-2f03-11ee-a123-d8bbc1768911.jpg", "bboxes": [0.0, 0.1914925863257506, 0.09916525662718567, 0.750896785109983], "class": 1}