{"image": "d7bd7a26-2f03-11ee-a123-d8bbc1768911.jpg", "bboxes": [0.0, 0.22465877044557248, 0.13694303440496347, 0.784062969229805], "class": 1}