{"image": "d7bd7a26-2f03-11ee-a123-d8bbc1768911.jpg", "bboxes": [0.9341680767061477, 0.20704814188130616, 1.0, 0.7664523406655386], "class": 1}