{"image": "d7bd7a26-2f03-11ee-a123-d8bbc1768911.jpg", "bboxes": [0.0, 0.215937030770195, 0.11249858996051898, 0.7753412295544275], "class": 1}