{"image": "d7bd7a26-2f03-11ee-a123-d8bbc1768911.jpg", "bboxes": [0.0, 0.21815925299241723, 0.05472081218274116, 0.7775634517766498], "class": 1}