{"image": "d7bd7a26-2f03-11ee-a123-d8bbc1768911.jpg", "bboxes": [0.9386125211505921, 0.24465877044557247, 1.0, 0.804062969229805], "class": 1}