{"image": "d7bd7a26-2f03-11ee-a123-d8bbc1768911.jpg", "bboxes": [0.9141680767061476, 0.19132543711223915, 1.0, 0.7507296358964717], "class": 1}