{"image": "d7bd7a26-2f03-11ee-a123-d8bbc1768911.jpg", "bboxes": [0.9630569655950366, 0.2179921037789058, 1.0, 0.7773963025631383], "class": 1}