{"image": "d7bd7a26-2f03-11ee-a123-d8bbc1768911.jpg", "bboxes": [0.0, 0.25593703077019503, 0.059165256627185636, 0.8153412295544276], "class": 1}