{"image": "d7bd7a26-2f03-11ee-a123-d8bbc1768911.jpg", "bboxes": [0.9208347433728143, 0.18465877044557247, 1.0, 0.744062969229805], "class": 1}