{"image": "d7bd7a26-2f03-11ee-a123-d8bbc1768911.jpg", "bboxes": [0.7586125211505921, 0.2379921037789058, 1.0, 0.7973963025631383], "class": 1}