{"image": "d7bd7a26-2f03-11ee-a123-d8bbc1768911.jpg", "bboxes": [0.0, 0.20021432600112804, 0.2213874788494079, 0.7596185247853605], "class": 1}