{"image": "d7bd7a26-2f03-11ee-a123-d8bbc1768911.jpg", "bboxes": [0.0, 0.23149258632575054, 0.16805414551607456, 0.7908967851099831], "class": 1}