{"image": "d7bd7a26-2f03-11ee-a123-d8bbc1768911.jpg", "bboxes": [0.0, 0.22910321489001692, 0.24360970107163005, 0.7885074136742494], "class": 1}