{"image": "d7bd7a26-2f03-11ee-a123-d8bbc1768911.jpg", "bboxes": [0.8008347433728144, 0.24260369743686172, 1.0, 0.8020078962210941], "class": 1}