{"image": "d7bd7a26-2f03-11ee-a123-d8bbc1768911.jpg", "bboxes": [0.8608347433728144, 0.20243654822335025, 1.0, 0.7618407470075828], "class": 1}