{"image": "d7bd7a26-2f03-11ee-a123-d8bbc1768911.jpg", "bboxes": [0.7897236322617033, 0.25149258632575056, 1.0, 0.8108967851099831], "class": 1}