{"image": "d7bd7a26-2f03-11ee-a123-d8bbc1768911.jpg", "bboxes": [0.0, 0.20704814188130616, 0.23027636773829674, 0.7664523406655386], "class": 1}