{"image": "e3b4710a-2f03-11ee-8cef-d8bbc1768911.jpg", "bboxes": [0.09342357586012418, 0.11725888324873099, 0.6326226734348561, 0.7805414551607445], "class": 1}