{"image": "e3b4710a-2f03-11ee-8cef-d8bbc1768911.jpg", "bboxes": [0.10675690919345748, 0.07059221658206431, 0.6459560067681895, 0.7338747884940778], "class": 1}