{"image": "e3b4710a-2f03-11ee-8cef-d8bbc1768911.jpg", "bboxes": [0.25626621545403266, 0.27279187817258876, 0.7954653130287648, 0.9360744500846023], "class": 1}