{"image": "e3b4710a-2f03-11ee-8cef-d8bbc1768911.jpg", "bboxes": [0.14293288212069935, 0.11948110547095321, 0.6821319796954314, 0.7827636773829667], "class": 1}