{"image": "e3b4710a-2f03-11ee-8cef-d8bbc1768911.jpg", "bboxes": [0.11564579808234632, 0.12170332769317543, 0.6548448956570785, 0.7849858996051889], "class": 1}