{"image": "e3b4710a-2f03-11ee-8cef-d8bbc1768911.jpg", "bboxes": [0.1712013536379019, 0.24834743372814438, 0.710400451212634, 0.911630005640158], "class": 1}