{"image": "e3b4710a-2f03-11ee-8cef-d8bbc1768911.jpg", "bboxes": [0.3156457980823464, 0.20834743372814435, 0.8548448956570784, 0.8716300056401579], "class": 1}