{"image": "e3b4710a-2f03-11ee-8cef-d8bbc1768911.jpg", "bboxes": [0.1673773265651438, 0.07059221658206431, 0.7065764241398759, 0.7338747884940778], "class": 1}