{"image": "e3b4710a-2f03-11ee-8cef-d8bbc1768911.jpg", "bboxes": [0.3384884376762549, 0.22612521150592213, 0.877687535250987, 0.8894077834179357], "class": 1}