{"image": "e3b4710a-2f03-11ee-8cef-d8bbc1768911.jpg", "bboxes": [0.24231246474901302, 0.06392554991539764, 0.7815115623237451, 0.7272081218274112], "class": 1}