{"image": "e3b4710a-2f03-11ee-8cef-d8bbc1768911.jpg", "bboxes": [0.3562662154540327, 0.12170332769317543, 0.8954653130287648, 0.7849858996051889], "class": 1}