{"image": "e3b4710a-2f03-11ee-8cef-d8bbc1768911.jpg", "bboxes": [0.29342357586012413, 0.2550141003948111, 0.8326226734348562, 0.9182966723068245], "class": 1}