{"image": "e3b4710a-2f03-11ee-8cef-d8bbc1768911.jpg", "bboxes": [0.2584884376762549, 0.08614777213761987, 0.797687535250987, 0.7494303440496334], "class": 1}