{"image": "e3b4710a-2f03-11ee-8cef-d8bbc1768911.jpg", "bboxes": [0.3073773265651438, 0.06614777213761987, 0.8465764241398759, 0.7294303440496334], "class": 1}