{"image": "e3b4710a-2f03-11ee-8cef-d8bbc1768911.jpg", "bboxes": [0.3518217710095882, 0.2505696559503666, 0.8910208685843203, 0.9138522278623802], "class": 1}