{"image": "e3b4710a-2f03-11ee-8cef-d8bbc1768911.jpg", "bboxes": [0.18231246474901308, 0.06170332769317543, 0.7215115623237451, 0.724985899605189], "class": 1}