{"image": "e3b4710a-2f03-11ee-8cef-d8bbc1768911.jpg", "bboxes": [0.047377326565143804, 0.1283699943598421, 0.5865764241398759, 0.7916525662718557], "class": 1}