{"image": "e3b4710a-2f03-11ee-8cef-d8bbc1768911.jpg", "bboxes": [0.2645346869712353, 0.0794811054709532, 0.8037337845459673, 0.7427636773829668], "class": 1}