{"image": "e3b4710a-2f03-11ee-8cef-d8bbc1768911.jpg", "bboxes": [0.30293288212069935, 0.12614777213761988, 0.8421319796954314, 0.7894303440496334], "class": 1}