{"image": "e3b4710a-2f03-11ee-8cef-d8bbc1768911.jpg", "bboxes": [0.29848843767625494, 0.11059221658206432, 0.8376875352509869, 0.7738747884940779], "class": 1}