{"image": "e3b4710a-2f03-11ee-8cef-d8bbc1768911.jpg", "bboxes": [0.24897913141567973, 0.08170332769317543, 0.7881782289904118, 0.7449858996051889], "class": 1}