{"image": "e3b4710a-2f03-11ee-8cef-d8bbc1768911.jpg", "bboxes": [0.2451551043429216, 0.09725888324873098, 0.7843542019176536, 0.7605414551607446], "class": 1}