{"image": "e3b4710a-2f03-11ee-8cef-d8bbc1768911.jpg", "bboxes": [0.19182177100958825, 0.2550141003948111, 0.7310208685843202, 0.9182966723068245], "class": 1}