{"image": "e3b4710a-2f03-11ee-8cef-d8bbc1768911.jpg", "bboxes": [0.08959954878736602, 0.21056965595036659, 0.628798646362098, 0.8738522278623801], "class": 1}