{"image": "e3b4710a-2f03-11ee-8cef-d8bbc1768911.jpg", "bboxes": [0.2584884376762549, 0.2505696559503666, 0.797687535250987, 0.9138522278623802], "class": 1}