{"image": "e3b4710a-2f03-11ee-8cef-d8bbc1768911.jpg", "bboxes": [0.2400902425267908, 0.25945854483925546, 0.7792893401015228, 0.922741116751269], "class": 1}