{"image": "e3b4710a-2f03-11ee-8cef-d8bbc1768911.jpg", "bboxes": [0.23786802030456855, 0.27279187817258876, 0.7770671178793006, 0.9360744500846023], "class": 1}