{"image": "e3b4710a-2f03-11ee-8cef-d8bbc1768911.jpg", "bboxes": [0.38897913141567975, 0.275014100394811, 0.9281782289904117, 0.9382966723068246], "class": 1}