{"image": "e3b4710a-2f03-11ee-8cef-d8bbc1768911.jpg", "bboxes": [0.23564579808234642, 0.07281443880428654, 0.7748448956570784, 0.7360970107163001], "class": 1}