{"image": "e3b4710a-2f03-11ee-8cef-d8bbc1768911.jpg", "bboxes": [0.1473773265651438, 0.06836999435984209, 0.6865764241398759, 0.7316525662718556], "class": 1}