{"image": "e3b4710a-2f03-11ee-8cef-d8bbc1768911.jpg", "bboxes": [0.19120135363790192, 0.07503666102650876, 0.730400451212634, 0.7383192329385223], "class": 1}