{"image": "e3b4710a-2f03-11ee-8cef-d8bbc1768911.jpg", "bboxes": [0.07120135363790192, 0.0794811054709532, 0.610400451212634, 0.7427636773829668], "class": 1}