{"image": "e3b4710a-2f03-11ee-8cef-d8bbc1768911.jpg", "bboxes": [0.3045346869712353, 0.10614777213761988, 0.8437337845459674, 0.7694303440496334], "class": 1}