{"image": "e3b4710a-2f03-11ee-8cef-d8bbc1768911.jpg", "bboxes": [0.42897913141567967, 0.23279187817258884, 0.9681782289904117, 0.8960744500846023], "class": 1}