{"image": "e3b4710a-2f03-11ee-8cef-d8bbc1768911.jpg", "bboxes": [0.020710659898477136, 0.07281443880428654, 0.5599097574732091, 0.7360970107163001], "class": 1}