{"image": "e3b4710a-2f03-11ee-8cef-d8bbc1768911.jpg", "bboxes": [0.06009024252679085, 0.24612521150592215, 0.5992893401015229, 0.9094077834179357], "class": 1}