{"image": "e3b4710a-2f03-11ee-8cef-d8bbc1768911.jpg", "bboxes": [0.322312464749013, 0.22834743372814437, 0.861511562323745, 0.8916300056401579], "class": 1}