{"image": "e3b4710a-2f03-11ee-8cef-d8bbc1768911.jpg", "bboxes": [0.4134235758601241, 0.0794811054709532, 0.9526226734348562, 0.7427636773829668], "class": 1}