{"image": "e3b4710a-2f03-11ee-8cef-d8bbc1768911.jpg", "bboxes": [0.1400902425267908, 0.275014100394811, 0.6792893401015229, 0.9382966723068246], "class": 1}