{"image": "e3b4710a-2f03-11ee-8cef-d8bbc1768911.jpg", "bboxes": [0.25626621545403266, 0.09059221658206432, 0.7954653130287648, 0.7538747884940779], "class": 1}