{"image": "e3b4710a-2f03-11ee-8cef-d8bbc1768911.jpg", "bboxes": [0.3734235758601242, 0.09725888324873098, 0.9126226734348561, 0.7605414551607446], "class": 1}