{"image": "e3b4710a-2f03-11ee-8cef-d8bbc1768911.jpg", "bboxes": [0.3962662154540327, 0.25279187817258886, 0.9354653130287648, 0.9160744500846023], "class": 1}