{"image": "e3b4710a-2f03-11ee-8cef-d8bbc1768911.jpg", "bboxes": [0.4178680203045686, 0.26612521150592217, 0.9570671178793007, 0.9294077834179357], "class": 1}