{"image": "e3b4710a-2f03-11ee-8cef-d8bbc1768911.jpg", "bboxes": [0.2629328821206994, 0.24612521150592215, 0.8021319796954314, 0.9094077834179357], "class": 1}