{"image": "e3b4710a-2f03-11ee-8cef-d8bbc1768911.jpg", "bboxes": [0.01404399323181047, 0.06170332769317543, 0.5532430908065425, 0.724985899605189], "class": 1}