{"image": "e3b4710a-2f03-11ee-8cef-d8bbc1768911.jpg", "bboxes": [0.01626621545403269, 0.08170332769317543, 0.5554653130287648, 0.7449858996051889], "class": 1}