{"image": "e3b4710a-2f03-11ee-8cef-d8bbc1768911.jpg", "bboxes": [0.2362662154540327, 0.12392554991539766, 0.7754653130287648, 0.7872081218274112], "class": 1}