{"image": "e3b4710a-2f03-11ee-8cef-d8bbc1768911.jpg", "bboxes": [0.2534235758601241, 0.23501410039481108, 0.7926226734348563, 0.8982966723068245], "class": 1}