{"image": "e3b4710a-2f03-11ee-8cef-d8bbc1768911.jpg", "bboxes": [0.45342357586012416, 0.24612521150592215, 0.9926226734348562, 0.9094077834179357], "class": 1}