{"image": "e3b4710a-2f03-11ee-8cef-d8bbc1768911.jpg", "bboxes": [0.2912013536379019, 0.0794811054709532, 0.830400451212634, 0.7427636773829668], "class": 1}