{"image": "e3b4710a-2f03-11ee-8cef-d8bbc1768911.jpg", "bboxes": [0.06293288212069936, 0.10392554991539765, 0.6021319796954314, 0.7672081218274112], "class": 1}