{"image": "e3b4710a-2f03-11ee-8cef-d8bbc1768911.jpg", "bboxes": [0.3467569091934575, 0.10614777213761988, 0.8859560067681895, 0.7694303440496334], "class": 1}