{"image": "e3b4710a-2f03-11ee-8cef-d8bbc1768911.jpg", "bboxes": [0.16959954878736602, 0.09503666102650876, 0.7087986463620981, 0.7583192329385223], "class": 1}