{"image": "e4a6fd6d-2f03-11ee-9b1d-d8bbc1768911.jpg", "bboxes": [0.11910885504794122, 0.11520586576424142, 0.7609588268471517, 0.8890355329949239], "class": 1}