{"image": "e4a6fd6d-2f03-11ee-9b1d-d8bbc1768911.jpg", "bboxes": [0.15015228426395943, 0.1129836435420192, 0.7920022560631699, 0.8868133107727016], "class": 1}