{"image": "e4a6fd6d-2f03-11ee-9b1d-d8bbc1768911.jpg", "bboxes": [0.0, 0.13318668922729837, 0.6208911449520588, 0.9070163564579807], "class": 1}