{"image": "e4a6fd6d-2f03-11ee-9b1d-d8bbc1768911.jpg", "bboxes": [0.2635532994923857, 0.07520586576424143, 0.9054032712915961, 0.8490355329949238], "class": 1}