{"image": "e4a6fd6d-2f03-11ee-9b1d-d8bbc1768911.jpg", "bboxes": [0.06355329949238564, 0.09318668922729834, 0.7054032712915961, 0.8670163564579808], "class": 1}