{"image": "e4a6fd6d-2f03-11ee-9b1d-d8bbc1768911.jpg", "bboxes": [0.345707839819515, 0.09520586576424143, 0.9875578116187255, 0.8690355329949239], "class": 1}