{"image": "e4a6fd6d-2f03-11ee-9b1d-d8bbc1768911.jpg", "bboxes": [0.2524421883812745, 0.15096446700507615, 0.894292160180485, 0.9247941342357586], "class": 1}