{"image": "e4a6fd6d-2f03-11ee-9b1d-d8bbc1768911.jpg", "bboxes": [0.3879977439368302, 0.14874224478285392, 1.0, 0.9225719120135364], "class": 1}