{"image": "e4a6fd6d-2f03-11ee-9b1d-d8bbc1768911.jpg", "bboxes": [0.010152284263959423, 0.10874224478285388, 0.6520022560631699, 0.8825719120135364], "class": 1}