{"image": "e4a6fd6d-2f03-11ee-9b1d-d8bbc1768911.jpg", "bboxes": [0.18348561759729276, 0.1018725324309081, 0.8253355893965032, 0.8757021996615906], "class": 1}