{"image": "e4a6fd6d-2f03-11ee-9b1d-d8bbc1768911.jpg", "bboxes": [0.28126339537507056, 0.10631697687535253, 0.9231133671742809, 0.8801466441060349], "class": 1}