{"image": "e4a6fd6d-2f03-11ee-9b1d-d8bbc1768911.jpg", "bboxes": [0.3391088550479412, 0.13965031020868587, 0.9809588268471516, 0.9134799774393683], "class": 1}