{"image": "e4a6fd6d-2f03-11ee-9b1d-d8bbc1768911.jpg", "bboxes": [0.001331077270163461, 0.09298364354201921, 0.6431810490693739, 0.8668133107727016], "class": 1}