{"image": "e4a6fd6d-2f03-11ee-9b1d-d8bbc1768911.jpg", "bboxes": [0.23459672870840387, 0.1129836435420192, 0.8764467005076143, 0.8868133107727016], "class": 1}