{"image": "e4a6fd6d-2f03-11ee-9b1d-d8bbc1768911.jpg", "bboxes": [0.36133107727016345, 0.07742808798646365, 1.0, 0.8512577552171461], "class": 1}