{"image": "e4a6fd6d-2f03-11ee-9b1d-d8bbc1768911.jpg", "bboxes": [0.02133107727016348, 0.09076142131979699, 0.6631810490693739, 0.8645910885504794], "class": 1}