{"image": "e4a6fd6d-2f03-11ee-9b1d-d8bbc1768911.jpg", "bboxes": [0.145707839819515, 0.11985335589396506, 0.7875578116187254, 0.8936830231246474], "class": 1}