{"image": "e4a6fd6d-2f03-11ee-9b1d-d8bbc1768911.jpg", "bboxes": [0.10355329949238568, 0.09540891144952057, 0.7454032712915961, 0.869238578680203], "class": 1}