{"image": "e4a6fd6d-2f03-11ee-9b1d-d8bbc1768911.jpg", "bboxes": [0.34126339537507056, 0.09965031020868588, 0.983113367174281, 0.8734799774393683], "class": 1}