{"image": "e4a6fd6d-2f03-11ee-9b1d-d8bbc1768911.jpg", "bboxes": [0.012374506486181644, 0.10631697687535253, 0.6542244782853921, 0.8801466441060349], "class": 1}