{"image": "e4a6fd6d-2f03-11ee-9b1d-d8bbc1768911.jpg", "bboxes": [0.3591088550479412, 0.12207557811618719, 1.0, 0.8959052453468697], "class": 1}