{"image": "e4a6fd6d-2f03-11ee-9b1d-d8bbc1768911.jpg", "bboxes": [0.345707839819515, 0.11763113367174283, 0.9875578116187255, 0.8914608009024252], "class": 1}