{"image": "e4a6fd6d-2f03-11ee-9b1d-d8bbc1768911.jpg", "bboxes": [0.22126339537507053, 0.08652002256063174, 0.863113367174281, 0.8603496897913141], "class": 1}