{"image": "e4a6fd6d-2f03-11ee-9b1d-d8bbc1768911.jpg", "bboxes": [0.26577552171460794, 0.08631697687535254, 0.9076254935138184, 0.860146644106035], "class": 1}