{"image": "e4a6fd6d-2f03-11ee-9b1d-d8bbc1768911.jpg", "bboxes": [0.030219966159052314, 0.10652002256063164, 0.6720699379582629, 0.8803496897913141], "class": 1}