{"image": "e4a6fd6d-2f03-11ee-9b1d-d8bbc1768911.jpg", "bboxes": [0.10126339537507054, 0.14429780033840944, 0.743113367174281, 0.9181274675690919], "class": 1}