{"image": "e4a6fd6d-2f03-11ee-9b1d-d8bbc1768911.jpg", "bboxes": [0.26133107727016347, 0.08853919909757477, 0.9031810490693739, 0.8623688663282572], "class": 1}