{"image": "e4a6fd6d-2f03-11ee-9b1d-d8bbc1768911.jpg", "bboxes": [0.38570783981951495, 0.10409475465313033, 1.0, 0.8779244218838128], "class": 1}