{"image": "e4a6fd6d-2f03-11ee-9b1d-d8bbc1768911.jpg", "bboxes": [0.3524421883812746, 0.09742808798646366, 0.994292160180485, 0.8712577552171461], "class": 1}