{"image": "e4a6fd6d-2f03-11ee-9b1d-d8bbc1768911.jpg", "bboxes": [0.22133107727016343, 0.12207557811618719, 0.8631810490693739, 0.8959052453468697], "class": 1}