{"image": "e4a6fd6d-2f03-11ee-9b1d-d8bbc1768911.jpg", "bboxes": [0.17459672870840387, 0.10429780033840952, 0.8164467005076144, 0.8781274675690919], "class": 1}