{"image": "e4a6fd6d-2f03-11ee-9b1d-d8bbc1768911.jpg", "bboxes": [0.2545967287084039, 0.15096446700507615, 0.8964467005076143, 0.9247941342357586], "class": 1}