{"image": "e4a6fd6d-2f03-11ee-9b1d-d8bbc1768911.jpg", "bboxes": [0.03466441060349679, 0.09298364354201921, 0.6765143824027072, 0.8668133107727016], "class": 1}