{"image": "e4a6fd6d-2f03-11ee-9b1d-d8bbc1768911.jpg", "bboxes": [0.15910885504794126, 0.0818725324309081, 0.8009588268471517, 0.8557021996615906], "class": 1}