{"image": "e4a6fd6d-2f03-11ee-9b1d-d8bbc1768911.jpg", "bboxes": [0.08126339537507053, 0.11540891144952059, 0.723113367174281, 0.8892385786802031], "class": 1}