{"image": "e4a6fd6d-2f03-11ee-9b1d-d8bbc1768911.jpg", "bboxes": [0.376886632825719, 0.13763113367174284, 1.0, 0.9114608009024252], "class": 1}