{"image": "e4a6fd6d-2f03-11ee-9b1d-d8bbc1768911.jpg", "bboxes": [0.030219966159052314, 0.11763113367174283, 0.6720699379582629, 0.8914608009024252], "class": 1}