{"image": "e4a6fd6d-2f03-11ee-9b1d-d8bbc1768911.jpg", "bboxes": [0.0034856175972927555, 0.11076142131979698, 0.6453355893965033, 0.8845910885504794], "class": 1}