{"image": "e4a6fd6d-2f03-11ee-9b1d-d8bbc1768911.jpg", "bboxes": [0.0, 0.09965031020868588, 0.6186689227298365, 0.8734799774393683], "class": 1}