{"image": "e4a6fd6d-2f03-11ee-9b1d-d8bbc1768911.jpg", "bboxes": [0.23021996615905238, 0.07298364354201921, 0.8720699379582628, 0.8468133107727016], "class": 1}