{"image": "e4a6fd6d-2f03-11ee-9b1d-d8bbc1768911.jpg", "bboxes": [0.26577552171460794, 0.09985335589396505, 0.9076254935138184, 0.8736830231246475], "class": 1}