{"image": "e4a6fd6d-2f03-11ee-9b1d-d8bbc1768911.jpg", "bboxes": [0.14577552171460795, 0.11985335589396506, 0.7876254935138184, 0.8936830231246474], "class": 1}