{"image": "e4a6fd6d-2f03-11ee-9b1d-d8bbc1768911.jpg", "bboxes": [0.061263395375070535, 0.11742808798646365, 0.703113367174281, 0.8912577552171461], "class": 1}