{"image": "e4a6fd6d-2f03-11ee-9b1d-d8bbc1768911.jpg", "bboxes": [0.22799774393683014, 0.09318668922729834, 0.8698477157360406, 0.8670163564579808], "class": 1}