{"image": "e4a6fd6d-2f03-11ee-9b1d-d8bbc1768911.jpg", "bboxes": [0.05904117315284831, 0.14874224478285392, 0.7008911449520587, 0.9225719120135364], "class": 1}