{"image": "e4a6fd6d-2f03-11ee-9b1d-d8bbc1768911.jpg", "bboxes": [0.3191088550479413, 0.11965031020868587, 0.9609588268471517, 0.8934799774393684], "class": 1}