{"image": "e4f92231-2f03-11ee-b802-d8bbc1768911.jpg", "bboxes": [0.2826959954878736, 0.06604624929498026, 0.8884489565707839, 0.8748448956570785], "class": 1}