{"image": "e4f92231-2f03-11ee-b802-d8bbc1768911.jpg", "bboxes": [0.3404737732656513, 0.11182177100958823, 0.9462267343485617, 0.9206204173716864], "class": 1}