{"image": "e4f92231-2f03-11ee-b802-d8bbc1768911.jpg", "bboxes": [0.37821771009588273, 0.08515510434292162, 0.9839706711787931, 0.8939537507050197], "class": 1}