{"image": "e4f92231-2f03-11ee-b802-d8bbc1768911.jpg", "bboxes": [0.0, 0.09493513818386916, 0.5995600676818951, 0.9037337845459673], "class": 1}