{"image": "e4f92231-2f03-11ee-b802-d8bbc1768911.jpg", "bboxes": [0.2693626621545402, 0.06959954878736607, 0.8751156232374506, 0.8783981951494642], "class": 1}