{"image": "e4f92231-2f03-11ee-b802-d8bbc1768911.jpg", "bboxes": [0.08269599548787354, 0.061601804850535825, 0.6884489565707839, 0.870400451212634], "class": 1}