{"image": "e4f92231-2f03-11ee-b802-d8bbc1768911.jpg", "bboxes": [0.002662154540327164, 0.1162662154540327, 0.6084151156232376, 0.9250648618161308], "class": 1}