{"image": "e4f92231-2f03-11ee-b802-d8bbc1768911.jpg", "bboxes": [0.05155104342921605, 0.1082684715172025, 0.6573040045121264, 0.9170671178793006], "class": 1}