{"image": "e4f92231-2f03-11ee-b802-d8bbc1768911.jpg", "bboxes": [0.14491821771009583, 0.08959954878736598, 0.7506711787930062, 0.8983981951494642], "class": 1}