{"image": "e4f92231-2f03-11ee-b802-d8bbc1768911.jpg", "bboxes": [0.17599548787366048, 0.07715736040609138, 0.7817484489565709, 0.8859560067681895], "class": 1}