{"image": "e4f92231-2f03-11ee-b802-d8bbc1768911.jpg", "bboxes": [0.055995487873660495, 0.07626621545403267, 0.6617484489565709, 0.8850648618161309], "class": 1}