{"image": "e4f92231-2f03-11ee-b802-d8bbc1768911.jpg", "bboxes": [0.10047377326565132, 0.0993795826283136, 0.7062267343485618, 0.9081782289904118], "class": 1}