{"image": "e4f92231-2f03-11ee-b802-d8bbc1768911.jpg", "bboxes": [0.3382515510434291, 0.1229328821206993, 0.9440045121263395, 0.9317315284827975], "class": 1}