{"image": "e4f92231-2f03-11ee-b802-d8bbc1768911.jpg", "bboxes": [0.15158488437676243, 0.13182177100958825, 0.7573378454596729, 0.9406204173716864], "class": 1}