{"image": "e4f92231-2f03-11ee-b802-d8bbc1768911.jpg", "bboxes": [0.3848843767625494, 0.11271291596164694, 0.9906373378454598, 0.9215115623237451], "class": 1}