{"image": "e4f92231-2f03-11ee-b802-d8bbc1768911.jpg", "bboxes": [0.22269599548787355, 0.1229328821206993, 0.828448956570784, 0.9317315284827975], "class": 1}