{"image": "e4f92231-2f03-11ee-b802-d8bbc1768911.jpg", "bboxes": [0.16488437676254938, 0.09271291596164694, 0.7706373378454597, 0.9015115623237451], "class": 1}