{"image": "e4f92231-2f03-11ee-b802-d8bbc1768911.jpg", "bboxes": [0.3693626621545403, 0.10515510434292163, 0.9751156232374506, 0.9139537507050197], "class": 1}