{"image": "e4f92231-2f03-11ee-b802-d8bbc1768911.jpg", "bboxes": [0.14714043993231796, 0.0593795826283136, 0.7528934010152284, 0.8681782289904117], "class": 1}