{"image": "e4f92231-2f03-11ee-b802-d8bbc1768911.jpg", "bboxes": [0.28491821771009573, 0.07493513818386915, 0.8906711787930062, 0.8837337845459673], "class": 1}