{"image": "e4f92231-2f03-11ee-b802-d8bbc1768911.jpg", "bboxes": [0.24936266215454028, 0.07404399323181043, 0.8551156232374506, 0.8828426395939086], "class": 1}