{"image": "e4f92231-2f03-11ee-b802-d8bbc1768911.jpg", "bboxes": [0.187140439932318, 0.1340439932318105, 0.7928934010152284, 0.9428426395939086], "class": 1}