{"image": "e4f92231-2f03-11ee-b802-d8bbc1768911.jpg", "bboxes": [0.3849182177100958, 0.109599548787366, 0.9906711787930061, 0.9183981951494642], "class": 1}