{"image": "e4f92231-2f03-11ee-b802-d8bbc1768911.jpg", "bboxes": [0.23377326565143827, 0.09715736040609138, 0.8395262267343486, 0.9059560067681895], "class": 1}