{"image": "e4f92231-2f03-11ee-b802-d8bbc1768911.jpg", "bboxes": [0.0, 0.07049069373942471, 0.6039706711787931, 0.8792893401015228], "class": 1}