{"image": "e4f92231-2f03-11ee-b802-d8bbc1768911.jpg", "bboxes": [0.1159954878736605, 0.06382402707275804, 0.7217484489565709, 0.8726226734348562], "class": 1}