{"image": "e4f92231-2f03-11ee-b802-d8bbc1768911.jpg", "bboxes": [0.40714043993231797, 0.05493513818386916, 1.0, 0.8637337845459673], "class": 1}