{"image": "e4f92231-2f03-11ee-b802-d8bbc1768911.jpg", "bboxes": [0.2982177100958827, 0.0593795826283136, 0.9039706711787932, 0.8681782289904117], "class": 1}