{"image": "e4f92231-2f03-11ee-b802-d8bbc1768911.jpg", "bboxes": [0.031584884376762434, 0.09182177100958822, 0.6373378454596728, 0.9006204173716864], "class": 1}