{"image": "e4f92231-2f03-11ee-b802-d8bbc1768911.jpg", "bboxes": [0.004918217710095818, 0.08959954878736598, 0.6106711787930061, 0.8983981951494642], "class": 1}