{"image": "e4f92231-2f03-11ee-b802-d8bbc1768911.jpg", "bboxes": [0.15158488437676243, 0.12959954878736601, 0.7573378454596729, 0.9383981951494642], "class": 1}