{"image": "e4f92231-2f03-11ee-b802-d8bbc1768911.jpg", "bboxes": [0.32266215454032715, 0.10515510434292163, 0.9284151156232375, 0.9139537507050197], "class": 1}