{"image": "e4f92231-2f03-11ee-b802-d8bbc1768911.jpg", "bboxes": [0.1315848843767624, 0.11271291596164694, 0.7373378454596728, 0.9215115623237451], "class": 1}