{"image": "e4f92231-2f03-11ee-b802-d8bbc1768911.jpg", "bboxes": [0.2515848843767624, 0.0718217710095882, 0.8573378454596728, 0.8806204173716864], "class": 1}