{"image": "e4f92231-2f03-11ee-b802-d8bbc1768911.jpg", "bboxes": [0.13602932882120689, 0.07626621545403267, 0.7417822899041173, 0.8850648618161309], "class": 1}