{"image": "e4f92231-2f03-11ee-b802-d8bbc1768911.jpg", "bboxes": [0.16714043993231797, 0.09182177100958822, 0.7728934010152284, 0.9006204173716864], "class": 1}