{"image": "e4f92231-2f03-11ee-b802-d8bbc1768911.jpg", "bboxes": [0.0, 0.12737732656514378, 0.5995600676818951, 0.936175972927242], "class": 1}