{"image": "e4f92231-2f03-11ee-b802-d8bbc1768911.jpg", "bboxes": [0.20491821771009577, 0.12160180485053583, 0.8106711787930062, 0.9304004512126339], "class": 1}