{"image": "e4f92231-2f03-11ee-b802-d8bbc1768911.jpg", "bboxes": [0.34266215454032717, 0.0718217710095882, 0.9484151156232375, 0.8806204173716864], "class": 1}