{"image": "e4f92231-2f03-11ee-b802-d8bbc1768911.jpg", "bboxes": [0.3915848843767624, 0.08604624929498027, 0.9973378454596729, 0.8948448956570784], "class": 1}