{"image": "e4f92231-2f03-11ee-b802-d8bbc1768911.jpg", "bboxes": [0.13377326565143827, 0.12959954878736601, 0.7395262267343486, 0.9383981951494642], "class": 1}