{"image": "e4f92231-2f03-11ee-b802-d8bbc1768911.jpg", "bboxes": [0.1560293288212069, 0.1029328821206994, 0.7617822899041173, 0.9117315284827975], "class": 1}