{"image": "e4f92231-2f03-11ee-b802-d8bbc1768911.jpg", "bboxes": [0.31602932882120693, 0.0718217710095882, 0.9217822899041173, 0.8806204173716864], "class": 1}