{"image": "e4f92231-2f03-11ee-b802-d8bbc1768911.jpg", "bboxes": [0.36043993231810495, 0.09626621545403269, 0.9661928934010153, 0.9050648618161309], "class": 1}