{"image": "e4f92231-2f03-11ee-b802-d8bbc1768911.jpg", "bboxes": [0.2648843767625494, 0.08959954878736598, 0.8706373378454598, 0.8983981951494642], "class": 1}