{"image": "e4f92231-2f03-11ee-b802-d8bbc1768911.jpg", "bboxes": [0.22047377326565132, 0.13182177100958825, 0.8262267343485618, 0.9406204173716864], "class": 1}