{"image": "e4f92231-2f03-11ee-b802-d8bbc1768911.jpg", "bboxes": [0.12714043993231805, 0.08515510434292162, 0.7328934010152284, 0.8939537507050197], "class": 1}