{"image": "e4f92231-2f03-11ee-b802-d8bbc1768911.jpg", "bboxes": [0.0, 0.10515510434292163, 0.5906373378454598, 0.9139537507050197], "class": 1}