{"image": "e4f92231-2f03-11ee-b802-d8bbc1768911.jpg", "bboxes": [0.13155104342921606, 0.0793795826283136, 0.7373040045121264, 0.8881782289904118], "class": 1}