{"image": "e4f92231-2f03-11ee-b802-d8bbc1768911.jpg", "bboxes": [0.06266215454032717, 0.08293288212069938, 0.6684151156232375, 0.8917315284827975], "class": 1}