{"image": "e54bee8f-2f03-11ee-a252-d8bbc1768911.jpg", "bboxes": [0.30289904117315286, 0.05555555555555557, 0.9052679075014102, 0.8745064861816132], "class": 1}