{"image": "e54bee8f-2f03-11ee-a252-d8bbc1768911.jpg", "bboxes": [0.0, 0.08222222222222224, 0.5926565143824027, 0.9011731528482798], "class": 1}