{"image": "e54bee8f-2f03-11ee-a252-d8bbc1768911.jpg", "bboxes": [0.13917653694303433, 0.022222222222222237, 0.7415454032712916, 0.8411731528482799], "class": 1}