{"image": "e54bee8f-2f03-11ee-a252-d8bbc1768911.jpg", "bboxes": [0.2184545967287084, 0.14771573604060906, 0.8208234630569657, 0.9666666666666667], "class": 1}