{"image": "e54bee8f-2f03-11ee-a252-d8bbc1768911.jpg", "bboxes": [0.0, 0.14771573604060906, 0.5971009588268472, 0.9666666666666667], "class": 1}