{"image": "e54bee8f-2f03-11ee-a252-d8bbc1768911.jpg", "bboxes": [0.20362098138747875, 0.05333333333333335, 0.8059898477157361, 0.872284263959391], "class": 1}