{"image": "e54bee8f-2f03-11ee-a252-d8bbc1768911.jpg", "bboxes": [0.3769543147208121, 0.07777777777777779, 0.9793231810490693, 0.8967287084038355], "class": 1}