{"image": "e54bee8f-2f03-11ee-a252-d8bbc1768911.jpg", "bboxes": [0.14584320360970093, 0.10993795826283126, 0.7482120699379583, 0.9288888888888889], "class": 1}