{"image": "e54bee8f-2f03-11ee-a252-d8bbc1768911.jpg", "bboxes": [0.26512126339537506, 0.09882684715172019, 0.8674901297236324, 0.9177777777777778], "class": 1}