{"image": "e54bee8f-2f03-11ee-a252-d8bbc1768911.jpg", "bboxes": [0.22362098138747877, 0.136604624929498, 0.825989847715736, 0.9555555555555555], "class": 1}