{"image": "e54bee8f-2f03-11ee-a252-d8bbc1768911.jpg", "bboxes": [0.24139875916525655, 0.048888888888888905, 0.8437676254935138, 0.8678398195149465], "class": 1}