{"image": "e54bee8f-2f03-11ee-a252-d8bbc1768911.jpg", "bboxes": [0.1680654258319232, 0.07777777777777779, 0.7704342921601806, 0.8967287084038355], "class": 1}