{"image": "e54bee8f-2f03-11ee-a252-d8bbc1768911.jpg", "bboxes": [0.01250987027636763, 0.14327129159616458, 0.6148787366046249, 0.9622222222222222], "class": 1}