{"image": "e54bee8f-2f03-11ee-a252-d8bbc1768911.jpg", "bboxes": [0.31028764805414544, 0.13438240270727575, 0.9126565143824027, 0.9533333333333334], "class": 1}