{"image": "e54bee8f-2f03-11ee-a252-d8bbc1768911.jpg", "bboxes": [0.011787930062041723, 0.09882684715172019, 0.6141567963902991, 0.9177777777777778], "class": 1}