{"image": "e54bee8f-2f03-11ee-a252-d8bbc1768911.jpg", "bboxes": [0.3295657078398195, 0.1121601804850535, 0.9319345741680768, 0.9311111111111111], "class": 1}