{"image": "e54bee8f-2f03-11ee-a252-d8bbc1768911.jpg", "bboxes": [0.011787930062041723, 0.05333333333333335, 0.6141567963902991, 0.872284263959391], "class": 1}