{"image": "e54bee8f-2f03-11ee-a252-d8bbc1768911.jpg", "bboxes": [0.14734348561759728, 0.10104906937394242, 0.7497123519458546, 0.9199999999999999], "class": 1}