{"image": "e54bee8f-2f03-11ee-a252-d8bbc1768911.jpg", "bboxes": [0.05623237450648617, 0.07111111111111112, 0.6586012408347435, 0.8900620417371687], "class": 1}