{"image": "e54bee8f-2f03-11ee-a252-d8bbc1768911.jpg", "bboxes": [0.07623237450648616, 0.14549351381838682, 0.6786012408347435, 0.9644444444444444], "class": 1}