{"image": "e54bee8f-2f03-11ee-a252-d8bbc1768911.jpg", "bboxes": [0.26584320360970093, 0.1566046249294979, 0.8682120699379583, 0.9755555555555555], "class": 1}