{"image": "e54bee8f-2f03-11ee-a252-d8bbc1768911.jpg", "bboxes": [0.16139875916525648, 0.08000000000000002, 0.7637676254935138, 0.8989509306260576], "class": 1}