{"image": "e54bee8f-2f03-11ee-a252-d8bbc1768911.jpg", "bboxes": [0.2206768189509306, 0.05111111111111113, 0.823045685279188, 0.8700620417371687], "class": 1}