{"image": "e54bee8f-2f03-11ee-a252-d8bbc1768911.jpg", "bboxes": [0.3347320924985898, 0.06000000000000002, 0.9371009588268472, 0.8789509306260577], "class": 1}