{"image": "e54bee8f-2f03-11ee-a252-d8bbc1768911.jpg", "bboxes": [0.3347320924985898, 0.05333333333333335, 0.9371009588268472, 0.872284263959391], "class": 1}