{"image": "e54bee8f-2f03-11ee-a252-d8bbc1768911.jpg", "bboxes": [0.025121263395375057, 0.12771573604060904, 0.6274901297236324, 0.9466666666666667], "class": 1}