{"image": "e54bee8f-2f03-11ee-a252-d8bbc1768911.jpg", "bboxes": [0.02734348561759728, 0.1388268471517201, 0.6297123519458546, 0.9577777777777777], "class": 1}