{"image": "e54bee8f-2f03-11ee-a252-d8bbc1768911.jpg", "bboxes": [0.3295657078398195, 0.05111111111111113, 0.9319345741680768, 0.8700620417371687], "class": 1}