{"image": "e54bee8f-2f03-11ee-a252-d8bbc1768911.jpg", "bboxes": [0.014010152284263945, 0.026666666666666682, 0.6163790186125213, 0.8456175972927243], "class": 1}