{"image": "e54bee8f-2f03-11ee-a252-d8bbc1768911.jpg", "bboxes": [0.22806542583192313, 0.10993795826283126, 0.8304342921601805, 0.9288888888888889], "class": 1}