{"image": "e54bee8f-2f03-11ee-a252-d8bbc1768911.jpg", "bboxes": [0.04289904117315283, 0.1321601804850535, 0.6452679075014102, 0.9511111111111111], "class": 1}