{"image": "e54bee8f-2f03-11ee-a252-d8bbc1768911.jpg", "bboxes": [0.3902876480541454, 0.12771573604060904, 0.9926565143824028, 0.9466666666666667], "class": 1}