{"image": "e54bee8f-2f03-11ee-a252-d8bbc1768911.jpg", "bboxes": [0.20362098138747875, 0.0888888888888889, 0.8059898477157361, 0.9078398195149465], "class": 1}