{"image": "e54bee8f-2f03-11ee-a252-d8bbc1768911.jpg", "bboxes": [0.0095657078398195, 0.04222222222222224, 0.6119345741680768, 0.8611731528482799], "class": 1}