{"image": "e54bee8f-2f03-11ee-a252-d8bbc1768911.jpg", "bboxes": [0.09250987027636759, 0.10771573604060902, 0.694878736604625, 0.9266666666666666], "class": 1}