{"image": "e54bee8f-2f03-11ee-a252-d8bbc1768911.jpg", "bboxes": [0.022899041173152834, 0.0688888888888889, 0.6252679075014101, 0.8878398195149465], "class": 1}