{"image": "e54bee8f-2f03-11ee-a252-d8bbc1768911.jpg", "bboxes": [0.2769543147208121, 0.08000000000000002, 0.8793231810490694, 0.8989509306260576], "class": 1}