{"image": "e54bee8f-2f03-11ee-a252-d8bbc1768911.jpg", "bboxes": [0.09623237450648617, 0.026666666666666682, 0.6986012408347435, 0.8456175972927243], "class": 1}