{"image": "e54bee8f-2f03-11ee-a252-d8bbc1768911.jpg", "bboxes": [0.06362098138747874, 0.1188268471517202, 0.665989847715736, 0.9377777777777777], "class": 1}