{"image": "e54bee8f-2f03-11ee-a252-d8bbc1768911.jpg", "bboxes": [0.12362098138747868, 0.13438240270727575, 0.725989847715736, 0.9533333333333334], "class": 1}