{"image": "e54bee8f-2f03-11ee-a252-d8bbc1768911.jpg", "bboxes": [0.15917653694303424, 0.04666666666666668, 0.7615454032712916, 0.8656175972927243], "class": 1}