{"image": "e54bee8f-2f03-11ee-a252-d8bbc1768911.jpg", "bboxes": [0.2695657078398195, 0.10549351381838679, 0.8719345741680768, 0.9244444444444444], "class": 1}