{"image": "e54bee8f-2f03-11ee-a252-d8bbc1768911.jpg", "bboxes": [0.2206768189509306, 0.09438240270727571, 0.823045685279188, 0.9133333333333333], "class": 1}