{"image": "e54bee8f-2f03-11ee-a252-d8bbc1768911.jpg", "bboxes": [0.1695657078398195, 0.1188268471517202, 0.7719345741680769, 0.9377777777777777], "class": 1}