{"image": "e54bee8f-2f03-11ee-a252-d8bbc1768911.jpg", "bboxes": [0.12512126339537505, 0.048888888888888905, 0.7274901297236324, 0.8678398195149465], "class": 1}