{"image": "e54bee8f-2f03-11ee-a252-d8bbc1768911.jpg", "bboxes": [0.39845459672870837, 0.11438240270727573, 1.0, 0.9333333333333333], "class": 1}