{"image": "e54bee8f-2f03-11ee-a252-d8bbc1768911.jpg", "bboxes": [0.30362098138747873, 0.15438240270727566, 0.9059898477157361, 0.9733333333333333], "class": 1}