{"image": "e54bee8f-2f03-11ee-a252-d8bbc1768911.jpg", "bboxes": [0.14139875916525646, 0.028888888888888905, 0.7437676254935138, 0.8478398195149465], "class": 1}