{"image": "e54bee8f-2f03-11ee-a252-d8bbc1768911.jpg", "bboxes": [0.31401015228426393, 0.05555555555555557, 0.9163790186125212, 0.8745064861816132], "class": 1}