{"image": "e54bee8f-2f03-11ee-a252-d8bbc1768911.jpg", "bboxes": [0.29178793006204173, 0.07555555555555557, 0.8941567963902991, 0.8945064861816132], "class": 1}