{"image": "e5ec482e-2f03-11ee-991e-d8bbc1768911.jpg", "bboxes": [0.18005640157924424, 0.05535250987027638, 0.6538296672306825, 0.7265313028764806], "class": 1}