{"image": "e5ec482e-2f03-11ee-991e-d8bbc1768911.jpg", "bboxes": [0.5372814438804286, 0.31569091934574167, 1.0, 0.9868697123519459], "class": 1}