{"image": "e5ec482e-2f03-11ee-991e-d8bbc1768911.jpg", "bboxes": [0.39283699943598427, 0.2668020304568528, 0.8666102650874224, 0.937980823463057], "class": 1}