{"image": "e5ec482e-2f03-11ee-991e-d8bbc1768911.jpg", "bboxes": [0.0, 0.019796954314720824, 0.34494077834179354, 0.690975747320925], "class": 1}