{"image": "e5ec482e-2f03-11ee-991e-d8bbc1768911.jpg", "bboxes": [0.6995036661026509, 0.0575747320924986, 1.0, 0.7287535250987028], "class": 1}