{"image": "e5ec482e-2f03-11ee-991e-d8bbc1768911.jpg", "bboxes": [0.5461703327693175, 0.024241398759165266, 1.0, 0.6954201917653695], "class": 1}