{"image": "e5ec482e-2f03-11ee-991e-d8bbc1768911.jpg", "bboxes": [0.6995036661026509, 0.25791314156796386, 1.0, 0.929091934574168], "class": 1}