{"image": "e5ec482e-2f03-11ee-991e-d8bbc1768911.jpg", "bboxes": [0.6772814438804287, 0.2934686971235194, 1.0, 0.9646474901297236], "class": 1}