{"image": "e5ec482e-2f03-11ee-991e-d8bbc1768911.jpg", "bboxes": [0.03116751269035534, 0.0375747320924986, 0.5049407783417935, 0.7087535250987028], "class": 1}