{"image": "e5ec482e-2f03-11ee-991e-d8bbc1768911.jpg", "bboxes": [0.0, 0.26235758601240833, 0.33605188945290465, 0.9335363790186125], "class": 1}