{"image": "e5ec482e-2f03-11ee-991e-d8bbc1768911.jpg", "bboxes": [0.0, 0.02646362098138749, 0.4116074450084602, 0.6976424139875916], "class": 1}