{"image": "e5ec482e-2f03-11ee-991e-d8bbc1768911.jpg", "bboxes": [0.5950592216582065, 0.010908065425831934, 1.0, 0.6820868584320361], "class": 1}