{"image": "e5ec482e-2f03-11ee-991e-d8bbc1768911.jpg", "bboxes": [0.15116751269035533, 0.3112464749012972, 0.6249407783417935, 0.9824252679075014], "class": 1}