{"image": "e5ec482e-2f03-11ee-991e-d8bbc1768911.jpg", "bboxes": [0.639503666102651, 0.2868020304568528, 1.0, 0.9579808234630569], "class": 1}