{"image": "e5ec482e-2f03-11ee-991e-d8bbc1768911.jpg", "bboxes": [0.0, 0.04646362098138749, 0.29605188945290467, 0.7176424139875917], "class": 1}