{"image": "e5ec482e-2f03-11ee-991e-d8bbc1768911.jpg", "bboxes": [0.0, 0.04868584320360971, 0.4227185561195713, 0.7198646362098139], "class": 1}