{"image": "e5ec482e-2f03-11ee-991e-d8bbc1768911.jpg", "bboxes": [0.5261703327693176, 0.05313028764805416, 0.9999435984207558, 0.7243090806542584], "class": 1}