{"image": "e5ec482e-2f03-11ee-991e-d8bbc1768911.jpg", "bboxes": [0.0, 0.015352509870276379, 0.38271855611957134, 0.6865313028764806], "class": 1}