{"image": "e5ec482e-2f03-11ee-991e-d8bbc1768911.jpg", "bboxes": [0.14894529046813312, 0.02868584320360971, 0.6227185561195713, 0.6998646362098139], "class": 1}