{"image": "e5ec482e-2f03-11ee-991e-d8bbc1768911.jpg", "bboxes": [0.5617258883248731, 0.035352509870276376, 1.0, 0.7065313028764806], "class": 1}