{"image": "e5ec482e-2f03-11ee-991e-d8bbc1768911.jpg", "bboxes": [0.21338973491257757, 0.2845798082346306, 0.6871630005640158, 0.9557586012408348], "class": 1}