{"image": "e5ec482e-2f03-11ee-991e-d8bbc1768911.jpg", "bboxes": [0.037834179357022005, 0.32013536379018614, 0.5116074450084602, 0.9913141567963903], "class": 1}