{"image": "e5ec482e-2f03-11ee-991e-d8bbc1768911.jpg", "bboxes": [0.5306147772137619, 0.042019176536943044, 1.0, 0.7131979695431472], "class": 1}