{"image": "e5ec482e-2f03-11ee-991e-d8bbc1768911.jpg", "bboxes": [0.09116751269035533, 0.2668020304568528, 0.5649407783417936, 0.937980823463057], "class": 1}