{"image": "e5ec482e-2f03-11ee-991e-d8bbc1768911.jpg", "bboxes": [0.14450084602368868, 0.2801353637901861, 0.6182741116751269, 0.9513141567963903], "class": 1}