{"image": "e5ec482e-2f03-11ee-991e-d8bbc1768911.jpg", "bboxes": [0.21116751269035533, 0.29569091934574165, 0.6849407783417936, 0.9668697123519459], "class": 1}