{"image": "e5ec482e-2f03-11ee-991e-d8bbc1768911.jpg", "bboxes": [0.6083925549915398, 0.06868584320360971, 1.0, 0.7398646362098139], "class": 1}