{"image": "e5ec482e-2f03-11ee-991e-d8bbc1768911.jpg", "bboxes": [0.6350592216582065, 0.04424139875916527, 1.0, 0.7154201917653694], "class": 1}