{"image": "e5ec482e-2f03-11ee-991e-d8bbc1768911.jpg", "bboxes": [0.09338973491257756, 0.07313028764805415, 0.5671630005640158, 0.7443090806542584], "class": 1}