{"image": "e5ec482e-2f03-11ee-991e-d8bbc1768911.jpg", "bboxes": [0.31061477721376196, 0.27569091934574164, 0.7843880428652003, 0.9468697123519458], "class": 1}