{"image": "e5ec482e-2f03-11ee-991e-d8bbc1768911.jpg", "bboxes": [0.0, 0.030908065425831934, 0.3716074450084602, 0.7020868584320361], "class": 1}