{"image": "e5ec482e-2f03-11ee-991e-d8bbc1768911.jpg", "bboxes": [0.0, 0.013130287648054156, 0.469385222786238, 0.6843090806542583], "class": 1}