{"image": "e5ec482e-2f03-11ee-991e-d8bbc1768911.jpg", "bboxes": [0.06894529046813312, 0.2934686971235194, 0.5427185561195713, 0.9646474901297236], "class": 1}