{"image": "e5ec482e-2f03-11ee-991e-d8bbc1768911.jpg", "bboxes": [0.3239481105470954, 0.059796954314720825, 0.7977213761985336, 0.730975747320925], "class": 1}