{"image": "e5ec482e-2f03-11ee-991e-d8bbc1768911.jpg", "bboxes": [0.39728144388042863, 0.2556909193457416, 0.8710547095318669, 0.9268697123519458], "class": 1}