{"image": "e5ec482e-2f03-11ee-991e-d8bbc1768911.jpg", "bboxes": [0.3439481105470953, 0.26457980823463056, 0.8177213761985336, 0.9357586012408348], "class": 1}