{"image": "e5ec482e-2f03-11ee-991e-d8bbc1768911.jpg", "bboxes": [0.0, 0.008685843203609711, 0.30494077834179356, 0.6798646362098139], "class": 1}