{"image": "e5ec482e-2f03-11ee-991e-d8bbc1768911.jpg", "bboxes": [0.0, 0.03313028764805415, 0.38271855611957134, 0.7043090806542583], "class": 1}