{"image": "e5ec482e-2f03-11ee-991e-d8bbc1768911.jpg", "bboxes": [0.30394811054709536, 0.30902425267907496, 0.7777213761985335, 0.9802030456852792], "class": 1}