{"image": "e5ec482e-2f03-11ee-991e-d8bbc1768911.jpg", "bboxes": [0.4083925549915398, 0.03979695431472082, 0.882165820642978, 0.7109757473209251], "class": 1}