{"image": "e5ec482e-2f03-11ee-991e-d8bbc1768911.jpg", "bboxes": [0.5972814438804287, 0.022019176536943044, 1.0, 0.6931979695431473], "class": 1}