{"image": "e5ec482e-2f03-11ee-991e-d8bbc1768911.jpg", "bboxes": [0.1267230682459109, 0.3001353637901861, 0.6004963338973491, 0.9713141567963903], "class": 1}