{"image": "e5ec482e-2f03-11ee-991e-d8bbc1768911.jpg", "bboxes": [0.5328369994359843, 0.050908065425831935, 1.0, 0.7220868584320361], "class": 1}