{"image": "e5ec482e-2f03-11ee-991e-d8bbc1768911.jpg", "bboxes": [0.09338973491257756, 0.26235758601240833, 0.5671630005640158, 0.9335363790186125], "class": 1}