{"image": "e5ec482e-2f03-11ee-991e-d8bbc1768911.jpg", "bboxes": [0.350614777213762, 0.07535250987027638, 0.8243880428652002, 0.7465313028764806], "class": 1}