{"image": "e5ec482e-2f03-11ee-991e-d8bbc1768911.jpg", "bboxes": [0.0, 0.2534686971235194, 0.3338296672306824, 0.9246474901297236], "class": 1}