{"image": "e6dcecf5-2f03-11ee-99c7-d8bbc1768911.jpg", "bboxes": [0.3636548223350254, 0.3048166948674562, 0.8723970671178792, 0.9602030456852791], "class": 1}