{"image": "e6dcecf5-2f03-11ee-99c7-d8bbc1768911.jpg", "bboxes": [0.3680992667794698, 0.2737055837563451, 0.8768415115623237, 0.929091934574168], "class": 1}