{"image": "e6dcecf5-2f03-11ee-99c7-d8bbc1768911.jpg", "bboxes": [0.19426959954878742, 0.2848166948674562, 0.7030118443316413, 0.9402030456852791], "class": 1}