{"image": "e6dcecf5-2f03-11ee-99c7-d8bbc1768911.jpg", "bboxes": [0.07032148900169205, 0.32037225042301176, 0.5790637337845459, 0.9757586012408347], "class": 1}