{"image": "e6dcecf5-2f03-11ee-99c7-d8bbc1768911.jpg", "bboxes": [0.17649182177100964, 0.27592780597856736, 0.6852340665538634, 0.9313141567963903], "class": 1}