{"image": "e6dcecf5-2f03-11ee-99c7-d8bbc1768911.jpg", "bboxes": [0.23649182177100958, 0.059796954314720825, 0.7452340665538635, 0.7151833051325438], "class": 1}