{"image": "e6dcecf5-2f03-11ee-99c7-d8bbc1768911.jpg", "bboxes": [0.4276029328821207, 0.33148336153412283, 0.9363451776649746, 0.9868697123519459], "class": 1}