{"image": "e6dcecf5-2f03-11ee-99c7-d8bbc1768911.jpg", "bboxes": [0.5053807106598984, 0.3292611393119007, 1.0, 0.9846474901297236], "class": 1}