{"image": "e6dcecf5-2f03-11ee-99c7-d8bbc1768911.jpg", "bboxes": [0.0769881556683587, 0.2714833615341229, 0.5857304004512126, 0.9268697123519458], "class": 1}