{"image": "e6dcecf5-2f03-11ee-99c7-d8bbc1768911.jpg", "bboxes": [0.24760293288212076, 0.02868584320360971, 0.7563451776649746, 0.6840721940214327], "class": 1}