{"image": "e6dcecf5-2f03-11ee-99c7-d8bbc1768911.jpg", "bboxes": [0.3592103778905809, 0.2848166948674562, 0.8679526226734349, 0.9402030456852791], "class": 1}