{"image": "e6dcecf5-2f03-11ee-99c7-d8bbc1768911.jpg", "bboxes": [0.33032148900169206, 0.30703891708967845, 0.8390637337845459, 0.9624252679075014], "class": 1}