{"image": "e6dcecf5-2f03-11ee-99c7-d8bbc1768911.jpg", "bboxes": [0.4453807106598985, 0.27592780597856736, 0.9541229554427524, 0.9313141567963903], "class": 1}