{"image": "e6dcecf5-2f03-11ee-99c7-d8bbc1768911.jpg", "bboxes": [0.29254371122391426, 0.02646362098138749, 0.8012859560067682, 0.6818499717992105], "class": 1}