{"image": "e6dcecf5-2f03-11ee-99c7-d8bbc1768911.jpg", "bboxes": [0.15254371122391427, 0.05313028764805416, 0.6612859560067682, 0.7085166384658771], "class": 1}