{"image": "e6dcecf5-2f03-11ee-99c7-d8bbc1768911.jpg", "bboxes": [0.06365482233502538, 0.04868584320360971, 0.5723970671178793, 0.7040721940214327], "class": 1}