{"image": "e6dcecf5-2f03-11ee-99c7-d8bbc1768911.jpg", "bboxes": [0.2520473773265651, 0.04646362098138749, 0.760789622109419, 0.7018499717992105], "class": 1}