{"image": "e6dcecf5-2f03-11ee-99c7-d8bbc1768911.jpg", "bboxes": [0.23921037789058094, 0.3114833615341229, 0.7479526226734349, 0.9668697123519459], "class": 1}