{"image": "e6dcecf5-2f03-11ee-99c7-d8bbc1768911.jpg", "bboxes": [0.3631584884376763, 0.2848166948674562, 0.8719007332205302, 0.9402030456852791], "class": 1}