{"image": "e6dcecf5-2f03-11ee-99c7-d8bbc1768911.jpg", "bboxes": [0.3147659334461365, 0.008685843203609711, 0.8235081782289904, 0.6640721940214327], "class": 1}