{"image": "e6dcecf5-2f03-11ee-99c7-d8bbc1768911.jpg", "bboxes": [0.31649182177100965, 0.03979695431472082, 0.8252340665538636, 0.6951833051325438], "class": 1}