{"image": "e6dcecf5-2f03-11ee-99c7-d8bbc1768911.jpg", "bboxes": [0.4320473773265652, 0.013130287648054156, 0.9407896221094191, 0.6685166384658772], "class": 1}