{"image": "e6dcecf5-2f03-11ee-99c7-d8bbc1768911.jpg", "bboxes": [0.17921037789058092, 0.33370558375634507, 0.6879526226734348, 0.9890919345741681], "class": 1}