{"image": "e6dcecf5-2f03-11ee-99c7-d8bbc1768911.jpg", "bboxes": [0.29871404399323187, 0.059796954314720825, 0.8074562887760858, 0.7151833051325438], "class": 1}