{"image": "e6dcecf5-2f03-11ee-99c7-d8bbc1768911.jpg", "bboxes": [0.11032148900169204, 0.28703891708967844, 0.6190637337845459, 0.9424252679075014], "class": 1}