{"image": "e6dcecf5-2f03-11ee-99c7-d8bbc1768911.jpg", "bboxes": [0.32315848843767625, 0.322594472645234, 0.8319007332205302, 0.9779808234630569], "class": 1}