{"image": "e6dcecf5-2f03-11ee-99c7-d8bbc1768911.jpg", "bboxes": [0.15649182177100962, 0.32481669486745623, 0.6652340665538635, 0.9802030456852792], "class": 1}