{"image": "e6dcecf5-2f03-11ee-99c7-d8bbc1768911.jpg", "bboxes": [0.02809926677946982, 0.0375747320924986, 0.5368415115623237, 0.6929610829103215], "class": 1}