{"image": "e6dcecf5-2f03-11ee-99c7-d8bbc1768911.jpg", "bboxes": [0.44315848843767625, 0.06201917653694305, 0.9519007332205301, 0.717405527354766], "class": 1}