{"image": "e6dcecf5-2f03-11ee-99c7-d8bbc1768911.jpg", "bboxes": [0.3725437112239143, 0.030908065425831934, 0.8812859560067682, 0.686294416243655], "class": 1}