{"image": "e6dcecf5-2f03-11ee-99c7-d8bbc1768911.jpg", "bboxes": [0.11254371122391427, 0.28259447264523396, 0.6212859560067682, 0.937980823463057], "class": 1}