{"image": "e6dcecf5-2f03-11ee-99c7-d8bbc1768911.jpg", "bboxes": [0.11698815566835871, 0.02646362098138749, 0.6257304004512126, 0.6818499717992105], "class": 1}