{"image": "e6dcecf5-2f03-11ee-99c7-d8bbc1768911.jpg", "bboxes": [0.2631584884376763, 0.29592780597856727, 0.7719007332205302, 0.9513141567963903], "class": 1}