{"image": "e6dcecf5-2f03-11ee-99c7-d8bbc1768911.jpg", "bboxes": [0.25032148900169204, 0.32703891708967847, 0.759063733784546, 0.9824252679075014], "class": 1}