{"image": "e6dcecf5-2f03-11ee-99c7-d8bbc1768911.jpg", "bboxes": [0.34365482233502537, 0.28703891708967844, 0.8523970671178793, 0.9424252679075014], "class": 1}