{"image": "e6dcecf5-2f03-11ee-99c7-d8bbc1768911.jpg", "bboxes": [0.30982515510434294, 0.3292611393119007, 0.8185673998871968, 0.9846474901297236], "class": 1}