{"image": "e6dcecf5-2f03-11ee-99c7-d8bbc1768911.jpg", "bboxes": [0.4520473773265652, 0.010908065425831934, 0.9607896221094191, 0.6662944162436549], "class": 1}