{"image": "e6dcecf5-2f03-11ee-99c7-d8bbc1768911.jpg", "bboxes": [0.20365482233502538, 0.035352509870276376, 0.7123970671178793, 0.6907388606880993], "class": 1}