{"image": "e6dcecf5-2f03-11ee-99c7-d8bbc1768911.jpg", "bboxes": [0.0987140439932318, 0.28259447264523396, 0.6074562887760857, 0.937980823463057], "class": 1}