{"image": "e6dcecf5-2f03-11ee-99c7-d8bbc1768911.jpg", "bboxes": [0.05921037789058093, 0.02868584320360971, 0.5679526226734348, 0.6840721940214327], "class": 1}