{"image": "e6dcecf5-2f03-11ee-99c7-d8bbc1768911.jpg", "bboxes": [0.008099266779469821, 0.2914833615341229, 0.5168415115623237, 0.9468697123519458], "class": 1}