{"image": "e6dcecf5-2f03-11ee-99c7-d8bbc1768911.jpg", "bboxes": [0.12538071065989853, 0.03979695431472082, 0.6341229554427523, 0.6951833051325438], "class": 1}