{"image": "e6dcecf5-2f03-11ee-99c7-d8bbc1768911.jpg", "bboxes": [0.3942695995487874, 0.3092611393119007, 0.9030118443316413, 0.9646474901297236], "class": 1}