{"image": "e6dcecf5-2f03-11ee-99c7-d8bbc1768911.jpg", "bboxes": [0.350321489001692, 0.015352509870276379, 0.8590637337845459, 0.6707388606880993], "class": 1}