{"image": "e6dcecf5-2f03-11ee-99c7-d8bbc1768911.jpg", "bboxes": [0.06365482233502538, 0.3292611393119007, 0.5723970671178793, 0.9846474901297236], "class": 1}