{"image": "e6dcecf5-2f03-11ee-99c7-d8bbc1768911.jpg", "bboxes": [0.35254371122391426, 0.26926113931190065, 0.8612859560067682, 0.9246474901297236], "class": 1}