{"image": "e6dcecf5-2f03-11ee-99c7-d8bbc1768911.jpg", "bboxes": [0.0920473773265652, 0.30703891708967845, 0.6007896221094191, 0.9624252679075014], "class": 1}