{"image": "e6dcecf5-2f03-11ee-99c7-d8bbc1768911.jpg", "bboxes": [0.012543711223914266, 0.302594472645234, 0.5212859560067682, 0.9579808234630569], "class": 1}