{"image": "e6dcecf5-2f03-11ee-99c7-d8bbc1768911.jpg", "bboxes": [0.34315848843767627, 0.035352509870276376, 0.8519007332205302, 0.6907388606880993], "class": 1}