{"image": "e7da55fa-2f03-11ee-a49d-d8bbc1768911.jpg", "bboxes": [0.4030231246474901, 0.01743936830231248, 0.9331979695431473, 0.6920022560631698], "class": 1}