{"image": "e7da55fa-2f03-11ee-a49d-d8bbc1768911.jpg", "bboxes": [0.03569091934574165, 0.2991088550479414, 0.5658657642413987, 0.9736717428087986], "class": 1}