{"image": "e7da55fa-2f03-11ee-a49d-d8bbc1768911.jpg", "bboxes": [0.3801353637901861, 0.31021996615905245, 0.9103102086858431, 0.9847828539199097], "class": 1}