{"image": "e7da55fa-2f03-11ee-a49d-d8bbc1768911.jpg", "bboxes": [0.14302312464749012, 0.27910885504794136, 0.6731979695431473, 0.9536717428087986], "class": 1}