{"image": "e7da55fa-2f03-11ee-a49d-d8bbc1768911.jpg", "bboxes": [0.029024252679074988, 0.27910885504794136, 0.5591990975747321, 0.9536717428087986], "class": 1}