{"image": "e7da55fa-2f03-11ee-a49d-d8bbc1768911.jpg", "bboxes": [0.0, 0.061883812746756924, 0.49697687535250984, 0.7364467005076142], "class": 1}