{"image": "e7da55fa-2f03-11ee-a49d-d8bbc1768911.jpg", "bboxes": [0.1474675690919346, 0.27910885504794136, 0.6776424139875916, 0.9536717428087986], "class": 1}