{"image": "e7da55fa-2f03-11ee-a49d-d8bbc1768911.jpg", "bboxes": [0.37191201353637904, 0.2946644106034969, 0.9020868584320361, 0.9692272983643542], "class": 1}