{"image": "e7da55fa-2f03-11ee-a49d-d8bbc1768911.jpg", "bboxes": [0.20680203045685278, 0.021883812746756926, 0.7369768753525098, 0.6964467005076141], "class": 1}