{"image": "e7da55fa-2f03-11ee-a49d-d8bbc1768911.jpg", "bboxes": [0.3801353637901861, 0.030772701635645813, 0.9103102086858431, 0.7053355893965031], "class": 1}