{"image": "e7da55fa-2f03-11ee-a49d-d8bbc1768911.jpg", "bboxes": [0.46746756909193465, 0.0018838127467569244, 0.9976424139875917, 0.6764467005076142], "class": 1}