{"image": "e7da55fa-2f03-11ee-a49d-d8bbc1768911.jpg", "bboxes": [0.34746756909193466, 0.3013310772701636, 0.8776424139875917, 0.9758939650310209], "class": 1}