{"image": "e7da55fa-2f03-11ee-a49d-d8bbc1768911.jpg", "bboxes": [0.351912013536379, 0.021883812746756926, 0.8820868584320362, 0.6964467005076141], "class": 1}