{"image": "e7da55fa-2f03-11ee-a49d-d8bbc1768911.jpg", "bboxes": [0.33791314156796387, 0.2613310772701636, 0.868087986463621, 0.9358939650310208], "class": 1}