{"image": "e7da55fa-2f03-11ee-a49d-d8bbc1768911.jpg", "bboxes": [0.1712464749012972, 0.0, 0.7014213197969543, 0.674224478285392], "class": 1}