{"image": "e7da55fa-2f03-11ee-a49d-d8bbc1768911.jpg", "bboxes": [0.08235758601240832, 0.0596615905245347, 0.6125324309080654, 0.734224478285392], "class": 1}