{"image": "e7da55fa-2f03-11ee-a49d-d8bbc1768911.jpg", "bboxes": [0.22080090242526795, 0.2679977439368303, 0.750975747320925, 0.9425606316976876], "class": 1}