{"image": "e7da55fa-2f03-11ee-a49d-d8bbc1768911.jpg", "bboxes": [0.149024252679075, 0.2635532994923858, 0.6791990975747321, 0.9381161872532431], "class": 1}