{"image": "e7da55fa-2f03-11ee-a49d-d8bbc1768911.jpg", "bboxes": [0.44302312464749016, 0.010772701635645813, 0.9731979695431472, 0.6853355893965031], "class": 1}