{"image": "e7da55fa-2f03-11ee-a49d-d8bbc1768911.jpg", "bboxes": [0.25857868020304575, 0.05077270163564581, 0.7887535250987028, 0.7253355893965031], "class": 1}