{"image": "e7da55fa-2f03-11ee-a49d-d8bbc1768911.jpg", "bboxes": [0.4385786802030457, 0.06632825719120138, 0.9687535250987028, 0.7408911449520587], "class": 1}