{"image": "e7da55fa-2f03-11ee-a49d-d8bbc1768911.jpg", "bboxes": [0.4896897913141568, 0.3079977439368302, 1.0, 0.9825606316976875], "class": 1}