{"image": "e7da55fa-2f03-11ee-a49d-d8bbc1768911.jpg", "bboxes": [0.4385786802030457, 0.28355329949238584, 0.9687535250987028, 0.9581161872532431], "class": 1}