{"image": "e7da55fa-2f03-11ee-a49d-d8bbc1768911.jpg", "bboxes": [0.30013536379018607, 0.28355329949238584, 0.8303102086858432, 0.9581161872532431], "class": 1}