{"image": "e7da55fa-2f03-11ee-a49d-d8bbc1768911.jpg", "bboxes": [0.3385786802030457, 0.008550479413423592, 0.8687535250987029, 0.6831133671742808], "class": 1}