{"image": "e7da55fa-2f03-11ee-a49d-d8bbc1768911.jpg", "bboxes": [0.3119120135363791, 0.04632825719120137, 0.8420868584320361, 0.7208911449520586], "class": 1}