{"image": "e7da55fa-2f03-11ee-a49d-d8bbc1768911.jpg", "bboxes": [0.10080090242526796, 0.28577552171460807, 0.630975747320925, 0.9603384094754653], "class": 1}