{"image": "e7da55fa-2f03-11ee-a49d-d8bbc1768911.jpg", "bboxes": [0.20902425267907498, 0.06410603496897915, 0.739199097574732, 0.7386689227298364], "class": 1}