{"image": "e7da55fa-2f03-11ee-a49d-d8bbc1768911.jpg", "bboxes": [0.09124647490129721, 0.25910885504794134, 0.6214213197969543, 0.9336717428087986], "class": 1}