{"image": "e7da55fa-2f03-11ee-a49d-d8bbc1768911.jpg", "bboxes": [0.31413423575860133, 0.02855047941342359, 0.8443090806542584, 0.7031133671742809], "class": 1}