{"image": "e7da55fa-2f03-11ee-a49d-d8bbc1768911.jpg", "bboxes": [0.211912013536379, 0.2746644106034969, 0.7420868584320361, 0.9492272983643542], "class": 1}