{"image": "e7da55fa-2f03-11ee-a49d-d8bbc1768911.jpg", "bboxes": [0.3319120135363791, 0.32355329949238576, 0.8620868584320361, 0.998116187253243], "class": 1}