{"image": "e7da55fa-2f03-11ee-a49d-d8bbc1768911.jpg", "bboxes": [0.0, 0.32133107727016363, 0.5147546531302876, 0.9958939650310209], "class": 1}