{"image": "e7da55fa-2f03-11ee-a49d-d8bbc1768911.jpg", "bboxes": [0.32746756909193464, 0.2635532994923858, 0.8576424139875917, 0.9381161872532431], "class": 1}