{"image": "e7da55fa-2f03-11ee-a49d-d8bbc1768911.jpg", "bboxes": [0.2312464749012972, 0.026328257191201368, 0.7614213197969543, 0.7008911449520586], "class": 1}