{"image": "e7da55fa-2f03-11ee-a49d-d8bbc1768911.jpg", "bboxes": [0.269024252679075, 0.055217146080090256, 0.7991990975747321, 0.7297800338409476], "class": 1}