{"image": "e7da55fa-2f03-11ee-a49d-d8bbc1768911.jpg", "bboxes": [0.3630231246474902, 0.28355329949238584, 0.8931979695431472, 0.9581161872532431], "class": 1}