{"image": "e7da55fa-2f03-11ee-a49d-d8bbc1768911.jpg", "bboxes": [0.12080090242526798, 0.048550479413423595, 0.650975747320925, 0.7231133671742809], "class": 1}