{"image": "e7da55fa-2f03-11ee-a49d-d8bbc1768911.jpg", "bboxes": [0.34746756909193466, 0.015217146080090258, 0.8776424139875917, 0.6897800338409475], "class": 1}