{"image": "e7da55fa-2f03-11ee-a49d-d8bbc1768911.jpg", "bboxes": [0.01569091934574165, 0.05299492385786803, 0.5458657642413988, 0.7275578116187253], "class": 1}