{"image": "e7da55fa-2f03-11ee-a49d-d8bbc1768911.jpg", "bboxes": [0.4274675690919346, 0.008550479413423592, 0.9576424139875916, 0.6831133671742808], "class": 1}