{"image": "e7da55fa-2f03-11ee-a49d-d8bbc1768911.jpg", "bboxes": [0.03346869712351943, 0.2991088550479414, 0.5636435420191765, 0.9736717428087986], "class": 1}