{"image": "e7da55fa-2f03-11ee-a49d-d8bbc1768911.jpg", "bboxes": [0.1401353637901861, 0.04188381274675693, 0.6703102086858431, 0.7164467005076142], "class": 1}