{"image": "e7da55fa-2f03-11ee-a49d-d8bbc1768911.jpg", "bboxes": [0.31635645798082346, 0.024106034968979145, 0.8465313028764806, 0.6986689227298364], "class": 1}