{"image": "e7da55fa-2f03-11ee-a49d-d8bbc1768911.jpg", "bboxes": [0.1985786802030457, 0.06632825719120138, 0.7287535250987027, 0.7408911449520587], "class": 1}