{"image": "e7da55fa-2f03-11ee-a49d-d8bbc1768911.jpg", "bboxes": [0.18302312464749015, 0.06410603496897915, 0.7131979695431472, 0.7386689227298364], "class": 1}