{"image": "e7da55fa-2f03-11ee-a49d-d8bbc1768911.jpg", "bboxes": [0.4696897913141569, 0.27244218838127465, 0.9998646362098139, 0.9470050761421319], "class": 1}