{"image": "e7da55fa-2f03-11ee-a49d-d8bbc1768911.jpg", "bboxes": [0.329024252679075, 0.055217146080090256, 0.859199097574732, 0.7297800338409476], "class": 1}