{"image": "e7da55fa-2f03-11ee-a49d-d8bbc1768911.jpg", "bboxes": [0.30968979131415686, 0.29688663282571914, 0.8398646362098139, 0.9714495205865764], "class": 1}