{"image": "e7da55fa-2f03-11ee-a49d-d8bbc1768911.jpg", "bboxes": [0.0, 0.01743936830231248, 0.5169768753525098, 0.6920022560631698], "class": 1}