{"image": "e7da55fa-2f03-11ee-a49d-d8bbc1768911.jpg", "bboxes": [0.0, 0.29021996615905243, 0.5058657642413987, 0.9647828539199097], "class": 1}