{"image": "e8d95fb5-2f03-11ee-8a26-d8bbc1768911.jpg", "bboxes": [0.22022560631697696, 0.27237450648618156, 0.7763451776649746, 0.9424252679075014], "class": 1}