{"image": "e8d95fb5-2f03-11ee-8a26-d8bbc1768911.jpg", "bboxes": [0.34689227298364356, 0.28570783981951486, 0.9030118443316413, 0.9557586012408348], "class": 1}