{"image": "e8d95fb5-2f03-11ee-8a26-d8bbc1768911.jpg", "bboxes": [0.05355893965031022, 0.03313028764805415, 0.6096785109983079, 0.7031810490693741], "class": 1}