{"image": "e8d95fb5-2f03-11ee-8a26-d8bbc1768911.jpg", "bboxes": [0.16689227298364362, 0.2612633953750704, 0.7230118443316413, 0.9313141567963903], "class": 1}