{"image": "e8d95fb5-2f03-11ee-8a26-d8bbc1768911.jpg", "bboxes": [0.2347659334461365, 0.06646362098138749, 0.7908855047941342, 0.7365143824027074], "class": 1}