{"image": "e8d95fb5-2f03-11ee-8a26-d8bbc1768911.jpg", "bboxes": [0.14467005076142136, 0.059796954314720825, 0.7007896221094191, 0.7298477157360407], "class": 1}