{"image": "e8d95fb5-2f03-11ee-8a26-d8bbc1768911.jpg", "bboxes": [0.2980033840947547, 0.3190411731528482, 0.8541229554427524, 0.9890919345741681], "class": 1}