{"image": "e8d95fb5-2f03-11ee-8a26-d8bbc1768911.jpg", "bboxes": [0.36143260011280315, 0.050908065425831935, 0.9175521714608008, 0.7209588268471518], "class": 1}