{"image": "e8d95fb5-2f03-11ee-8a26-d8bbc1768911.jpg", "bboxes": [0.07800338409475471, 0.2545967287084038, 0.6341229554427523, 0.9246474901297236], "class": 1}