{"image": "e8d95fb5-2f03-11ee-8a26-d8bbc1768911.jpg", "bboxes": [0.023654822335025378, 0.2768189509306259, 0.5797743936830231, 0.9468697123519458], "class": 1}