{"image": "e8d95fb5-2f03-11ee-8a26-d8bbc1768911.jpg", "bboxes": [0.1980033840947547, 0.04868584320360971, 0.7541229554427524, 0.7187366046249296], "class": 1}