{"image": "e8d95fb5-2f03-11ee-8a26-d8bbc1768911.jpg", "bboxes": [0.10809926677946982, 0.2879300620417371, 0.6642188381274675, 0.9579808234630569], "class": 1}