{"image": "e8d95fb5-2f03-11ee-8a26-d8bbc1768911.jpg", "bboxes": [0.07032148900169205, 0.31681895093062595, 0.6264410603496897, 0.9868697123519459], "class": 1}