{"image": "e8d95fb5-2f03-11ee-8a26-d8bbc1768911.jpg", "bboxes": [0.2935589396503102, 0.02646362098138749, 0.8496785109983079, 0.6965143824027074], "class": 1}