{"image": "e8d95fb5-2f03-11ee-8a26-d8bbc1768911.jpg", "bboxes": [0.30689227298364363, 0.024241398759165266, 0.8630118443316412, 0.6942921601804851], "class": 1}