{"image": "e8d95fb5-2f03-11ee-8a26-d8bbc1768911.jpg", "bboxes": [0.12365482233502538, 0.042019176536943044, 0.6797743936830231, 0.7120699379582629], "class": 1}