{"image": "e8d95fb5-2f03-11ee-8a26-d8bbc1768911.jpg", "bboxes": [0.3347659334461365, 0.30348561759729265, 0.8908855047941342, 0.9735363790186126], "class": 1}