{"image": "e8d95fb5-2f03-11ee-8a26-d8bbc1768911.jpg", "bboxes": [0.25476593344613646, 0.2945967287084037, 0.8108855047941342, 0.9646474901297236], "class": 1}