{"image": "e8d95fb5-2f03-11ee-8a26-d8bbc1768911.jpg", "bboxes": [0.34689227298364356, 0.04646362098138749, 0.9030118443316413, 0.7165143824027074], "class": 1}