{"image": "e8d95fb5-2f03-11ee-8a26-d8bbc1768911.jpg", "bboxes": [0.451336717428088, 0.03313028764805415, 1.0, 0.7031810490693741], "class": 1}