{"image": "e8d95fb5-2f03-11ee-8a26-d8bbc1768911.jpg", "bboxes": [0.3947659334461365, 0.3057078398195149, 0.9508855047941343, 0.9757586012408347], "class": 1}