{"image": "e8d95fb5-2f03-11ee-8a26-d8bbc1768911.jpg", "bboxes": [0.4580033840947547, 0.013130287648054156, 1.0, 0.683181049069374], "class": 1}