{"image": "e8d95fb5-2f03-11ee-8a26-d8bbc1768911.jpg", "bboxes": [0.3547659334461365, 0.29015228426395934, 0.9108855047941342, 0.9602030456852791], "class": 1}