{"image": "e8d95fb5-2f03-11ee-8a26-d8bbc1768911.jpg", "bboxes": [0.17032148900169206, 0.05313028764805416, 0.7264410603496898, 0.7231810490693741], "class": 1}