{"image": "e8d95fb5-2f03-11ee-8a26-d8bbc1768911.jpg", "bboxes": [0.08911449520586578, 0.06424139875916526, 0.6452340665538635, 0.7342921601804852], "class": 1}