{"image": "e8d95fb5-2f03-11ee-8a26-d8bbc1768911.jpg", "bboxes": [0.21476593344613648, 0.2612633953750704, 0.7708855047941342, 0.9313141567963903], "class": 1}