{"image": "e8d95fb5-2f03-11ee-8a26-d8bbc1768911.jpg", "bboxes": [0.1969881556683587, 0.256818950930626, 0.7531077270163564, 0.9268697123519458], "class": 1}