{"image": "e8d95fb5-2f03-11ee-8a26-d8bbc1768911.jpg", "bboxes": [0.24143260011280315, 0.06424139875916526, 0.7975521714608008, 0.7342921601804852], "class": 1}