{"image": "e8d95fb5-2f03-11ee-8a26-d8bbc1768911.jpg", "bboxes": [0.25800338409475465, 0.015352509870276379, 0.8141229554427524, 0.6854032712915963], "class": 1}