{"image": "e8d95fb5-2f03-11ee-8a26-d8bbc1768911.jpg", "bboxes": [0.4646700507614213, 0.05535250987027638, 1.0, 0.7254032712915962], "class": 1}