{"image": "e8d95fb5-2f03-11ee-8a26-d8bbc1768911.jpg", "bboxes": [0.37800338409475465, 0.2879300620417371, 0.9341229554427524, 0.9579808234630569], "class": 1}