{"image": "e8d95fb5-2f03-11ee-8a26-d8bbc1768911.jpg", "bboxes": [0.15698815566835872, 0.3057078398195149, 0.7131077270163564, 0.9757586012408347], "class": 1}