{"image": "e8d95fb5-2f03-11ee-8a26-d8bbc1768911.jpg", "bboxes": [0.07578116187253248, 0.2923745064861816, 0.6319007332205302, 0.9624252679075014], "class": 1}