{"image": "e8d95fb5-2f03-11ee-8a26-d8bbc1768911.jpg", "bboxes": [0.17254371122391426, 0.05535250987027638, 0.7286632825719119, 0.7254032712915962], "class": 1}