{"image": "e8d95fb5-2f03-11ee-8a26-d8bbc1768911.jpg", "bboxes": [0.24022560631697687, 0.27904117315284815, 0.7963451776649746, 0.9490919345741681], "class": 1}