{"image": "e8d95fb5-2f03-11ee-8a26-d8bbc1768911.jpg", "bboxes": [0.3036548223350254, 0.035352509870276376, 0.8597743936830231, 0.7054032712915963], "class": 1}