{"image": "e8d95fb5-2f03-11ee-8a26-d8bbc1768911.jpg", "bboxes": [0.2058770445572476, 0.03979695431472082, 0.7619966159052453, 0.7098477157360407], "class": 1}