{"image": "e8d95fb5-2f03-11ee-8a26-d8bbc1768911.jpg", "bboxes": [0.08809926677946982, 0.27237450648618156, 0.6442188381274675, 0.9424252679075014], "class": 1}