{"image": "e8d95fb5-2f03-11ee-8a26-d8bbc1768911.jpg", "bboxes": [0.3357811618725325, 0.059796954314720825, 0.8919007332205302, 0.7298477157360407], "class": 1}