{"image": "e8d95fb5-2f03-11ee-8a26-d8bbc1768911.jpg", "bboxes": [0.10244782853919909, 0.3190411731528482, 0.6585673998871968, 0.9890919345741681], "class": 1}