{"image": "e8d95fb5-2f03-11ee-8a26-d8bbc1768911.jpg", "bboxes": [0.010321489001692044, 0.3190411731528482, 0.5664410603496898, 0.9890919345741681], "class": 1}