{"image": "e8d95fb5-2f03-11ee-8a26-d8bbc1768911.jpg", "bboxes": [0.35254371122391426, 0.2634856175972926, 0.908663282571912, 0.9335363790186125], "class": 1}