{"image": "e8d95fb5-2f03-11ee-8a26-d8bbc1768911.jpg", "bboxes": [0.4002256063169769, 0.3057078398195149, 0.9563451776649746, 0.9757586012408347], "class": 1}