{"image": "e8d95fb5-2f03-11ee-8a26-d8bbc1768911.jpg", "bboxes": [0.1535589396503102, 0.035352509870276376, 0.7096785109983079, 0.7054032712915963], "class": 1}