{"image": "e8d95fb5-2f03-11ee-8a26-d8bbc1768911.jpg", "bboxes": [0.12689227298364358, 0.25904117315284814, 0.6830118443316413, 0.929091934574168], "class": 1}