{"image": "e8d95fb5-2f03-11ee-8a26-d8bbc1768911.jpg", "bboxes": [0.18365482233502536, 0.024241398759165266, 0.7397743936830231, 0.6942921601804851], "class": 1}