{"image": "e8d95fb5-2f03-11ee-8a26-d8bbc1768911.jpg", "bboxes": [0.0258770445572476, 0.013130287648054156, 0.5819966159052453, 0.683181049069374], "class": 1}