{"image": "e8d95fb5-2f03-11ee-8a26-d8bbc1768911.jpg", "bboxes": [0.3957811618725324, 0.3012633953750704, 0.9519007332205301, 0.9713141567963903], "class": 1}