{"image": "e8d95fb5-2f03-11ee-8a26-d8bbc1768911.jpg", "bboxes": [0.22809926677946982, 0.04868584320360971, 0.7842188381274675, 0.7187366046249296], "class": 1}