{"image": "e9d20100-2f03-11ee-be58-d8bbc1768911.jpg", "bboxes": [0.13246474901297234, 0.330321489001692, 0.7021206993795827, 0.9845798082346305], "class": 1}