{"image": "e9d20100-2f03-11ee-be58-d8bbc1768911.jpg", "bboxes": [0.12899041173152845, 0.27032148900169206, 0.6986463620981388, 0.9245798082346306], "class": 1}