{"image": "e9d20100-2f03-11ee-be58-d8bbc1768911.jpg", "bboxes": [0.22010152284263956, 0.07542019176536945, 0.7897574732092499, 0.7296785109983079], "class": 1}