{"image": "e9d20100-2f03-11ee-be58-d8bbc1768911.jpg", "bboxes": [0.0, 0.06875352509870278, 0.5542019176536943, 0.7230118443316413], "class": 1}