{"image": "e9d20100-2f03-11ee-be58-d8bbc1768911.jpg", "bboxes": [0.35787930062041734, 0.31476593344613646, 0.9275352509870277, 0.969024252679075], "class": 1}