{"image": "e9d20100-2f03-11ee-be58-d8bbc1768911.jpg", "bboxes": [0.06899041173152846, 0.27476593344613653, 0.6386463620981387, 0.929024252679075], "class": 1}