{"image": "e9d20100-2f03-11ee-be58-d8bbc1768911.jpg", "bboxes": [0.3201015228426396, 0.01319796954314722, 0.8897574732092499, 0.6674562887760858], "class": 1}