{"image": "e9d20100-2f03-11ee-be58-d8bbc1768911.jpg", "bboxes": [0.459131415679639, 0.3125437112239142, 1.0, 0.9668020304568528], "class": 1}