{"image": "e9d20100-2f03-11ee-be58-d8bbc1768911.jpg", "bboxes": [0.2956570783981951, 0.2658770445572476, 0.8653130287648054, 0.9201353637901861], "class": 1}