{"image": "e9d20100-2f03-11ee-be58-d8bbc1768911.jpg", "bboxes": [0.3524647490129723, 0.01319796954314722, 0.9221206993795826, 0.6674562887760858], "class": 1}