{"image": "e9d20100-2f03-11ee-be58-d8bbc1768911.jpg", "bboxes": [0.164545967287084, 0.3236548223350254, 0.7342019176536944, 0.9779131415679639], "class": 1}