{"image": "e9d20100-2f03-11ee-be58-d8bbc1768911.jpg", "bboxes": [0.24899041173152847, 0.07986463620981389, 0.8186463620981388, 0.7341229554427524], "class": 1}