{"image": "e9d20100-2f03-11ee-be58-d8bbc1768911.jpg", "bboxes": [0.0, 0.030975747320925, 0.5542019176536943, 0.6852340665538635], "class": 1}