{"image": "e9d20100-2f03-11ee-be58-d8bbc1768911.jpg", "bboxes": [0.33565707839819514, 0.30809926677946986, 0.9053130287648055, 0.9623575860124083], "class": 1}