{"image": "e9d20100-2f03-11ee-be58-d8bbc1768911.jpg", "bboxes": [0.19024252679075015, 0.028753525098702777, 0.7598984771573605, 0.6830118443316413], "class": 1}