{"image": "e9d20100-2f03-11ee-be58-d8bbc1768911.jpg", "bboxes": [0.1546869712351946, 0.04430908065425833, 0.7243429216018049, 0.6985673998871968], "class": 1}