{"image": "e9d20100-2f03-11ee-be58-d8bbc1768911.jpg", "bboxes": [0.28010152284263956, 0.3058770445572476, 0.8497574732092499, 0.9601353637901862], "class": 1}