{"image": "e9d20100-2f03-11ee-be58-d8bbc1768911.jpg", "bboxes": [0.03343485617597291, 0.28143260011280313, 0.6030908065425832, 0.9356909193457417], "class": 1}