{"image": "e9d20100-2f03-11ee-be58-d8bbc1768911.jpg", "bboxes": [0.03565707839819513, 0.02208685843203611, 0.6053130287648054, 0.6763451776649746], "class": 1}