{"image": "e9d20100-2f03-11ee-be58-d8bbc1768911.jpg", "bboxes": [0.07246474901297228, 0.3169881556683587, 0.6421206993795827, 0.9712464749012972], "class": 1}