{"image": "e9d20100-2f03-11ee-be58-d8bbc1768911.jpg", "bboxes": [0.07343485617597291, 0.330321489001692, 0.6430908065425832, 0.9845798082346305], "class": 1}