{"image": "e9d20100-2f03-11ee-be58-d8bbc1768911.jpg", "bboxes": [0.08357586012408347, 0.019864636209813887, 0.6532318104906938, 0.6741229554427524], "class": 1}