{"image": "e9d20100-2f03-11ee-be58-d8bbc1768911.jpg", "bboxes": [0.19343485617597292, 0.31921037789058093, 0.7630908065425832, 0.9734686971235195], "class": 1}