{"image": "e9d20100-2f03-11ee-be58-d8bbc1768911.jpg", "bboxes": [0.27913141567963895, 0.31921037789058093, 0.8487873660462493, 0.9734686971235195], "class": 1}