{"image": "e9d20100-2f03-11ee-be58-d8bbc1768911.jpg", "bboxes": [0.20135363790186123, 0.32587704455724764, 0.7710095882684715, 0.9801353637901861], "class": 1}