{"image": "e9d20100-2f03-11ee-be58-d8bbc1768911.jpg", "bboxes": [0.18579808234630568, 0.07319796954314722, 0.755454032712916, 0.7274562887760857], "class": 1}