{"image": "e9d20100-2f03-11ee-be58-d8bbc1768911.jpg", "bboxes": [0.3635758601240835, 0.27032148900169206, 0.9332318104906938, 0.9245798082346306], "class": 1}