{"image": "e9d20100-2f03-11ee-be58-d8bbc1768911.jpg", "bboxes": [0.1334348561759729, 0.32587704455724764, 0.7030908065425833, 0.9801353637901861], "class": 1}