{"image": "e9d20100-2f03-11ee-be58-d8bbc1768911.jpg", "bboxes": [0.3213536379018612, 0.07986463620981389, 0.8910095882684715, 0.7341229554427524], "class": 1}