{"image": "e9d20100-2f03-11ee-be58-d8bbc1768911.jpg", "bboxes": [0.3134348561759729, 0.2903214890016921, 0.8830908065425832, 0.9445798082346306], "class": 1}