{"image": "e9d20100-2f03-11ee-be58-d8bbc1768911.jpg", "bboxes": [0.24454596728708403, 0.3169881556683587, 0.8142019176536943, 0.9712464749012972], "class": 1}