{"image": "e9d20100-2f03-11ee-be58-d8bbc1768911.jpg", "bboxes": [0.4324647490129724, 0.024309080654258332, 1.0, 0.6785673998871968], "class": 1}