{"image": "e9d20100-2f03-11ee-be58-d8bbc1768911.jpg", "bboxes": [0.12802030456852787, 0.015420191765369443, 0.6976762549351382, 0.669678510998308], "class": 1}