{"image": "e9d20100-2f03-11ee-be58-d8bbc1768911.jpg", "bboxes": [0.3146869712351945, 0.28809926677946984, 0.8843429216018048, 0.9423575860124084], "class": 1}