{"image": "e9d20100-2f03-11ee-be58-d8bbc1768911.jpg", "bboxes": [0.224545967287084, 0.27032148900169206, 0.7942019176536943, 0.9245798082346306], "class": 1}