{"image": "e9d20100-2f03-11ee-be58-d8bbc1768911.jpg", "bboxes": [0.31787930062041736, 0.048753525098702774, 0.8875352509870277, 0.7030118443316413], "class": 1}