{"image": "e9d20100-2f03-11ee-be58-d8bbc1768911.jpg", "bboxes": [0.3902425267907501, 0.28143260011280313, 0.9598984771573604, 0.9356909193457417], "class": 1}