{"image": "e9d20100-2f03-11ee-be58-d8bbc1768911.jpg", "bboxes": [0.24579808234630562, 0.05542019176536944, 0.8154540327129159, 0.7096785109983079], "class": 1}