{"image": "e9d20100-2f03-11ee-be58-d8bbc1768911.jpg", "bboxes": [0.01787930062041735, 0.070975747320925, 0.5875352509870276, 0.7252340665538635], "class": 1}