{"image": "e9d20100-2f03-11ee-be58-d8bbc1768911.jpg", "bboxes": [0.3969091934574168, 0.06653130287648056, 0.9665651438240271, 0.7207896221094191], "class": 1}