{"image": "e9d20100-2f03-11ee-be58-d8bbc1768911.jpg", "bboxes": [0.2057980823463057, 0.07986463620981389, 0.775454032712916, 0.7341229554427524], "class": 1}