{"image": "e9d20100-2f03-11ee-be58-d8bbc1768911.jpg", "bboxes": [0.2369091934574168, 0.27698815566835866, 0.8065651438240271, 0.9312464749012972], "class": 1}