{"image": "e9d20100-2f03-11ee-be58-d8bbc1768911.jpg", "bboxes": [0.3134348561759729, 0.07319796954314722, 0.8830908065425832, 0.7274562887760857], "class": 1}