{"image": "e9d20100-2f03-11ee-be58-d8bbc1768911.jpg", "bboxes": [0.3080203045685279, 0.03764241398759167, 0.8776762549351382, 0.6919007332205301], "class": 1}