{"image": "e9d20100-2f03-11ee-be58-d8bbc1768911.jpg", "bboxes": [0.08357586012408347, 0.06875352509870278, 0.6532318104906938, 0.7230118443316413], "class": 1}