{"image": "e9d20100-2f03-11ee-be58-d8bbc1768911.jpg", "bboxes": [0.06357586012408345, 0.27698815566835866, 0.6332318104906938, 0.9312464749012972], "class": 1}