{"image": "e9d20100-2f03-11ee-be58-d8bbc1768911.jpg", "bboxes": [0.35468697123519455, 0.32809926677946977, 0.9243429216018049, 0.9823575860124083], "class": 1}