{"image": "e9d20100-2f03-11ee-be58-d8bbc1768911.jpg", "bboxes": [0.20802030456852794, 0.2925437112239143, 0.7776762549351381, 0.9468020304568527], "class": 1}