{"image": "e9d20100-2f03-11ee-be58-d8bbc1768911.jpg", "bboxes": [0.13565707839819513, 0.29476593344613644, 0.7053130287648054, 0.949024252679075], "class": 1}