{"image": "e9d20100-2f03-11ee-be58-d8bbc1768911.jpg", "bboxes": [0.3946869712351946, 0.07986463620981389, 0.9643429216018049, 0.7341229554427524], "class": 1}