{"image": "e9d20100-2f03-11ee-be58-d8bbc1768911.jpg", "bboxes": [0.3057980823463057, 0.32809926677946977, 0.875454032712916, 0.9823575860124083], "class": 1}