{"image": "e9d20100-2f03-11ee-be58-d8bbc1768911.jpg", "bboxes": [0.14454596728708402, 0.06653130287648056, 0.7142019176536943, 0.7207896221094191], "class": 1}