{"image": "e9d20100-2f03-11ee-be58-d8bbc1768911.jpg", "bboxes": [0.10676818950930624, 0.2992103778905809, 0.6764241398759165, 0.9534686971235194], "class": 1}