{"image": "e9d20100-2f03-11ee-be58-d8bbc1768911.jpg", "bboxes": [0.219131415679639, 0.05319796954314722, 0.7887873660462493, 0.7074562887760857], "class": 1}