{"image": "e9d20100-2f03-11ee-be58-d8bbc1768911.jpg", "bboxes": [0.12135363790186127, 0.06430908065425833, 0.6910095882684715, 0.7185673998871969], "class": 1}