{"image": "e9d20100-2f03-11ee-be58-d8bbc1768911.jpg", "bboxes": [0.022323745064861795, 0.32587704455724764, 0.5919796954314721, 0.9801353637901861], "class": 1}